19:19:26.896 [main] INFO  testClasses.TC002_LoginTest.testLogin(TC002_LoginTest.java:16)oggger - *****TC002_LoginTest execution started*******
19:19:36.622 [main] INFO  testClasses.TC002_LoginTest.testLogin(TC002_LoginTest.java:29)oggger - ******Validation*******
19:19:36.681 [main] INFO  testClasses.TC002_LoginTest.testLogin(TC002_LoginTest.java:41)oggger - ****Testing TC002_LoginTest completed *******
07:02:27.497 [main] DEBUG org.testng.log4testng.Logger.debug(Logger.java:82)oggger - suiteXmlPath: "C:\Users\VedaB\eclipse-workspace\OpenCartV121\master.xml"
07:02:28.477 [main] INFO  org.testng.log4testng.Logger.info(Logger.java:112)oggger - [TestNG] Running:
  C:\Users\VedaB\eclipse-workspace\OpenCartV121\master.xml

07:02:51.383 [main] DEBUG org.testng.log4testng.Logger.debug(Logger.java:82)oggger - suiteXmlPath: "C:\Users\VedaB\eclipse-workspace\OpenCartV121\master.xml"
07:02:52.167 [main] INFO  org.testng.log4testng.Logger.info(Logger.java:112)oggger - [TestNG] Running:
  C:\Users\VedaB\eclipse-workspace\OpenCartV121\master.xml

07:03:36.433 [main] DEBUG org.testng.log4testng.Logger.debug(Logger.java:82)oggger - suiteXmlPath: "C:\Users\VedaB\eclipse-workspace\OpenCartV121\master.xml"
07:03:37.243 [main] INFO  org.testng.log4testng.Logger.info(Logger.java:112)oggger - [TestNG] Running:
  C:\Users\VedaB\eclipse-workspace\OpenCartV121\master.xml

07:03:41.620 [main] DEBUG org.apache.poi.openxml4j.opc.PackageRelationshipCollection.parseRelationshipsPart(PackageRelationshipCollection.java:307)oggger - Parsing relationship: /xl/_rels/workbook.xml.rels
07:03:41.625 [main] DEBUG org.apache.poi.openxml4j.opc.PackageRelationshipCollection.parseRelationshipsPart(PackageRelationshipCollection.java:307)oggger - Parsing relationship: /xl/worksheets/_rels/sheet1.xml.rels
07:03:41.630 [main] DEBUG org.apache.poi.openxml4j.opc.PackageRelationshipCollection.parseRelationshipsPart(PackageRelationshipCollection.java:307)oggger - Parsing relationship: /xl/worksheets/_rels/sheet2.xml.rels
07:03:41.630 [main] DEBUG org.apache.poi.openxml4j.opc.PackageRelationshipCollection.parseRelationshipsPart(PackageRelationshipCollection.java:307)oggger - Parsing relationship: /_rels/.rels
07:03:42.668 [main] DEBUG org.apache.poi.openxml4j.opc.PackageRelationshipCollection.parseRelationshipsPart(PackageRelationshipCollection.java:307)oggger - Parsing relationship: /xl/_rels/workbook.xml.rels
07:03:42.670 [main] DEBUG org.apache.poi.openxml4j.opc.PackageRelationshipCollection.parseRelationshipsPart(PackageRelationshipCollection.java:307)oggger - Parsing relationship: /xl/worksheets/_rels/sheet1.xml.rels
07:03:42.672 [main] DEBUG org.apache.poi.openxml4j.opc.PackageRelationshipCollection.parseRelationshipsPart(PackageRelationshipCollection.java:307)oggger - Parsing relationship: /xl/worksheets/_rels/sheet2.xml.rels
07:03:42.672 [main] DEBUG org.apache.poi.openxml4j.opc.PackageRelationshipCollection.parseRelationshipsPart(PackageRelationshipCollection.java:307)oggger - Parsing relationship: /_rels/.rels
07:03:42.745 [main] DEBUG org.apache.poi.openxml4j.opc.PackageRelationshipCollection.parseRelationshipsPart(PackageRelationshipCollection.java:307)oggger - Parsing relationship: /xl/_rels/workbook.xml.rels
07:03:42.747 [main] DEBUG org.apache.poi.openxml4j.opc.PackageRelationshipCollection.parseRelationshipsPart(PackageRelationshipCollection.java:307)oggger - Parsing relationship: /xl/worksheets/_rels/sheet1.xml.rels
07:03:42.747 [main] DEBUG org.apache.poi.openxml4j.opc.PackageRelationshipCollection.parseRelationshipsPart(PackageRelationshipCollection.java:307)oggger - Parsing relationship: /xl/worksheets/_rels/sheet2.xml.rels
07:03:42.749 [main] DEBUG org.apache.poi.openxml4j.opc.PackageRelationshipCollection.parseRelationshipsPart(PackageRelationshipCollection.java:307)oggger - Parsing relationship: /_rels/.rels
07:05:28.843 [main] DEBUG org.testng.log4testng.Logger.debug(Logger.java:82)oggger - suiteXmlPath: "C:\Users\VedaB\eclipse-workspace\OpenCartV121\master.xml"
07:05:29.614 [main] INFO  org.testng.log4testng.Logger.info(Logger.java:112)oggger - [TestNG] Running:
  C:\Users\VedaB\eclipse-workspace\OpenCartV121\master.xml

07:05:34.165 [main] DEBUG org.apache.poi.openxml4j.opc.PackageRelationshipCollection.parseRelationshipsPart(PackageRelationshipCollection.java:307)oggger - Parsing relationship: /xl/_rels/workbook.xml.rels
07:05:34.170 [main] DEBUG org.apache.poi.openxml4j.opc.PackageRelationshipCollection.parseRelationshipsPart(PackageRelationshipCollection.java:307)oggger - Parsing relationship: /xl/worksheets/_rels/sheet1.xml.rels
07:05:34.172 [main] DEBUG org.apache.poi.openxml4j.opc.PackageRelationshipCollection.parseRelationshipsPart(PackageRelationshipCollection.java:307)oggger - Parsing relationship: /xl/worksheets/_rels/sheet2.xml.rels
07:05:34.173 [main] DEBUG org.apache.poi.openxml4j.opc.PackageRelationshipCollection.parseRelationshipsPart(PackageRelationshipCollection.java:307)oggger - Parsing relationship: /_rels/.rels
07:05:35.129 [main] DEBUG org.apache.poi.openxml4j.opc.PackageRelationshipCollection.parseRelationshipsPart(PackageRelationshipCollection.java:307)oggger - Parsing relationship: /xl/_rels/workbook.xml.rels
07:05:35.131 [main] DEBUG org.apache.poi.openxml4j.opc.PackageRelationshipCollection.parseRelationshipsPart(PackageRelationshipCollection.java:307)oggger - Parsing relationship: /xl/worksheets/_rels/sheet1.xml.rels
07:05:35.133 [main] DEBUG org.apache.poi.openxml4j.opc.PackageRelationshipCollection.parseRelationshipsPart(PackageRelationshipCollection.java:307)oggger - Parsing relationship: /xl/worksheets/_rels/sheet2.xml.rels
07:05:35.133 [main] DEBUG org.apache.poi.openxml4j.opc.PackageRelationshipCollection.parseRelationshipsPart(PackageRelationshipCollection.java:307)oggger - Parsing relationship: /_rels/.rels
07:05:35.235 [main] DEBUG org.apache.poi.openxml4j.opc.PackageRelationshipCollection.parseRelationshipsPart(PackageRelationshipCollection.java:307)oggger - Parsing relationship: /xl/_rels/workbook.xml.rels
07:05:35.243 [main] DEBUG org.apache.poi.openxml4j.opc.PackageRelationshipCollection.parseRelationshipsPart(PackageRelationshipCollection.java:307)oggger - Parsing relationship: /xl/worksheets/_rels/sheet1.xml.rels
07:05:35.244 [main] DEBUG org.apache.poi.openxml4j.opc.PackageRelationshipCollection.parseRelationshipsPart(PackageRelationshipCollection.java:307)oggger - Parsing relationship: /xl/worksheets/_rels/sheet2.xml.rels
07:05:35.246 [main] DEBUG org.apache.poi.openxml4j.opc.PackageRelationshipCollection.parseRelationshipsPart(PackageRelationshipCollection.java:307)oggger - Parsing relationship: /_rels/.rels
07:05:35.327 [main] DEBUG org.apache.poi.openxml4j.opc.PackageRelationshipCollection.parseRelationshipsPart(PackageRelationshipCollection.java:307)oggger - Parsing relationship: /xl/_rels/workbook.xml.rels
07:05:35.328 [main] DEBUG org.apache.poi.openxml4j.opc.PackageRelationshipCollection.parseRelationshipsPart(PackageRelationshipCollection.java:307)oggger - Parsing relationship: /xl/worksheets/_rels/sheet1.xml.rels
07:05:35.330 [main] DEBUG org.apache.poi.openxml4j.opc.PackageRelationshipCollection.parseRelationshipsPart(PackageRelationshipCollection.java:307)oggger - Parsing relationship: /xl/worksheets/_rels/sheet2.xml.rels
07:05:35.331 [main] DEBUG org.apache.poi.openxml4j.opc.PackageRelationshipCollection.parseRelationshipsPart(PackageRelationshipCollection.java:307)oggger - Parsing relationship: /_rels/.rels
07:05:35.372 [main] DEBUG org.apache.poi.openxml4j.opc.PackageRelationshipCollection.parseRelationshipsPart(PackageRelationshipCollection.java:307)oggger - Parsing relationship: /xl/_rels/workbook.xml.rels
07:05:35.372 [main] DEBUG org.apache.poi.openxml4j.opc.PackageRelationshipCollection.parseRelationshipsPart(PackageRelationshipCollection.java:307)oggger - Parsing relationship: /xl/worksheets/_rels/sheet1.xml.rels
07:05:35.374 [main] DEBUG org.apache.poi.openxml4j.opc.PackageRelationshipCollection.parseRelationshipsPart(PackageRelationshipCollection.java:307)oggger - Parsing relationship: /xl/worksheets/_rels/sheet2.xml.rels
07:05:35.374 [main] DEBUG org.apache.poi.openxml4j.opc.PackageRelationshipCollection.parseRelationshipsPart(PackageRelationshipCollection.java:307)oggger - Parsing relationship: /_rels/.rels
07:05:35.421 [main] DEBUG org.apache.poi.openxml4j.opc.PackageRelationshipCollection.parseRelationshipsPart(PackageRelationshipCollection.java:307)oggger - Parsing relationship: /xl/_rels/workbook.xml.rels
07:05:35.421 [main] DEBUG org.apache.poi.openxml4j.opc.PackageRelationshipCollection.parseRelationshipsPart(PackageRelationshipCollection.java:307)oggger - Parsing relationship: /xl/worksheets/_rels/sheet1.xml.rels
07:05:35.423 [main] DEBUG org.apache.poi.openxml4j.opc.PackageRelationshipCollection.parseRelationshipsPart(PackageRelationshipCollection.java:307)oggger - Parsing relationship: /xl/worksheets/_rels/sheet2.xml.rels
07:05:35.427 [main] DEBUG org.apache.poi.openxml4j.opc.PackageRelationshipCollection.parseRelationshipsPart(PackageRelationshipCollection.java:307)oggger - Parsing relationship: /_rels/.rels
07:05:35.463 [main] DEBUG org.apache.poi.openxml4j.opc.PackageRelationshipCollection.parseRelationshipsPart(PackageRelationshipCollection.java:307)oggger - Parsing relationship: /xl/_rels/workbook.xml.rels
07:05:35.463 [main] DEBUG org.apache.poi.openxml4j.opc.PackageRelationshipCollection.parseRelationshipsPart(PackageRelationshipCollection.java:307)oggger - Parsing relationship: /xl/worksheets/_rels/sheet1.xml.rels
07:05:35.466 [main] DEBUG org.apache.poi.openxml4j.opc.PackageRelationshipCollection.parseRelationshipsPart(PackageRelationshipCollection.java:307)oggger - Parsing relationship: /xl/worksheets/_rels/sheet2.xml.rels
07:05:35.466 [main] DEBUG org.apache.poi.openxml4j.opc.PackageRelationshipCollection.parseRelationshipsPart(PackageRelationshipCollection.java:307)oggger - Parsing relationship: /_rels/.rels
07:05:35.497 [main] DEBUG org.apache.poi.openxml4j.opc.PackageRelationshipCollection.parseRelationshipsPart(PackageRelationshipCollection.java:307)oggger - Parsing relationship: /xl/_rels/workbook.xml.rels
07:05:35.497 [main] DEBUG org.apache.poi.openxml4j.opc.PackageRelationshipCollection.parseRelationshipsPart(PackageRelationshipCollection.java:307)oggger - Parsing relationship: /xl/worksheets/_rels/sheet1.xml.rels
07:05:35.499 [main] DEBUG org.apache.poi.openxml4j.opc.PackageRelationshipCollection.parseRelationshipsPart(PackageRelationshipCollection.java:307)oggger - Parsing relationship: /xl/worksheets/_rels/sheet2.xml.rels
07:05:35.499 [main] DEBUG org.apache.poi.openxml4j.opc.PackageRelationshipCollection.parseRelationshipsPart(PackageRelationshipCollection.java:307)oggger - Parsing relationship: /_rels/.rels
07:05:35.533 [main] DEBUG org.apache.poi.openxml4j.opc.PackageRelationshipCollection.parseRelationshipsPart(PackageRelationshipCollection.java:307)oggger - Parsing relationship: /xl/_rels/workbook.xml.rels
07:05:35.535 [main] DEBUG org.apache.poi.openxml4j.opc.PackageRelationshipCollection.parseRelationshipsPart(PackageRelationshipCollection.java:307)oggger - Parsing relationship: /xl/worksheets/_rels/sheet1.xml.rels
07:05:35.535 [main] DEBUG org.apache.poi.openxml4j.opc.PackageRelationshipCollection.parseRelationshipsPart(PackageRelationshipCollection.java:307)oggger - Parsing relationship: /xl/worksheets/_rels/sheet2.xml.rels
07:05:35.535 [main] DEBUG org.apache.poi.openxml4j.opc.PackageRelationshipCollection.parseRelationshipsPart(PackageRelationshipCollection.java:307)oggger - Parsing relationship: /_rels/.rels
07:05:35.559 [main] DEBUG org.apache.poi.openxml4j.opc.PackageRelationshipCollection.parseRelationshipsPart(PackageRelationshipCollection.java:307)oggger - Parsing relationship: /xl/_rels/workbook.xml.rels
07:05:35.560 [main] DEBUG org.apache.poi.openxml4j.opc.PackageRelationshipCollection.parseRelationshipsPart(PackageRelationshipCollection.java:307)oggger - Parsing relationship: /xl/worksheets/_rels/sheet1.xml.rels
07:05:35.560 [main] DEBUG org.apache.poi.openxml4j.opc.PackageRelationshipCollection.parseRelationshipsPart(PackageRelationshipCollection.java:307)oggger - Parsing relationship: /xl/worksheets/_rels/sheet2.xml.rels
07:05:35.561 [main] DEBUG org.apache.poi.openxml4j.opc.PackageRelationshipCollection.parseRelationshipsPart(PackageRelationshipCollection.java:307)oggger - Parsing relationship: /_rels/.rels
07:05:35.582 [main] DEBUG org.apache.poi.openxml4j.opc.PackageRelationshipCollection.parseRelationshipsPart(PackageRelationshipCollection.java:307)oggger - Parsing relationship: /xl/_rels/workbook.xml.rels
07:05:35.583 [main] DEBUG org.apache.poi.openxml4j.opc.PackageRelationshipCollection.parseRelationshipsPart(PackageRelationshipCollection.java:307)oggger - Parsing relationship: /xl/worksheets/_rels/sheet1.xml.rels
07:05:35.584 [main] DEBUG org.apache.poi.openxml4j.opc.PackageRelationshipCollection.parseRelationshipsPart(PackageRelationshipCollection.java:307)oggger - Parsing relationship: /xl/worksheets/_rels/sheet2.xml.rels
07:05:35.585 [main] DEBUG org.apache.poi.openxml4j.opc.PackageRelationshipCollection.parseRelationshipsPart(PackageRelationshipCollection.java:307)oggger - Parsing relationship: /_rels/.rels
07:05:35.606 [main] DEBUG org.apache.poi.openxml4j.opc.PackageRelationshipCollection.parseRelationshipsPart(PackageRelationshipCollection.java:307)oggger - Parsing relationship: /xl/_rels/workbook.xml.rels
07:05:35.607 [main] DEBUG org.apache.poi.openxml4j.opc.PackageRelationshipCollection.parseRelationshipsPart(PackageRelationshipCollection.java:307)oggger - Parsing relationship: /xl/worksheets/_rels/sheet1.xml.rels
07:05:35.608 [main] DEBUG org.apache.poi.openxml4j.opc.PackageRelationshipCollection.parseRelationshipsPart(PackageRelationshipCollection.java:307)oggger - Parsing relationship: /xl/worksheets/_rels/sheet2.xml.rels
07:05:35.608 [main] DEBUG org.apache.poi.openxml4j.opc.PackageRelationshipCollection.parseRelationshipsPart(PackageRelationshipCollection.java:307)oggger - Parsing relationship: /_rels/.rels
07:05:35.628 [main] DEBUG org.apache.poi.openxml4j.opc.PackageRelationshipCollection.parseRelationshipsPart(PackageRelationshipCollection.java:307)oggger - Parsing relationship: /xl/_rels/workbook.xml.rels
07:05:35.629 [main] DEBUG org.apache.poi.openxml4j.opc.PackageRelationshipCollection.parseRelationshipsPart(PackageRelationshipCollection.java:307)oggger - Parsing relationship: /xl/worksheets/_rels/sheet1.xml.rels
07:05:35.630 [main] DEBUG org.apache.poi.openxml4j.opc.PackageRelationshipCollection.parseRelationshipsPart(PackageRelationshipCollection.java:307)oggger - Parsing relationship: /xl/worksheets/_rels/sheet2.xml.rels
07:05:35.631 [main] DEBUG org.apache.poi.openxml4j.opc.PackageRelationshipCollection.parseRelationshipsPart(PackageRelationshipCollection.java:307)oggger - Parsing relationship: /_rels/.rels
07:05:35.651 [main] DEBUG org.apache.poi.openxml4j.opc.PackageRelationshipCollection.parseRelationshipsPart(PackageRelationshipCollection.java:307)oggger - Parsing relationship: /xl/_rels/workbook.xml.rels
07:05:35.652 [main] DEBUG org.apache.poi.openxml4j.opc.PackageRelationshipCollection.parseRelationshipsPart(PackageRelationshipCollection.java:307)oggger - Parsing relationship: /xl/worksheets/_rels/sheet1.xml.rels
07:05:35.653 [main] DEBUG org.apache.poi.openxml4j.opc.PackageRelationshipCollection.parseRelationshipsPart(PackageRelationshipCollection.java:307)oggger - Parsing relationship: /xl/worksheets/_rels/sheet2.xml.rels
07:05:35.653 [main] DEBUG org.apache.poi.openxml4j.opc.PackageRelationshipCollection.parseRelationshipsPart(PackageRelationshipCollection.java:307)oggger - Parsing relationship: /_rels/.rels
07:05:35.672 [main] DEBUG org.apache.poi.openxml4j.opc.PackageRelationshipCollection.parseRelationshipsPart(PackageRelationshipCollection.java:307)oggger - Parsing relationship: /xl/_rels/workbook.xml.rels
07:05:35.672 [main] DEBUG org.apache.poi.openxml4j.opc.PackageRelationshipCollection.parseRelationshipsPart(PackageRelationshipCollection.java:307)oggger - Parsing relationship: /xl/worksheets/_rels/sheet1.xml.rels
07:05:35.672 [main] DEBUG org.apache.poi.openxml4j.opc.PackageRelationshipCollection.parseRelationshipsPart(PackageRelationshipCollection.java:307)oggger - Parsing relationship: /xl/worksheets/_rels/sheet2.xml.rels
07:05:35.674 [main] DEBUG org.apache.poi.openxml4j.opc.PackageRelationshipCollection.parseRelationshipsPart(PackageRelationshipCollection.java:307)oggger - Parsing relationship: /_rels/.rels
07:05:35.694 [main] DEBUG org.apache.poi.openxml4j.opc.PackageRelationshipCollection.parseRelationshipsPart(PackageRelationshipCollection.java:307)oggger - Parsing relationship: /xl/_rels/workbook.xml.rels
07:05:35.696 [main] DEBUG org.apache.poi.openxml4j.opc.PackageRelationshipCollection.parseRelationshipsPart(PackageRelationshipCollection.java:307)oggger - Parsing relationship: /xl/worksheets/_rels/sheet1.xml.rels
07:05:35.696 [main] DEBUG org.apache.poi.openxml4j.opc.PackageRelationshipCollection.parseRelationshipsPart(PackageRelationshipCollection.java:307)oggger - Parsing relationship: /xl/worksheets/_rels/sheet2.xml.rels
07:05:35.696 [main] DEBUG org.apache.poi.openxml4j.opc.PackageRelationshipCollection.parseRelationshipsPart(PackageRelationshipCollection.java:307)oggger - Parsing relationship: /_rels/.rels
07:05:35.723 [main] DEBUG org.apache.poi.openxml4j.opc.PackageRelationshipCollection.parseRelationshipsPart(PackageRelationshipCollection.java:307)oggger - Parsing relationship: /xl/_rels/workbook.xml.rels
07:05:35.723 [main] DEBUG org.apache.poi.openxml4j.opc.PackageRelationshipCollection.parseRelationshipsPart(PackageRelationshipCollection.java:307)oggger - Parsing relationship: /xl/worksheets/_rels/sheet1.xml.rels
07:05:35.725 [main] DEBUG org.apache.poi.openxml4j.opc.PackageRelationshipCollection.parseRelationshipsPart(PackageRelationshipCollection.java:307)oggger - Parsing relationship: /xl/worksheets/_rels/sheet2.xml.rels
07:05:35.725 [main] DEBUG org.apache.poi.openxml4j.opc.PackageRelationshipCollection.parseRelationshipsPart(PackageRelationshipCollection.java:307)oggger - Parsing relationship: /_rels/.rels
07:05:35.745 [main] DEBUG org.apache.poi.openxml4j.opc.PackageRelationshipCollection.parseRelationshipsPart(PackageRelationshipCollection.java:307)oggger - Parsing relationship: /xl/_rels/workbook.xml.rels
07:05:35.747 [main] DEBUG org.apache.poi.openxml4j.opc.PackageRelationshipCollection.parseRelationshipsPart(PackageRelationshipCollection.java:307)oggger - Parsing relationship: /xl/worksheets/_rels/sheet1.xml.rels
07:05:35.747 [main] DEBUG org.apache.poi.openxml4j.opc.PackageRelationshipCollection.parseRelationshipsPart(PackageRelationshipCollection.java:307)oggger - Parsing relationship: /xl/worksheets/_rels/sheet2.xml.rels
07:05:35.747 [main] DEBUG org.apache.poi.openxml4j.opc.PackageRelationshipCollection.parseRelationshipsPart(PackageRelationshipCollection.java:307)oggger - Parsing relationship: /_rels/.rels
07:05:35.765 [main] DEBUG org.apache.poi.openxml4j.opc.PackageRelationshipCollection.parseRelationshipsPart(PackageRelationshipCollection.java:307)oggger - Parsing relationship: /xl/_rels/workbook.xml.rels
07:05:35.767 [main] DEBUG org.apache.poi.openxml4j.opc.PackageRelationshipCollection.parseRelationshipsPart(PackageRelationshipCollection.java:307)oggger - Parsing relationship: /xl/worksheets/_rels/sheet1.xml.rels
07:05:35.767 [main] DEBUG org.apache.poi.openxml4j.opc.PackageRelationshipCollection.parseRelationshipsPart(PackageRelationshipCollection.java:307)oggger - Parsing relationship: /xl/worksheets/_rels/sheet2.xml.rels
07:05:35.769 [main] DEBUG org.apache.poi.openxml4j.opc.PackageRelationshipCollection.parseRelationshipsPart(PackageRelationshipCollection.java:307)oggger - Parsing relationship: /_rels/.rels
07:05:35.787 [main] DEBUG org.apache.poi.openxml4j.opc.PackageRelationshipCollection.parseRelationshipsPart(PackageRelationshipCollection.java:307)oggger - Parsing relationship: /xl/_rels/workbook.xml.rels
07:05:35.788 [main] DEBUG org.apache.poi.openxml4j.opc.PackageRelationshipCollection.parseRelationshipsPart(PackageRelationshipCollection.java:307)oggger - Parsing relationship: /xl/worksheets/_rels/sheet1.xml.rels
07:05:35.790 [main] DEBUG org.apache.poi.openxml4j.opc.PackageRelationshipCollection.parseRelationshipsPart(PackageRelationshipCollection.java:307)oggger - Parsing relationship: /xl/worksheets/_rels/sheet2.xml.rels
07:05:35.790 [main] DEBUG org.apache.poi.openxml4j.opc.PackageRelationshipCollection.parseRelationshipsPart(PackageRelationshipCollection.java:307)oggger - Parsing relationship: /_rels/.rels
07:05:35.816 [main] DEBUG org.apache.poi.openxml4j.opc.PackageRelationshipCollection.parseRelationshipsPart(PackageRelationshipCollection.java:307)oggger - Parsing relationship: /xl/_rels/workbook.xml.rels
07:05:35.818 [main] DEBUG org.apache.poi.openxml4j.opc.PackageRelationshipCollection.parseRelationshipsPart(PackageRelationshipCollection.java:307)oggger - Parsing relationship: /xl/worksheets/_rels/sheet1.xml.rels
07:05:35.820 [main] DEBUG org.apache.poi.openxml4j.opc.PackageRelationshipCollection.parseRelationshipsPart(PackageRelationshipCollection.java:307)oggger - Parsing relationship: /xl/worksheets/_rels/sheet2.xml.rels
07:05:35.822 [main] DEBUG org.apache.poi.openxml4j.opc.PackageRelationshipCollection.parseRelationshipsPart(PackageRelationshipCollection.java:307)oggger - Parsing relationship: /_rels/.rels
07:05:35.860 [main] DEBUG org.apache.poi.openxml4j.opc.PackageRelationshipCollection.parseRelationshipsPart(PackageRelationshipCollection.java:307)oggger - Parsing relationship: /xl/_rels/workbook.xml.rels
07:05:35.860 [main] DEBUG org.apache.poi.openxml4j.opc.PackageRelationshipCollection.parseRelationshipsPart(PackageRelationshipCollection.java:307)oggger - Parsing relationship: /xl/worksheets/_rels/sheet1.xml.rels
07:05:35.862 [main] DEBUG org.apache.poi.openxml4j.opc.PackageRelationshipCollection.parseRelationshipsPart(PackageRelationshipCollection.java:307)oggger - Parsing relationship: /xl/worksheets/_rels/sheet2.xml.rels
07:05:35.864 [main] DEBUG org.apache.poi.openxml4j.opc.PackageRelationshipCollection.parseRelationshipsPart(PackageRelationshipCollection.java:307)oggger - Parsing relationship: /_rels/.rels
07:05:35.890 [main] DEBUG org.apache.poi.openxml4j.opc.PackageRelationshipCollection.parseRelationshipsPart(PackageRelationshipCollection.java:307)oggger - Parsing relationship: /xl/_rels/workbook.xml.rels
07:05:35.890 [main] DEBUG org.apache.poi.openxml4j.opc.PackageRelationshipCollection.parseRelationshipsPart(PackageRelationshipCollection.java:307)oggger - Parsing relationship: /xl/worksheets/_rels/sheet1.xml.rels
07:05:35.892 [main] DEBUG org.apache.poi.openxml4j.opc.PackageRelationshipCollection.parseRelationshipsPart(PackageRelationshipCollection.java:307)oggger - Parsing relationship: /xl/worksheets/_rels/sheet2.xml.rels
07:05:35.892 [main] DEBUG org.apache.poi.openxml4j.opc.PackageRelationshipCollection.parseRelationshipsPart(PackageRelationshipCollection.java:307)oggger - Parsing relationship: /_rels/.rels
07:05:35.915 [main] DEBUG org.apache.poi.openxml4j.opc.PackageRelationshipCollection.parseRelationshipsPart(PackageRelationshipCollection.java:307)oggger - Parsing relationship: /xl/_rels/workbook.xml.rels
07:05:35.915 [main] DEBUG org.apache.poi.openxml4j.opc.PackageRelationshipCollection.parseRelationshipsPart(PackageRelationshipCollection.java:307)oggger - Parsing relationship: /xl/worksheets/_rels/sheet1.xml.rels
07:05:35.917 [main] DEBUG org.apache.poi.openxml4j.opc.PackageRelationshipCollection.parseRelationshipsPart(PackageRelationshipCollection.java:307)oggger - Parsing relationship: /xl/worksheets/_rels/sheet2.xml.rels
07:05:35.917 [main] DEBUG org.apache.poi.openxml4j.opc.PackageRelationshipCollection.parseRelationshipsPart(PackageRelationshipCollection.java:307)oggger - Parsing relationship: /_rels/.rels
07:05:35.937 [main] DEBUG org.apache.poi.openxml4j.opc.PackageRelationshipCollection.parseRelationshipsPart(PackageRelationshipCollection.java:307)oggger - Parsing relationship: /xl/_rels/workbook.xml.rels
07:05:35.939 [main] DEBUG org.apache.poi.openxml4j.opc.PackageRelationshipCollection.parseRelationshipsPart(PackageRelationshipCollection.java:307)oggger - Parsing relationship: /xl/worksheets/_rels/sheet1.xml.rels
07:05:35.939 [main] DEBUG org.apache.poi.openxml4j.opc.PackageRelationshipCollection.parseRelationshipsPart(PackageRelationshipCollection.java:307)oggger - Parsing relationship: /xl/worksheets/_rels/sheet2.xml.rels
07:05:35.939 [main] DEBUG org.apache.poi.openxml4j.opc.PackageRelationshipCollection.parseRelationshipsPart(PackageRelationshipCollection.java:307)oggger - Parsing relationship: /_rels/.rels
07:05:35.964 [main] DEBUG org.apache.poi.openxml4j.opc.PackageRelationshipCollection.parseRelationshipsPart(PackageRelationshipCollection.java:307)oggger - Parsing relationship: /xl/_rels/workbook.xml.rels
07:05:35.967 [main] DEBUG org.apache.poi.openxml4j.opc.PackageRelationshipCollection.parseRelationshipsPart(PackageRelationshipCollection.java:307)oggger - Parsing relationship: /xl/worksheets/_rels/sheet1.xml.rels
07:05:35.969 [main] DEBUG org.apache.poi.openxml4j.opc.PackageRelationshipCollection.parseRelationshipsPart(PackageRelationshipCollection.java:307)oggger - Parsing relationship: /xl/worksheets/_rels/sheet2.xml.rels
07:05:35.971 [main] DEBUG org.apache.poi.openxml4j.opc.PackageRelationshipCollection.parseRelationshipsPart(PackageRelationshipCollection.java:307)oggger - Parsing relationship: /_rels/.rels
07:05:35.992 [main] DEBUG org.apache.poi.openxml4j.opc.PackageRelationshipCollection.parseRelationshipsPart(PackageRelationshipCollection.java:307)oggger - Parsing relationship: /xl/_rels/workbook.xml.rels
07:05:35.994 [main] DEBUG org.apache.poi.openxml4j.opc.PackageRelationshipCollection.parseRelationshipsPart(PackageRelationshipCollection.java:307)oggger - Parsing relationship: /xl/worksheets/_rels/sheet1.xml.rels
07:05:35.994 [main] DEBUG org.apache.poi.openxml4j.opc.PackageRelationshipCollection.parseRelationshipsPart(PackageRelationshipCollection.java:307)oggger - Parsing relationship: /xl/worksheets/_rels/sheet2.xml.rels
07:05:35.994 [main] DEBUG org.apache.poi.openxml4j.opc.PackageRelationshipCollection.parseRelationshipsPart(PackageRelationshipCollection.java:307)oggger - Parsing relationship: /_rels/.rels
07:05:36.016 [main] DEBUG org.apache.poi.openxml4j.opc.PackageRelationshipCollection.parseRelationshipsPart(PackageRelationshipCollection.java:307)oggger - Parsing relationship: /xl/_rels/workbook.xml.rels
07:05:36.016 [main] DEBUG org.apache.poi.openxml4j.opc.PackageRelationshipCollection.parseRelationshipsPart(PackageRelationshipCollection.java:307)oggger - Parsing relationship: /xl/worksheets/_rels/sheet1.xml.rels
07:05:36.016 [main] DEBUG org.apache.poi.openxml4j.opc.PackageRelationshipCollection.parseRelationshipsPart(PackageRelationshipCollection.java:307)oggger - Parsing relationship: /xl/worksheets/_rels/sheet2.xml.rels
07:05:36.018 [main] DEBUG org.apache.poi.openxml4j.opc.PackageRelationshipCollection.parseRelationshipsPart(PackageRelationshipCollection.java:307)oggger - Parsing relationship: /_rels/.rels
07:05:36.035 [main] DEBUG org.apache.poi.openxml4j.opc.PackageRelationshipCollection.parseRelationshipsPart(PackageRelationshipCollection.java:307)oggger - Parsing relationship: /xl/_rels/workbook.xml.rels
07:05:36.035 [main] DEBUG org.apache.poi.openxml4j.opc.PackageRelationshipCollection.parseRelationshipsPart(PackageRelationshipCollection.java:307)oggger - Parsing relationship: /xl/worksheets/_rels/sheet1.xml.rels
07:05:36.037 [main] DEBUG org.apache.poi.openxml4j.opc.PackageRelationshipCollection.parseRelationshipsPart(PackageRelationshipCollection.java:307)oggger - Parsing relationship: /xl/worksheets/_rels/sheet2.xml.rels
07:05:36.037 [main] DEBUG org.apache.poi.openxml4j.opc.PackageRelationshipCollection.parseRelationshipsPart(PackageRelationshipCollection.java:307)oggger - Parsing relationship: /_rels/.rels
07:05:36.053 [main] DEBUG org.apache.poi.openxml4j.opc.PackageRelationshipCollection.parseRelationshipsPart(PackageRelationshipCollection.java:307)oggger - Parsing relationship: /xl/_rels/workbook.xml.rels
07:05:36.053 [main] DEBUG org.apache.poi.openxml4j.opc.PackageRelationshipCollection.parseRelationshipsPart(PackageRelationshipCollection.java:307)oggger - Parsing relationship: /xl/worksheets/_rels/sheet1.xml.rels
07:05:36.055 [main] DEBUG org.apache.poi.openxml4j.opc.PackageRelationshipCollection.parseRelationshipsPart(PackageRelationshipCollection.java:307)oggger - Parsing relationship: /xl/worksheets/_rels/sheet2.xml.rels
07:05:36.055 [main] DEBUG org.apache.poi.openxml4j.opc.PackageRelationshipCollection.parseRelationshipsPart(PackageRelationshipCollection.java:307)oggger - Parsing relationship: /_rels/.rels
07:05:36.073 [main] DEBUG org.apache.poi.openxml4j.opc.PackageRelationshipCollection.parseRelationshipsPart(PackageRelationshipCollection.java:307)oggger - Parsing relationship: /xl/_rels/workbook.xml.rels
07:05:36.073 [main] DEBUG org.apache.poi.openxml4j.opc.PackageRelationshipCollection.parseRelationshipsPart(PackageRelationshipCollection.java:307)oggger - Parsing relationship: /xl/worksheets/_rels/sheet1.xml.rels
07:05:36.073 [main] DEBUG org.apache.poi.openxml4j.opc.PackageRelationshipCollection.parseRelationshipsPart(PackageRelationshipCollection.java:307)oggger - Parsing relationship: /xl/worksheets/_rels/sheet2.xml.rels
07:05:36.075 [main] DEBUG org.apache.poi.openxml4j.opc.PackageRelationshipCollection.parseRelationshipsPart(PackageRelationshipCollection.java:307)oggger - Parsing relationship: /_rels/.rels
07:05:36.089 [main] DEBUG org.apache.poi.openxml4j.opc.PackageRelationshipCollection.parseRelationshipsPart(PackageRelationshipCollection.java:307)oggger - Parsing relationship: /xl/_rels/workbook.xml.rels
07:05:36.091 [main] DEBUG org.apache.poi.openxml4j.opc.PackageRelationshipCollection.parseRelationshipsPart(PackageRelationshipCollection.java:307)oggger - Parsing relationship: /xl/worksheets/_rels/sheet1.xml.rels
07:05:36.091 [main] DEBUG org.apache.poi.openxml4j.opc.PackageRelationshipCollection.parseRelationshipsPart(PackageRelationshipCollection.java:307)oggger - Parsing relationship: /xl/worksheets/_rels/sheet2.xml.rels
07:05:36.091 [main] DEBUG org.apache.poi.openxml4j.opc.PackageRelationshipCollection.parseRelationshipsPart(PackageRelationshipCollection.java:307)oggger - Parsing relationship: /_rels/.rels
07:05:36.105 [main] DEBUG org.apache.poi.openxml4j.opc.PackageRelationshipCollection.parseRelationshipsPart(PackageRelationshipCollection.java:307)oggger - Parsing relationship: /xl/_rels/workbook.xml.rels
07:05:36.107 [main] DEBUG org.apache.poi.openxml4j.opc.PackageRelationshipCollection.parseRelationshipsPart(PackageRelationshipCollection.java:307)oggger - Parsing relationship: /xl/worksheets/_rels/sheet1.xml.rels
07:05:36.107 [main] DEBUG org.apache.poi.openxml4j.opc.PackageRelationshipCollection.parseRelationshipsPart(PackageRelationshipCollection.java:307)oggger - Parsing relationship: /xl/worksheets/_rels/sheet2.xml.rels
07:05:36.107 [main] DEBUG org.apache.poi.openxml4j.opc.PackageRelationshipCollection.parseRelationshipsPart(PackageRelationshipCollection.java:307)oggger - Parsing relationship: /_rels/.rels
07:05:36.120 [main] DEBUG org.apache.poi.openxml4j.opc.PackageRelationshipCollection.parseRelationshipsPart(PackageRelationshipCollection.java:307)oggger - Parsing relationship: /xl/_rels/workbook.xml.rels
07:05:36.120 [main] DEBUG org.apache.poi.openxml4j.opc.PackageRelationshipCollection.parseRelationshipsPart(PackageRelationshipCollection.java:307)oggger - Parsing relationship: /xl/worksheets/_rels/sheet1.xml.rels
07:05:36.122 [main] DEBUG org.apache.poi.openxml4j.opc.PackageRelationshipCollection.parseRelationshipsPart(PackageRelationshipCollection.java:307)oggger - Parsing relationship: /xl/worksheets/_rels/sheet2.xml.rels
07:05:36.122 [main] DEBUG org.apache.poi.openxml4j.opc.PackageRelationshipCollection.parseRelationshipsPart(PackageRelationshipCollection.java:307)oggger - Parsing relationship: /_rels/.rels
07:05:36.138 [main] DEBUG org.apache.poi.openxml4j.opc.PackageRelationshipCollection.parseRelationshipsPart(PackageRelationshipCollection.java:307)oggger - Parsing relationship: /xl/_rels/workbook.xml.rels
07:05:36.138 [main] DEBUG org.apache.poi.openxml4j.opc.PackageRelationshipCollection.parseRelationshipsPart(PackageRelationshipCollection.java:307)oggger - Parsing relationship: /xl/worksheets/_rels/sheet1.xml.rels
07:05:36.138 [main] DEBUG org.apache.poi.openxml4j.opc.PackageRelationshipCollection.parseRelationshipsPart(PackageRelationshipCollection.java:307)oggger - Parsing relationship: /xl/worksheets/_rels/sheet2.xml.rels
07:05:36.140 [main] DEBUG org.apache.poi.openxml4j.opc.PackageRelationshipCollection.parseRelationshipsPart(PackageRelationshipCollection.java:307)oggger - Parsing relationship: /_rels/.rels
07:05:36.154 [main] DEBUG org.apache.poi.openxml4j.opc.PackageRelationshipCollection.parseRelationshipsPart(PackageRelationshipCollection.java:307)oggger - Parsing relationship: /xl/_rels/workbook.xml.rels
07:05:36.154 [main] DEBUG org.apache.poi.openxml4j.opc.PackageRelationshipCollection.parseRelationshipsPart(PackageRelationshipCollection.java:307)oggger - Parsing relationship: /xl/worksheets/_rels/sheet1.xml.rels
07:05:36.154 [main] DEBUG org.apache.poi.openxml4j.opc.PackageRelationshipCollection.parseRelationshipsPart(PackageRelationshipCollection.java:307)oggger - Parsing relationship: /xl/worksheets/_rels/sheet2.xml.rels
07:05:36.154 [main] DEBUG org.apache.poi.openxml4j.opc.PackageRelationshipCollection.parseRelationshipsPart(PackageRelationshipCollection.java:307)oggger - Parsing relationship: /_rels/.rels
07:05:36.170 [main] DEBUG org.apache.poi.openxml4j.opc.PackageRelationshipCollection.parseRelationshipsPart(PackageRelationshipCollection.java:307)oggger - Parsing relationship: /xl/_rels/workbook.xml.rels
07:05:36.170 [main] DEBUG org.apache.poi.openxml4j.opc.PackageRelationshipCollection.parseRelationshipsPart(PackageRelationshipCollection.java:307)oggger - Parsing relationship: /xl/worksheets/_rels/sheet1.xml.rels
07:05:36.170 [main] DEBUG org.apache.poi.openxml4j.opc.PackageRelationshipCollection.parseRelationshipsPart(PackageRelationshipCollection.java:307)oggger - Parsing relationship: /xl/worksheets/_rels/sheet2.xml.rels
07:05:36.172 [main] DEBUG org.apache.poi.openxml4j.opc.PackageRelationshipCollection.parseRelationshipsPart(PackageRelationshipCollection.java:307)oggger - Parsing relationship: /_rels/.rels
07:05:36.186 [main] DEBUG org.apache.poi.openxml4j.opc.PackageRelationshipCollection.parseRelationshipsPart(PackageRelationshipCollection.java:307)oggger - Parsing relationship: /xl/_rels/workbook.xml.rels
07:05:36.186 [main] DEBUG org.apache.poi.openxml4j.opc.PackageRelationshipCollection.parseRelationshipsPart(PackageRelationshipCollection.java:307)oggger - Parsing relationship: /xl/worksheets/_rels/sheet1.xml.rels
07:05:36.188 [main] DEBUG org.apache.poi.openxml4j.opc.PackageRelationshipCollection.parseRelationshipsPart(PackageRelationshipCollection.java:307)oggger - Parsing relationship: /xl/worksheets/_rels/sheet2.xml.rels
07:05:36.188 [main] DEBUG org.apache.poi.openxml4j.opc.PackageRelationshipCollection.parseRelationshipsPart(PackageRelationshipCollection.java:307)oggger - Parsing relationship: /_rels/.rels
07:05:36.200 [main] DEBUG org.apache.poi.openxml4j.opc.PackageRelationshipCollection.parseRelationshipsPart(PackageRelationshipCollection.java:307)oggger - Parsing relationship: /xl/_rels/workbook.xml.rels
07:05:36.202 [main] DEBUG org.apache.poi.openxml4j.opc.PackageRelationshipCollection.parseRelationshipsPart(PackageRelationshipCollection.java:307)oggger - Parsing relationship: /xl/worksheets/_rels/sheet1.xml.rels
07:05:36.202 [main] DEBUG org.apache.poi.openxml4j.opc.PackageRelationshipCollection.parseRelationshipsPart(PackageRelationshipCollection.java:307)oggger - Parsing relationship: /xl/worksheets/_rels/sheet2.xml.rels
07:05:36.202 [main] DEBUG org.apache.poi.openxml4j.opc.PackageRelationshipCollection.parseRelationshipsPart(PackageRelationshipCollection.java:307)oggger - Parsing relationship: /_rels/.rels
07:05:36.218 [main] DEBUG org.apache.poi.openxml4j.opc.PackageRelationshipCollection.parseRelationshipsPart(PackageRelationshipCollection.java:307)oggger - Parsing relationship: /xl/_rels/workbook.xml.rels
07:05:36.218 [main] DEBUG org.apache.poi.openxml4j.opc.PackageRelationshipCollection.parseRelationshipsPart(PackageRelationshipCollection.java:307)oggger - Parsing relationship: /xl/worksheets/_rels/sheet1.xml.rels
07:05:36.218 [main] DEBUG org.apache.poi.openxml4j.opc.PackageRelationshipCollection.parseRelationshipsPart(PackageRelationshipCollection.java:307)oggger - Parsing relationship: /xl/worksheets/_rels/sheet2.xml.rels
07:05:36.220 [main] DEBUG org.apache.poi.openxml4j.opc.PackageRelationshipCollection.parseRelationshipsPart(PackageRelationshipCollection.java:307)oggger - Parsing relationship: /_rels/.rels
07:05:36.231 [main] DEBUG org.apache.poi.openxml4j.opc.PackageRelationshipCollection.parseRelationshipsPart(PackageRelationshipCollection.java:307)oggger - Parsing relationship: /xl/_rels/workbook.xml.rels
07:05:36.233 [main] DEBUG org.apache.poi.openxml4j.opc.PackageRelationshipCollection.parseRelationshipsPart(PackageRelationshipCollection.java:307)oggger - Parsing relationship: /xl/worksheets/_rels/sheet1.xml.rels
07:05:36.233 [main] DEBUG org.apache.poi.openxml4j.opc.PackageRelationshipCollection.parseRelationshipsPart(PackageRelationshipCollection.java:307)oggger - Parsing relationship: /xl/worksheets/_rels/sheet2.xml.rels
07:05:36.233 [main] DEBUG org.apache.poi.openxml4j.opc.PackageRelationshipCollection.parseRelationshipsPart(PackageRelationshipCollection.java:307)oggger - Parsing relationship: /_rels/.rels
07:05:36.247 [main] DEBUG org.apache.poi.openxml4j.opc.PackageRelationshipCollection.parseRelationshipsPart(PackageRelationshipCollection.java:307)oggger - Parsing relationship: /xl/_rels/workbook.xml.rels
07:05:36.249 [main] DEBUG org.apache.poi.openxml4j.opc.PackageRelationshipCollection.parseRelationshipsPart(PackageRelationshipCollection.java:307)oggger - Parsing relationship: /xl/worksheets/_rels/sheet1.xml.rels
07:05:36.249 [main] DEBUG org.apache.poi.openxml4j.opc.PackageRelationshipCollection.parseRelationshipsPart(PackageRelationshipCollection.java:307)oggger - Parsing relationship: /xl/worksheets/_rels/sheet2.xml.rels
07:05:36.249 [main] DEBUG org.apache.poi.openxml4j.opc.PackageRelationshipCollection.parseRelationshipsPart(PackageRelationshipCollection.java:307)oggger - Parsing relationship: /_rels/.rels
07:05:36.263 [main] DEBUG org.apache.poi.openxml4j.opc.PackageRelationshipCollection.parseRelationshipsPart(PackageRelationshipCollection.java:307)oggger - Parsing relationship: /xl/_rels/workbook.xml.rels
07:05:36.263 [main] DEBUG org.apache.poi.openxml4j.opc.PackageRelationshipCollection.parseRelationshipsPart(PackageRelationshipCollection.java:307)oggger - Parsing relationship: /xl/worksheets/_rels/sheet1.xml.rels
07:05:36.265 [main] DEBUG org.apache.poi.openxml4j.opc.PackageRelationshipCollection.parseRelationshipsPart(PackageRelationshipCollection.java:307)oggger - Parsing relationship: /xl/worksheets/_rels/sheet2.xml.rels
07:05:36.265 [main] DEBUG org.apache.poi.openxml4j.opc.PackageRelationshipCollection.parseRelationshipsPart(PackageRelationshipCollection.java:307)oggger - Parsing relationship: /_rels/.rels
07:05:36.279 [main] DEBUG org.apache.poi.openxml4j.opc.PackageRelationshipCollection.parseRelationshipsPart(PackageRelationshipCollection.java:307)oggger - Parsing relationship: /xl/_rels/workbook.xml.rels
07:05:36.279 [main] DEBUG org.apache.poi.openxml4j.opc.PackageRelationshipCollection.parseRelationshipsPart(PackageRelationshipCollection.java:307)oggger - Parsing relationship: /xl/worksheets/_rels/sheet1.xml.rels
07:05:36.279 [main] DEBUG org.apache.poi.openxml4j.opc.PackageRelationshipCollection.parseRelationshipsPart(PackageRelationshipCollection.java:307)oggger - Parsing relationship: /xl/worksheets/_rels/sheet2.xml.rels
07:05:36.281 [main] DEBUG org.apache.poi.openxml4j.opc.PackageRelationshipCollection.parseRelationshipsPart(PackageRelationshipCollection.java:307)oggger - Parsing relationship: /_rels/.rels
07:09:18.725 [main] DEBUG org.testng.log4testng.Logger.debug(Logger.java:82)oggger - suiteXmlPath: "C:\Users\VedaB\eclipse-workspace\OpenCartV121\master.xml"
07:09:19.495 [main] INFO  org.testng.log4testng.Logger.info(Logger.java:112)oggger - [TestNG] Running:
  C:\Users\VedaB\eclipse-workspace\OpenCartV121\master.xml

07:09:24.080 [main] DEBUG org.apache.poi.openxml4j.opc.PackageRelationshipCollection.parseRelationshipsPart(PackageRelationshipCollection.java:307)oggger - Parsing relationship: /xl/_rels/workbook.xml.rels
07:09:24.098 [main] DEBUG org.apache.poi.openxml4j.opc.PackageRelationshipCollection.parseRelationshipsPart(PackageRelationshipCollection.java:307)oggger - Parsing relationship: /xl/worksheets/_rels/sheet1.xml.rels
07:09:24.108 [main] DEBUG org.apache.poi.openxml4j.opc.PackageRelationshipCollection.parseRelationshipsPart(PackageRelationshipCollection.java:307)oggger - Parsing relationship: /xl/worksheets/_rels/sheet2.xml.rels
07:09:24.121 [main] DEBUG org.apache.poi.openxml4j.opc.PackageRelationshipCollection.parseRelationshipsPart(PackageRelationshipCollection.java:307)oggger - Parsing relationship: /_rels/.rels
07:09:25.178 [main] DEBUG org.apache.poi.openxml4j.opc.PackageRelationshipCollection.parseRelationshipsPart(PackageRelationshipCollection.java:307)oggger - Parsing relationship: /xl/_rels/workbook.xml.rels
07:09:25.181 [main] DEBUG org.apache.poi.openxml4j.opc.PackageRelationshipCollection.parseRelationshipsPart(PackageRelationshipCollection.java:307)oggger - Parsing relationship: /xl/worksheets/_rels/sheet1.xml.rels
07:09:25.183 [main] DEBUG org.apache.poi.openxml4j.opc.PackageRelationshipCollection.parseRelationshipsPart(PackageRelationshipCollection.java:307)oggger - Parsing relationship: /xl/worksheets/_rels/sheet2.xml.rels
07:09:25.184 [main] DEBUG org.apache.poi.openxml4j.opc.PackageRelationshipCollection.parseRelationshipsPart(PackageRelationshipCollection.java:307)oggger - Parsing relationship: /_rels/.rels
07:09:25.247 [main] DEBUG org.apache.poi.openxml4j.opc.PackageRelationshipCollection.parseRelationshipsPart(PackageRelationshipCollection.java:307)oggger - Parsing relationship: /xl/_rels/workbook.xml.rels
07:09:25.249 [main] DEBUG org.apache.poi.openxml4j.opc.PackageRelationshipCollection.parseRelationshipsPart(PackageRelationshipCollection.java:307)oggger - Parsing relationship: /xl/worksheets/_rels/sheet1.xml.rels
07:09:25.253 [main] DEBUG org.apache.poi.openxml4j.opc.PackageRelationshipCollection.parseRelationshipsPart(PackageRelationshipCollection.java:307)oggger - Parsing relationship: /xl/worksheets/_rels/sheet2.xml.rels
07:09:25.256 [main] DEBUG org.apache.poi.openxml4j.opc.PackageRelationshipCollection.parseRelationshipsPart(PackageRelationshipCollection.java:307)oggger - Parsing relationship: /_rels/.rels
07:09:25.317 [main] DEBUG org.apache.poi.openxml4j.opc.PackageRelationshipCollection.parseRelationshipsPart(PackageRelationshipCollection.java:307)oggger - Parsing relationship: /xl/_rels/workbook.xml.rels
07:09:25.318 [main] DEBUG org.apache.poi.openxml4j.opc.PackageRelationshipCollection.parseRelationshipsPart(PackageRelationshipCollection.java:307)oggger - Parsing relationship: /xl/worksheets/_rels/sheet1.xml.rels
07:09:25.319 [main] DEBUG org.apache.poi.openxml4j.opc.PackageRelationshipCollection.parseRelationshipsPart(PackageRelationshipCollection.java:307)oggger - Parsing relationship: /xl/worksheets/_rels/sheet2.xml.rels
07:09:25.320 [main] DEBUG org.apache.poi.openxml4j.opc.PackageRelationshipCollection.parseRelationshipsPart(PackageRelationshipCollection.java:307)oggger - Parsing relationship: /_rels/.rels
07:09:25.348 [main] DEBUG org.apache.poi.openxml4j.opc.PackageRelationshipCollection.parseRelationshipsPart(PackageRelationshipCollection.java:307)oggger - Parsing relationship: /xl/_rels/workbook.xml.rels
07:09:25.350 [main] DEBUG org.apache.poi.openxml4j.opc.PackageRelationshipCollection.parseRelationshipsPart(PackageRelationshipCollection.java:307)oggger - Parsing relationship: /xl/worksheets/_rels/sheet1.xml.rels
07:09:25.351 [main] DEBUG org.apache.poi.openxml4j.opc.PackageRelationshipCollection.parseRelationshipsPart(PackageRelationshipCollection.java:307)oggger - Parsing relationship: /xl/worksheets/_rels/sheet2.xml.rels
07:09:25.351 [main] DEBUG org.apache.poi.openxml4j.opc.PackageRelationshipCollection.parseRelationshipsPart(PackageRelationshipCollection.java:307)oggger - Parsing relationship: /_rels/.rels
07:09:25.376 [main] DEBUG org.apache.poi.openxml4j.opc.PackageRelationshipCollection.parseRelationshipsPart(PackageRelationshipCollection.java:307)oggger - Parsing relationship: /xl/_rels/workbook.xml.rels
07:09:25.377 [main] DEBUG org.apache.poi.openxml4j.opc.PackageRelationshipCollection.parseRelationshipsPart(PackageRelationshipCollection.java:307)oggger - Parsing relationship: /xl/worksheets/_rels/sheet1.xml.rels
07:09:25.378 [main] DEBUG org.apache.poi.openxml4j.opc.PackageRelationshipCollection.parseRelationshipsPart(PackageRelationshipCollection.java:307)oggger - Parsing relationship: /xl/worksheets/_rels/sheet2.xml.rels
07:09:25.378 [main] DEBUG org.apache.poi.openxml4j.opc.PackageRelationshipCollection.parseRelationshipsPart(PackageRelationshipCollection.java:307)oggger - Parsing relationship: /_rels/.rels
07:09:25.404 [main] DEBUG org.apache.poi.openxml4j.opc.PackageRelationshipCollection.parseRelationshipsPart(PackageRelationshipCollection.java:307)oggger - Parsing relationship: /xl/_rels/workbook.xml.rels
07:09:25.405 [main] DEBUG org.apache.poi.openxml4j.opc.PackageRelationshipCollection.parseRelationshipsPart(PackageRelationshipCollection.java:307)oggger - Parsing relationship: /xl/worksheets/_rels/sheet1.xml.rels
07:09:25.406 [main] DEBUG org.apache.poi.openxml4j.opc.PackageRelationshipCollection.parseRelationshipsPart(PackageRelationshipCollection.java:307)oggger - Parsing relationship: /xl/worksheets/_rels/sheet2.xml.rels
07:09:25.407 [main] DEBUG org.apache.poi.openxml4j.opc.PackageRelationshipCollection.parseRelationshipsPart(PackageRelationshipCollection.java:307)oggger - Parsing relationship: /_rels/.rels
07:09:25.431 [main] DEBUG org.apache.poi.openxml4j.opc.PackageRelationshipCollection.parseRelationshipsPart(PackageRelationshipCollection.java:307)oggger - Parsing relationship: /xl/_rels/workbook.xml.rels
07:09:25.432 [main] DEBUG org.apache.poi.openxml4j.opc.PackageRelationshipCollection.parseRelationshipsPart(PackageRelationshipCollection.java:307)oggger - Parsing relationship: /xl/worksheets/_rels/sheet1.xml.rels
07:09:25.433 [main] DEBUG org.apache.poi.openxml4j.opc.PackageRelationshipCollection.parseRelationshipsPart(PackageRelationshipCollection.java:307)oggger - Parsing relationship: /xl/worksheets/_rels/sheet2.xml.rels
07:09:25.434 [main] DEBUG org.apache.poi.openxml4j.opc.PackageRelationshipCollection.parseRelationshipsPart(PackageRelationshipCollection.java:307)oggger - Parsing relationship: /_rels/.rels
07:09:25.460 [main] DEBUG org.apache.poi.openxml4j.opc.PackageRelationshipCollection.parseRelationshipsPart(PackageRelationshipCollection.java:307)oggger - Parsing relationship: /xl/_rels/workbook.xml.rels
07:09:25.461 [main] DEBUG org.apache.poi.openxml4j.opc.PackageRelationshipCollection.parseRelationshipsPart(PackageRelationshipCollection.java:307)oggger - Parsing relationship: /xl/worksheets/_rels/sheet1.xml.rels
07:09:25.462 [main] DEBUG org.apache.poi.openxml4j.opc.PackageRelationshipCollection.parseRelationshipsPart(PackageRelationshipCollection.java:307)oggger - Parsing relationship: /xl/worksheets/_rels/sheet2.xml.rels
07:09:25.463 [main] DEBUG org.apache.poi.openxml4j.opc.PackageRelationshipCollection.parseRelationshipsPart(PackageRelationshipCollection.java:307)oggger - Parsing relationship: /_rels/.rels
07:09:25.486 [main] DEBUG org.apache.poi.openxml4j.opc.PackageRelationshipCollection.parseRelationshipsPart(PackageRelationshipCollection.java:307)oggger - Parsing relationship: /xl/_rels/workbook.xml.rels
07:09:25.487 [main] DEBUG org.apache.poi.openxml4j.opc.PackageRelationshipCollection.parseRelationshipsPart(PackageRelationshipCollection.java:307)oggger - Parsing relationship: /xl/worksheets/_rels/sheet1.xml.rels
07:09:25.488 [main] DEBUG org.apache.poi.openxml4j.opc.PackageRelationshipCollection.parseRelationshipsPart(PackageRelationshipCollection.java:307)oggger - Parsing relationship: /xl/worksheets/_rels/sheet2.xml.rels
07:09:25.489 [main] DEBUG org.apache.poi.openxml4j.opc.PackageRelationshipCollection.parseRelationshipsPart(PackageRelationshipCollection.java:307)oggger - Parsing relationship: /_rels/.rels
07:09:25.509 [main] DEBUG org.apache.poi.openxml4j.opc.PackageRelationshipCollection.parseRelationshipsPart(PackageRelationshipCollection.java:307)oggger - Parsing relationship: /xl/_rels/workbook.xml.rels
07:09:25.510 [main] DEBUG org.apache.poi.openxml4j.opc.PackageRelationshipCollection.parseRelationshipsPart(PackageRelationshipCollection.java:307)oggger - Parsing relationship: /xl/worksheets/_rels/sheet1.xml.rels
07:09:25.511 [main] DEBUG org.apache.poi.openxml4j.opc.PackageRelationshipCollection.parseRelationshipsPart(PackageRelationshipCollection.java:307)oggger - Parsing relationship: /xl/worksheets/_rels/sheet2.xml.rels
07:09:25.511 [main] DEBUG org.apache.poi.openxml4j.opc.PackageRelationshipCollection.parseRelationshipsPart(PackageRelationshipCollection.java:307)oggger - Parsing relationship: /_rels/.rels
07:09:25.533 [main] DEBUG org.apache.poi.openxml4j.opc.PackageRelationshipCollection.parseRelationshipsPart(PackageRelationshipCollection.java:307)oggger - Parsing relationship: /xl/_rels/workbook.xml.rels
07:09:25.534 [main] DEBUG org.apache.poi.openxml4j.opc.PackageRelationshipCollection.parseRelationshipsPart(PackageRelationshipCollection.java:307)oggger - Parsing relationship: /xl/worksheets/_rels/sheet1.xml.rels
07:09:25.535 [main] DEBUG org.apache.poi.openxml4j.opc.PackageRelationshipCollection.parseRelationshipsPart(PackageRelationshipCollection.java:307)oggger - Parsing relationship: /xl/worksheets/_rels/sheet2.xml.rels
07:09:25.535 [main] DEBUG org.apache.poi.openxml4j.opc.PackageRelationshipCollection.parseRelationshipsPart(PackageRelationshipCollection.java:307)oggger - Parsing relationship: /_rels/.rels
07:09:25.575 [main] DEBUG org.apache.poi.openxml4j.opc.PackageRelationshipCollection.parseRelationshipsPart(PackageRelationshipCollection.java:307)oggger - Parsing relationship: /xl/_rels/workbook.xml.rels
07:09:25.577 [main] DEBUG org.apache.poi.openxml4j.opc.PackageRelationshipCollection.parseRelationshipsPart(PackageRelationshipCollection.java:307)oggger - Parsing relationship: /xl/worksheets/_rels/sheet1.xml.rels
07:09:25.579 [main] DEBUG org.apache.poi.openxml4j.opc.PackageRelationshipCollection.parseRelationshipsPart(PackageRelationshipCollection.java:307)oggger - Parsing relationship: /xl/worksheets/_rels/sheet2.xml.rels
07:09:25.580 [main] DEBUG org.apache.poi.openxml4j.opc.PackageRelationshipCollection.parseRelationshipsPart(PackageRelationshipCollection.java:307)oggger - Parsing relationship: /_rels/.rels
07:09:25.608 [main] DEBUG org.apache.poi.openxml4j.opc.PackageRelationshipCollection.parseRelationshipsPart(PackageRelationshipCollection.java:307)oggger - Parsing relationship: /xl/_rels/workbook.xml.rels
07:09:25.608 [main] DEBUG org.apache.poi.openxml4j.opc.PackageRelationshipCollection.parseRelationshipsPart(PackageRelationshipCollection.java:307)oggger - Parsing relationship: /xl/worksheets/_rels/sheet1.xml.rels
07:09:25.609 [main] DEBUG org.apache.poi.openxml4j.opc.PackageRelationshipCollection.parseRelationshipsPart(PackageRelationshipCollection.java:307)oggger - Parsing relationship: /xl/worksheets/_rels/sheet2.xml.rels
07:09:25.610 [main] DEBUG org.apache.poi.openxml4j.opc.PackageRelationshipCollection.parseRelationshipsPart(PackageRelationshipCollection.java:307)oggger - Parsing relationship: /_rels/.rels
07:09:25.629 [main] DEBUG org.apache.poi.openxml4j.opc.PackageRelationshipCollection.parseRelationshipsPart(PackageRelationshipCollection.java:307)oggger - Parsing relationship: /xl/_rels/workbook.xml.rels
07:09:25.629 [main] DEBUG org.apache.poi.openxml4j.opc.PackageRelationshipCollection.parseRelationshipsPart(PackageRelationshipCollection.java:307)oggger - Parsing relationship: /xl/worksheets/_rels/sheet1.xml.rels
07:09:25.630 [main] DEBUG org.apache.poi.openxml4j.opc.PackageRelationshipCollection.parseRelationshipsPart(PackageRelationshipCollection.java:307)oggger - Parsing relationship: /xl/worksheets/_rels/sheet2.xml.rels
07:09:25.631 [main] DEBUG org.apache.poi.openxml4j.opc.PackageRelationshipCollection.parseRelationshipsPart(PackageRelationshipCollection.java:307)oggger - Parsing relationship: /_rels/.rels
07:09:25.653 [main] DEBUG org.apache.poi.openxml4j.opc.PackageRelationshipCollection.parseRelationshipsPart(PackageRelationshipCollection.java:307)oggger - Parsing relationship: /xl/_rels/workbook.xml.rels
07:09:25.654 [main] DEBUG org.apache.poi.openxml4j.opc.PackageRelationshipCollection.parseRelationshipsPart(PackageRelationshipCollection.java:307)oggger - Parsing relationship: /xl/worksheets/_rels/sheet1.xml.rels
07:09:25.655 [main] DEBUG org.apache.poi.openxml4j.opc.PackageRelationshipCollection.parseRelationshipsPart(PackageRelationshipCollection.java:307)oggger - Parsing relationship: /xl/worksheets/_rels/sheet2.xml.rels
07:09:25.656 [main] DEBUG org.apache.poi.openxml4j.opc.PackageRelationshipCollection.parseRelationshipsPart(PackageRelationshipCollection.java:307)oggger - Parsing relationship: /_rels/.rels
07:09:25.687 [main] DEBUG org.apache.poi.openxml4j.opc.PackageRelationshipCollection.parseRelationshipsPart(PackageRelationshipCollection.java:307)oggger - Parsing relationship: /xl/_rels/workbook.xml.rels
07:09:25.688 [main] DEBUG org.apache.poi.openxml4j.opc.PackageRelationshipCollection.parseRelationshipsPart(PackageRelationshipCollection.java:307)oggger - Parsing relationship: /xl/worksheets/_rels/sheet1.xml.rels
07:09:25.689 [main] DEBUG org.apache.poi.openxml4j.opc.PackageRelationshipCollection.parseRelationshipsPart(PackageRelationshipCollection.java:307)oggger - Parsing relationship: /xl/worksheets/_rels/sheet2.xml.rels
07:09:25.690 [main] DEBUG org.apache.poi.openxml4j.opc.PackageRelationshipCollection.parseRelationshipsPart(PackageRelationshipCollection.java:307)oggger - Parsing relationship: /_rels/.rels
07:09:25.710 [main] DEBUG org.apache.poi.openxml4j.opc.PackageRelationshipCollection.parseRelationshipsPart(PackageRelationshipCollection.java:307)oggger - Parsing relationship: /xl/_rels/workbook.xml.rels
07:09:25.711 [main] DEBUG org.apache.poi.openxml4j.opc.PackageRelationshipCollection.parseRelationshipsPart(PackageRelationshipCollection.java:307)oggger - Parsing relationship: /xl/worksheets/_rels/sheet1.xml.rels
07:09:25.711 [main] DEBUG org.apache.poi.openxml4j.opc.PackageRelationshipCollection.parseRelationshipsPart(PackageRelationshipCollection.java:307)oggger - Parsing relationship: /xl/worksheets/_rels/sheet2.xml.rels
07:09:25.712 [main] DEBUG org.apache.poi.openxml4j.opc.PackageRelationshipCollection.parseRelationshipsPart(PackageRelationshipCollection.java:307)oggger - Parsing relationship: /_rels/.rels
07:09:25.734 [main] DEBUG org.apache.poi.openxml4j.opc.PackageRelationshipCollection.parseRelationshipsPart(PackageRelationshipCollection.java:307)oggger - Parsing relationship: /xl/_rels/workbook.xml.rels
07:09:25.735 [main] DEBUG org.apache.poi.openxml4j.opc.PackageRelationshipCollection.parseRelationshipsPart(PackageRelationshipCollection.java:307)oggger - Parsing relationship: /xl/worksheets/_rels/sheet1.xml.rels
07:09:25.735 [main] DEBUG org.apache.poi.openxml4j.opc.PackageRelationshipCollection.parseRelationshipsPart(PackageRelationshipCollection.java:307)oggger - Parsing relationship: /xl/worksheets/_rels/sheet2.xml.rels
07:09:25.736 [main] DEBUG org.apache.poi.openxml4j.opc.PackageRelationshipCollection.parseRelationshipsPart(PackageRelationshipCollection.java:307)oggger - Parsing relationship: /_rels/.rels
07:09:25.754 [main] DEBUG org.apache.poi.openxml4j.opc.PackageRelationshipCollection.parseRelationshipsPart(PackageRelationshipCollection.java:307)oggger - Parsing relationship: /xl/_rels/workbook.xml.rels
07:09:25.754 [main] DEBUG org.apache.poi.openxml4j.opc.PackageRelationshipCollection.parseRelationshipsPart(PackageRelationshipCollection.java:307)oggger - Parsing relationship: /xl/worksheets/_rels/sheet1.xml.rels
07:09:25.756 [main] DEBUG org.apache.poi.openxml4j.opc.PackageRelationshipCollection.parseRelationshipsPart(PackageRelationshipCollection.java:307)oggger - Parsing relationship: /xl/worksheets/_rels/sheet2.xml.rels
07:09:25.757 [main] DEBUG org.apache.poi.openxml4j.opc.PackageRelationshipCollection.parseRelationshipsPart(PackageRelationshipCollection.java:307)oggger - Parsing relationship: /_rels/.rels
07:09:25.774 [main] DEBUG org.apache.poi.openxml4j.opc.PackageRelationshipCollection.parseRelationshipsPart(PackageRelationshipCollection.java:307)oggger - Parsing relationship: /xl/_rels/workbook.xml.rels
07:09:25.775 [main] DEBUG org.apache.poi.openxml4j.opc.PackageRelationshipCollection.parseRelationshipsPart(PackageRelationshipCollection.java:307)oggger - Parsing relationship: /xl/worksheets/_rels/sheet1.xml.rels
07:09:25.775 [main] DEBUG org.apache.poi.openxml4j.opc.PackageRelationshipCollection.parseRelationshipsPart(PackageRelationshipCollection.java:307)oggger - Parsing relationship: /xl/worksheets/_rels/sheet2.xml.rels
07:09:25.776 [main] DEBUG org.apache.poi.openxml4j.opc.PackageRelationshipCollection.parseRelationshipsPart(PackageRelationshipCollection.java:307)oggger - Parsing relationship: /_rels/.rels
07:09:25.795 [main] DEBUG org.apache.poi.openxml4j.opc.PackageRelationshipCollection.parseRelationshipsPart(PackageRelationshipCollection.java:307)oggger - Parsing relationship: /xl/_rels/workbook.xml.rels
07:09:25.795 [main] DEBUG org.apache.poi.openxml4j.opc.PackageRelationshipCollection.parseRelationshipsPart(PackageRelationshipCollection.java:307)oggger - Parsing relationship: /xl/worksheets/_rels/sheet1.xml.rels
07:09:25.796 [main] DEBUG org.apache.poi.openxml4j.opc.PackageRelationshipCollection.parseRelationshipsPart(PackageRelationshipCollection.java:307)oggger - Parsing relationship: /xl/worksheets/_rels/sheet2.xml.rels
07:09:25.796 [main] DEBUG org.apache.poi.openxml4j.opc.PackageRelationshipCollection.parseRelationshipsPart(PackageRelationshipCollection.java:307)oggger - Parsing relationship: /_rels/.rels
07:09:25.813 [main] DEBUG org.apache.poi.openxml4j.opc.PackageRelationshipCollection.parseRelationshipsPart(PackageRelationshipCollection.java:307)oggger - Parsing relationship: /xl/_rels/workbook.xml.rels
07:09:25.814 [main] DEBUG org.apache.poi.openxml4j.opc.PackageRelationshipCollection.parseRelationshipsPart(PackageRelationshipCollection.java:307)oggger - Parsing relationship: /xl/worksheets/_rels/sheet1.xml.rels
07:09:25.814 [main] DEBUG org.apache.poi.openxml4j.opc.PackageRelationshipCollection.parseRelationshipsPart(PackageRelationshipCollection.java:307)oggger - Parsing relationship: /xl/worksheets/_rels/sheet2.xml.rels
07:09:25.815 [main] DEBUG org.apache.poi.openxml4j.opc.PackageRelationshipCollection.parseRelationshipsPart(PackageRelationshipCollection.java:307)oggger - Parsing relationship: /_rels/.rels
07:09:25.829 [main] DEBUG org.apache.poi.openxml4j.opc.PackageRelationshipCollection.parseRelationshipsPart(PackageRelationshipCollection.java:307)oggger - Parsing relationship: /xl/_rels/workbook.xml.rels
07:09:25.830 [main] DEBUG org.apache.poi.openxml4j.opc.PackageRelationshipCollection.parseRelationshipsPart(PackageRelationshipCollection.java:307)oggger - Parsing relationship: /xl/worksheets/_rels/sheet1.xml.rels
07:09:25.831 [main] DEBUG org.apache.poi.openxml4j.opc.PackageRelationshipCollection.parseRelationshipsPart(PackageRelationshipCollection.java:307)oggger - Parsing relationship: /xl/worksheets/_rels/sheet2.xml.rels
07:09:25.831 [main] DEBUG org.apache.poi.openxml4j.opc.PackageRelationshipCollection.parseRelationshipsPart(PackageRelationshipCollection.java:307)oggger - Parsing relationship: /_rels/.rels
07:09:25.846 [main] DEBUG org.apache.poi.openxml4j.opc.PackageRelationshipCollection.parseRelationshipsPart(PackageRelationshipCollection.java:307)oggger - Parsing relationship: /xl/_rels/workbook.xml.rels
07:09:25.846 [main] DEBUG org.apache.poi.openxml4j.opc.PackageRelationshipCollection.parseRelationshipsPart(PackageRelationshipCollection.java:307)oggger - Parsing relationship: /xl/worksheets/_rels/sheet1.xml.rels
07:09:25.847 [main] DEBUG org.apache.poi.openxml4j.opc.PackageRelationshipCollection.parseRelationshipsPart(PackageRelationshipCollection.java:307)oggger - Parsing relationship: /xl/worksheets/_rels/sheet2.xml.rels
07:09:25.847 [main] DEBUG org.apache.poi.openxml4j.opc.PackageRelationshipCollection.parseRelationshipsPart(PackageRelationshipCollection.java:307)oggger - Parsing relationship: /_rels/.rels
07:09:25.865 [main] DEBUG org.apache.poi.openxml4j.opc.PackageRelationshipCollection.parseRelationshipsPart(PackageRelationshipCollection.java:307)oggger - Parsing relationship: /xl/_rels/workbook.xml.rels
07:09:25.865 [main] DEBUG org.apache.poi.openxml4j.opc.PackageRelationshipCollection.parseRelationshipsPart(PackageRelationshipCollection.java:307)oggger - Parsing relationship: /xl/worksheets/_rels/sheet1.xml.rels
07:09:25.866 [main] DEBUG org.apache.poi.openxml4j.opc.PackageRelationshipCollection.parseRelationshipsPart(PackageRelationshipCollection.java:307)oggger - Parsing relationship: /xl/worksheets/_rels/sheet2.xml.rels
07:09:25.867 [main] DEBUG org.apache.poi.openxml4j.opc.PackageRelationshipCollection.parseRelationshipsPart(PackageRelationshipCollection.java:307)oggger - Parsing relationship: /_rels/.rels
07:09:25.881 [main] DEBUG org.apache.poi.openxml4j.opc.PackageRelationshipCollection.parseRelationshipsPart(PackageRelationshipCollection.java:307)oggger - Parsing relationship: /xl/_rels/workbook.xml.rels
07:09:25.882 [main] DEBUG org.apache.poi.openxml4j.opc.PackageRelationshipCollection.parseRelationshipsPart(PackageRelationshipCollection.java:307)oggger - Parsing relationship: /xl/worksheets/_rels/sheet1.xml.rels
07:09:25.883 [main] DEBUG org.apache.poi.openxml4j.opc.PackageRelationshipCollection.parseRelationshipsPart(PackageRelationshipCollection.java:307)oggger - Parsing relationship: /xl/worksheets/_rels/sheet2.xml.rels
07:09:25.883 [main] DEBUG org.apache.poi.openxml4j.opc.PackageRelationshipCollection.parseRelationshipsPart(PackageRelationshipCollection.java:307)oggger - Parsing relationship: /_rels/.rels
07:09:25.896 [main] DEBUG org.apache.poi.openxml4j.opc.PackageRelationshipCollection.parseRelationshipsPart(PackageRelationshipCollection.java:307)oggger - Parsing relationship: /xl/_rels/workbook.xml.rels
07:09:25.896 [main] DEBUG org.apache.poi.openxml4j.opc.PackageRelationshipCollection.parseRelationshipsPart(PackageRelationshipCollection.java:307)oggger - Parsing relationship: /xl/worksheets/_rels/sheet1.xml.rels
07:09:25.897 [main] DEBUG org.apache.poi.openxml4j.opc.PackageRelationshipCollection.parseRelationshipsPart(PackageRelationshipCollection.java:307)oggger - Parsing relationship: /xl/worksheets/_rels/sheet2.xml.rels
07:09:25.898 [main] DEBUG org.apache.poi.openxml4j.opc.PackageRelationshipCollection.parseRelationshipsPart(PackageRelationshipCollection.java:307)oggger - Parsing relationship: /_rels/.rels
07:09:25.913 [main] DEBUG org.apache.poi.openxml4j.opc.PackageRelationshipCollection.parseRelationshipsPart(PackageRelationshipCollection.java:307)oggger - Parsing relationship: /xl/_rels/workbook.xml.rels
07:09:25.913 [main] DEBUG org.apache.poi.openxml4j.opc.PackageRelationshipCollection.parseRelationshipsPart(PackageRelationshipCollection.java:307)oggger - Parsing relationship: /xl/worksheets/_rels/sheet1.xml.rels
07:09:25.914 [main] DEBUG org.apache.poi.openxml4j.opc.PackageRelationshipCollection.parseRelationshipsPart(PackageRelationshipCollection.java:307)oggger - Parsing relationship: /xl/worksheets/_rels/sheet2.xml.rels
07:09:25.915 [main] DEBUG org.apache.poi.openxml4j.opc.PackageRelationshipCollection.parseRelationshipsPart(PackageRelationshipCollection.java:307)oggger - Parsing relationship: /_rels/.rels
07:09:25.930 [main] DEBUG org.apache.poi.openxml4j.opc.PackageRelationshipCollection.parseRelationshipsPart(PackageRelationshipCollection.java:307)oggger - Parsing relationship: /xl/_rels/workbook.xml.rels
07:09:25.930 [main] DEBUG org.apache.poi.openxml4j.opc.PackageRelationshipCollection.parseRelationshipsPart(PackageRelationshipCollection.java:307)oggger - Parsing relationship: /xl/worksheets/_rels/sheet1.xml.rels
07:09:25.931 [main] DEBUG org.apache.poi.openxml4j.opc.PackageRelationshipCollection.parseRelationshipsPart(PackageRelationshipCollection.java:307)oggger - Parsing relationship: /xl/worksheets/_rels/sheet2.xml.rels
07:09:25.932 [main] DEBUG org.apache.poi.openxml4j.opc.PackageRelationshipCollection.parseRelationshipsPart(PackageRelationshipCollection.java:307)oggger - Parsing relationship: /_rels/.rels
07:09:25.945 [main] DEBUG org.apache.poi.openxml4j.opc.PackageRelationshipCollection.parseRelationshipsPart(PackageRelationshipCollection.java:307)oggger - Parsing relationship: /xl/_rels/workbook.xml.rels
07:09:25.946 [main] DEBUG org.apache.poi.openxml4j.opc.PackageRelationshipCollection.parseRelationshipsPart(PackageRelationshipCollection.java:307)oggger - Parsing relationship: /xl/worksheets/_rels/sheet1.xml.rels
07:09:25.947 [main] DEBUG org.apache.poi.openxml4j.opc.PackageRelationshipCollection.parseRelationshipsPart(PackageRelationshipCollection.java:307)oggger - Parsing relationship: /xl/worksheets/_rels/sheet2.xml.rels
07:09:25.947 [main] DEBUG org.apache.poi.openxml4j.opc.PackageRelationshipCollection.parseRelationshipsPart(PackageRelationshipCollection.java:307)oggger - Parsing relationship: /_rels/.rels
07:09:25.967 [main] DEBUG org.apache.poi.openxml4j.opc.PackageRelationshipCollection.parseRelationshipsPart(PackageRelationshipCollection.java:307)oggger - Parsing relationship: /xl/_rels/workbook.xml.rels
07:09:25.968 [main] DEBUG org.apache.poi.openxml4j.opc.PackageRelationshipCollection.parseRelationshipsPart(PackageRelationshipCollection.java:307)oggger - Parsing relationship: /xl/worksheets/_rels/sheet1.xml.rels
07:09:25.969 [main] DEBUG org.apache.poi.openxml4j.opc.PackageRelationshipCollection.parseRelationshipsPart(PackageRelationshipCollection.java:307)oggger - Parsing relationship: /xl/worksheets/_rels/sheet2.xml.rels
07:09:25.970 [main] DEBUG org.apache.poi.openxml4j.opc.PackageRelationshipCollection.parseRelationshipsPart(PackageRelationshipCollection.java:307)oggger - Parsing relationship: /_rels/.rels
07:09:25.987 [main] DEBUG org.apache.poi.openxml4j.opc.PackageRelationshipCollection.parseRelationshipsPart(PackageRelationshipCollection.java:307)oggger - Parsing relationship: /xl/_rels/workbook.xml.rels
07:09:25.988 [main] DEBUG org.apache.poi.openxml4j.opc.PackageRelationshipCollection.parseRelationshipsPart(PackageRelationshipCollection.java:307)oggger - Parsing relationship: /xl/worksheets/_rels/sheet1.xml.rels
07:09:25.988 [main] DEBUG org.apache.poi.openxml4j.opc.PackageRelationshipCollection.parseRelationshipsPart(PackageRelationshipCollection.java:307)oggger - Parsing relationship: /xl/worksheets/_rels/sheet2.xml.rels
07:09:25.989 [main] DEBUG org.apache.poi.openxml4j.opc.PackageRelationshipCollection.parseRelationshipsPart(PackageRelationshipCollection.java:307)oggger - Parsing relationship: /_rels/.rels
07:09:26.003 [main] DEBUG org.apache.poi.openxml4j.opc.PackageRelationshipCollection.parseRelationshipsPart(PackageRelationshipCollection.java:307)oggger - Parsing relationship: /xl/_rels/workbook.xml.rels
07:09:26.004 [main] DEBUG org.apache.poi.openxml4j.opc.PackageRelationshipCollection.parseRelationshipsPart(PackageRelationshipCollection.java:307)oggger - Parsing relationship: /xl/worksheets/_rels/sheet1.xml.rels
07:09:26.005 [main] DEBUG org.apache.poi.openxml4j.opc.PackageRelationshipCollection.parseRelationshipsPart(PackageRelationshipCollection.java:307)oggger - Parsing relationship: /xl/worksheets/_rels/sheet2.xml.rels
07:09:26.005 [main] DEBUG org.apache.poi.openxml4j.opc.PackageRelationshipCollection.parseRelationshipsPart(PackageRelationshipCollection.java:307)oggger - Parsing relationship: /_rels/.rels
07:09:26.020 [main] DEBUG org.apache.poi.openxml4j.opc.PackageRelationshipCollection.parseRelationshipsPart(PackageRelationshipCollection.java:307)oggger - Parsing relationship: /xl/_rels/workbook.xml.rels
07:09:26.020 [main] DEBUG org.apache.poi.openxml4j.opc.PackageRelationshipCollection.parseRelationshipsPart(PackageRelationshipCollection.java:307)oggger - Parsing relationship: /xl/worksheets/_rels/sheet1.xml.rels
07:09:26.021 [main] DEBUG org.apache.poi.openxml4j.opc.PackageRelationshipCollection.parseRelationshipsPart(PackageRelationshipCollection.java:307)oggger - Parsing relationship: /xl/worksheets/_rels/sheet2.xml.rels
07:09:26.021 [main] DEBUG org.apache.poi.openxml4j.opc.PackageRelationshipCollection.parseRelationshipsPart(PackageRelationshipCollection.java:307)oggger - Parsing relationship: /_rels/.rels
07:09:26.037 [main] DEBUG org.apache.poi.openxml4j.opc.PackageRelationshipCollection.parseRelationshipsPart(PackageRelationshipCollection.java:307)oggger - Parsing relationship: /xl/_rels/workbook.xml.rels
07:09:26.038 [main] DEBUG org.apache.poi.openxml4j.opc.PackageRelationshipCollection.parseRelationshipsPart(PackageRelationshipCollection.java:307)oggger - Parsing relationship: /xl/worksheets/_rels/sheet1.xml.rels
07:09:26.039 [main] DEBUG org.apache.poi.openxml4j.opc.PackageRelationshipCollection.parseRelationshipsPart(PackageRelationshipCollection.java:307)oggger - Parsing relationship: /xl/worksheets/_rels/sheet2.xml.rels
07:09:26.039 [main] DEBUG org.apache.poi.openxml4j.opc.PackageRelationshipCollection.parseRelationshipsPart(PackageRelationshipCollection.java:307)oggger - Parsing relationship: /_rels/.rels
07:09:26.053 [main] DEBUG org.apache.poi.openxml4j.opc.PackageRelationshipCollection.parseRelationshipsPart(PackageRelationshipCollection.java:307)oggger - Parsing relationship: /xl/_rels/workbook.xml.rels
07:09:26.053 [main] DEBUG org.apache.poi.openxml4j.opc.PackageRelationshipCollection.parseRelationshipsPart(PackageRelationshipCollection.java:307)oggger - Parsing relationship: /xl/worksheets/_rels/sheet1.xml.rels
07:09:26.055 [main] DEBUG org.apache.poi.openxml4j.opc.PackageRelationshipCollection.parseRelationshipsPart(PackageRelationshipCollection.java:307)oggger - Parsing relationship: /xl/worksheets/_rels/sheet2.xml.rels
07:09:26.055 [main] DEBUG org.apache.poi.openxml4j.opc.PackageRelationshipCollection.parseRelationshipsPart(PackageRelationshipCollection.java:307)oggger - Parsing relationship: /_rels/.rels
07:09:26.070 [main] DEBUG org.apache.poi.openxml4j.opc.PackageRelationshipCollection.parseRelationshipsPart(PackageRelationshipCollection.java:307)oggger - Parsing relationship: /xl/_rels/workbook.xml.rels
07:09:26.074 [main] DEBUG org.apache.poi.openxml4j.opc.PackageRelationshipCollection.parseRelationshipsPart(PackageRelationshipCollection.java:307)oggger - Parsing relationship: /xl/worksheets/_rels/sheet1.xml.rels
07:09:26.075 [main] DEBUG org.apache.poi.openxml4j.opc.PackageRelationshipCollection.parseRelationshipsPart(PackageRelationshipCollection.java:307)oggger - Parsing relationship: /xl/worksheets/_rels/sheet2.xml.rels
07:09:26.075 [main] DEBUG org.apache.poi.openxml4j.opc.PackageRelationshipCollection.parseRelationshipsPart(PackageRelationshipCollection.java:307)oggger - Parsing relationship: /_rels/.rels
07:09:26.089 [main] DEBUG org.apache.poi.openxml4j.opc.PackageRelationshipCollection.parseRelationshipsPart(PackageRelationshipCollection.java:307)oggger - Parsing relationship: /xl/_rels/workbook.xml.rels
07:09:26.090 [main] DEBUG org.apache.poi.openxml4j.opc.PackageRelationshipCollection.parseRelationshipsPart(PackageRelationshipCollection.java:307)oggger - Parsing relationship: /xl/worksheets/_rels/sheet1.xml.rels
07:09:26.090 [main] DEBUG org.apache.poi.openxml4j.opc.PackageRelationshipCollection.parseRelationshipsPart(PackageRelationshipCollection.java:307)oggger - Parsing relationship: /xl/worksheets/_rels/sheet2.xml.rels
07:09:26.091 [main] DEBUG org.apache.poi.openxml4j.opc.PackageRelationshipCollection.parseRelationshipsPart(PackageRelationshipCollection.java:307)oggger - Parsing relationship: /_rels/.rels
07:09:26.102 [main] DEBUG org.apache.poi.openxml4j.opc.PackageRelationshipCollection.parseRelationshipsPart(PackageRelationshipCollection.java:307)oggger - Parsing relationship: /xl/_rels/workbook.xml.rels
07:09:26.103 [main] DEBUG org.apache.poi.openxml4j.opc.PackageRelationshipCollection.parseRelationshipsPart(PackageRelationshipCollection.java:307)oggger - Parsing relationship: /xl/worksheets/_rels/sheet1.xml.rels
07:09:26.104 [main] DEBUG org.apache.poi.openxml4j.opc.PackageRelationshipCollection.parseRelationshipsPart(PackageRelationshipCollection.java:307)oggger - Parsing relationship: /xl/worksheets/_rels/sheet2.xml.rels
07:09:26.104 [main] DEBUG org.apache.poi.openxml4j.opc.PackageRelationshipCollection.parseRelationshipsPart(PackageRelationshipCollection.java:307)oggger - Parsing relationship: /_rels/.rels
07:09:26.118 [main] DEBUG org.apache.poi.openxml4j.opc.PackageRelationshipCollection.parseRelationshipsPart(PackageRelationshipCollection.java:307)oggger - Parsing relationship: /xl/_rels/workbook.xml.rels
07:09:26.118 [main] DEBUG org.apache.poi.openxml4j.opc.PackageRelationshipCollection.parseRelationshipsPart(PackageRelationshipCollection.java:307)oggger - Parsing relationship: /xl/worksheets/_rels/sheet1.xml.rels
07:09:26.119 [main] DEBUG org.apache.poi.openxml4j.opc.PackageRelationshipCollection.parseRelationshipsPart(PackageRelationshipCollection.java:307)oggger - Parsing relationship: /xl/worksheets/_rels/sheet2.xml.rels
07:09:26.119 [main] DEBUG org.apache.poi.openxml4j.opc.PackageRelationshipCollection.parseRelationshipsPart(PackageRelationshipCollection.java:307)oggger - Parsing relationship: /_rels/.rels
07:09:26.132 [main] DEBUG org.apache.poi.openxml4j.opc.PackageRelationshipCollection.parseRelationshipsPart(PackageRelationshipCollection.java:307)oggger - Parsing relationship: /xl/_rels/workbook.xml.rels
07:09:26.133 [main] DEBUG org.apache.poi.openxml4j.opc.PackageRelationshipCollection.parseRelationshipsPart(PackageRelationshipCollection.java:307)oggger - Parsing relationship: /xl/worksheets/_rels/sheet1.xml.rels
07:09:26.136 [main] DEBUG org.apache.poi.openxml4j.opc.PackageRelationshipCollection.parseRelationshipsPart(PackageRelationshipCollection.java:307)oggger - Parsing relationship: /xl/worksheets/_rels/sheet2.xml.rels
07:09:26.136 [main] DEBUG org.apache.poi.openxml4j.opc.PackageRelationshipCollection.parseRelationshipsPart(PackageRelationshipCollection.java:307)oggger - Parsing relationship: /_rels/.rels
07:09:26.150 [main] DEBUG org.apache.poi.openxml4j.opc.PackageRelationshipCollection.parseRelationshipsPart(PackageRelationshipCollection.java:307)oggger - Parsing relationship: /xl/_rels/workbook.xml.rels
07:09:26.151 [main] DEBUG org.apache.poi.openxml4j.opc.PackageRelationshipCollection.parseRelationshipsPart(PackageRelationshipCollection.java:307)oggger - Parsing relationship: /xl/worksheets/_rels/sheet1.xml.rels
07:09:26.151 [main] DEBUG org.apache.poi.openxml4j.opc.PackageRelationshipCollection.parseRelationshipsPart(PackageRelationshipCollection.java:307)oggger - Parsing relationship: /xl/worksheets/_rels/sheet2.xml.rels
07:09:26.152 [main] DEBUG org.apache.poi.openxml4j.opc.PackageRelationshipCollection.parseRelationshipsPart(PackageRelationshipCollection.java:307)oggger - Parsing relationship: /_rels/.rels
07:09:26.166 [main] DEBUG org.apache.poi.openxml4j.opc.PackageRelationshipCollection.parseRelationshipsPart(PackageRelationshipCollection.java:307)oggger - Parsing relationship: /xl/_rels/workbook.xml.rels
07:09:26.167 [main] DEBUG org.apache.poi.openxml4j.opc.PackageRelationshipCollection.parseRelationshipsPart(PackageRelationshipCollection.java:307)oggger - Parsing relationship: /xl/worksheets/_rels/sheet1.xml.rels
07:09:26.167 [main] DEBUG org.apache.poi.openxml4j.opc.PackageRelationshipCollection.parseRelationshipsPart(PackageRelationshipCollection.java:307)oggger - Parsing relationship: /xl/worksheets/_rels/sheet2.xml.rels
07:09:26.168 [main] DEBUG org.apache.poi.openxml4j.opc.PackageRelationshipCollection.parseRelationshipsPart(PackageRelationshipCollection.java:307)oggger - Parsing relationship: /_rels/.rels
07:22:35.719 [main] DEBUG org.testng.log4testng.Logger.debug(Logger.java:82)oggger - suiteXmlPath: "C:\Users\VedaB\eclipse-workspace\OpenCartV121\master.xml"
07:22:36.479 [main] INFO  org.testng.log4testng.Logger.info(Logger.java:112)oggger - [TestNG] Running:
  C:\Users\VedaB\eclipse-workspace\OpenCartV121\master.xml

07:22:40.976 [main] DEBUG org.apache.poi.openxml4j.opc.PackageRelationshipCollection.parseRelationshipsPart(PackageRelationshipCollection.java:307)oggger - Parsing relationship: /xl/_rels/workbook.xml.rels
07:22:40.980 [main] DEBUG org.apache.poi.openxml4j.opc.PackageRelationshipCollection.parseRelationshipsPart(PackageRelationshipCollection.java:307)oggger - Parsing relationship: /xl/worksheets/_rels/sheet1.xml.rels
07:22:40.981 [main] DEBUG org.apache.poi.openxml4j.opc.PackageRelationshipCollection.parseRelationshipsPart(PackageRelationshipCollection.java:307)oggger - Parsing relationship: /xl/worksheets/_rels/sheet2.xml.rels
07:22:40.983 [main] DEBUG org.apache.poi.openxml4j.opc.PackageRelationshipCollection.parseRelationshipsPart(PackageRelationshipCollection.java:307)oggger - Parsing relationship: /_rels/.rels
07:22:41.945 [main] DEBUG org.apache.poi.openxml4j.opc.PackageRelationshipCollection.parseRelationshipsPart(PackageRelationshipCollection.java:307)oggger - Parsing relationship: /xl/_rels/workbook.xml.rels
07:22:41.955 [main] DEBUG org.apache.poi.openxml4j.opc.PackageRelationshipCollection.parseRelationshipsPart(PackageRelationshipCollection.java:307)oggger - Parsing relationship: /xl/worksheets/_rels/sheet1.xml.rels
07:22:41.957 [main] DEBUG org.apache.poi.openxml4j.opc.PackageRelationshipCollection.parseRelationshipsPart(PackageRelationshipCollection.java:307)oggger - Parsing relationship: /xl/worksheets/_rels/sheet2.xml.rels
07:22:41.958 [main] DEBUG org.apache.poi.openxml4j.opc.PackageRelationshipCollection.parseRelationshipsPart(PackageRelationshipCollection.java:307)oggger - Parsing relationship: /_rels/.rels
07:22:42.116 [main] DEBUG org.apache.poi.openxml4j.opc.PackageRelationshipCollection.parseRelationshipsPart(PackageRelationshipCollection.java:307)oggger - Parsing relationship: /xl/_rels/workbook.xml.rels
07:22:42.117 [main] DEBUG org.apache.poi.openxml4j.opc.PackageRelationshipCollection.parseRelationshipsPart(PackageRelationshipCollection.java:307)oggger - Parsing relationship: /xl/worksheets/_rels/sheet1.xml.rels
07:22:42.119 [main] DEBUG org.apache.poi.openxml4j.opc.PackageRelationshipCollection.parseRelationshipsPart(PackageRelationshipCollection.java:307)oggger - Parsing relationship: /xl/worksheets/_rels/sheet2.xml.rels
07:22:42.120 [main] DEBUG org.apache.poi.openxml4j.opc.PackageRelationshipCollection.parseRelationshipsPart(PackageRelationshipCollection.java:307)oggger - Parsing relationship: /_rels/.rels
07:22:42.213 [main] DEBUG org.apache.poi.openxml4j.opc.PackageRelationshipCollection.parseRelationshipsPart(PackageRelationshipCollection.java:307)oggger - Parsing relationship: /xl/_rels/workbook.xml.rels
07:22:42.214 [main] DEBUG org.apache.poi.openxml4j.opc.PackageRelationshipCollection.parseRelationshipsPart(PackageRelationshipCollection.java:307)oggger - Parsing relationship: /xl/worksheets/_rels/sheet1.xml.rels
07:22:42.215 [main] DEBUG org.apache.poi.openxml4j.opc.PackageRelationshipCollection.parseRelationshipsPart(PackageRelationshipCollection.java:307)oggger - Parsing relationship: /xl/worksheets/_rels/sheet2.xml.rels
07:22:42.216 [main] DEBUG org.apache.poi.openxml4j.opc.PackageRelationshipCollection.parseRelationshipsPart(PackageRelationshipCollection.java:307)oggger - Parsing relationship: /_rels/.rels
07:22:42.249 [main] DEBUG org.apache.poi.openxml4j.opc.PackageRelationshipCollection.parseRelationshipsPart(PackageRelationshipCollection.java:307)oggger - Parsing relationship: /xl/_rels/workbook.xml.rels
07:22:42.250 [main] DEBUG org.apache.poi.openxml4j.opc.PackageRelationshipCollection.parseRelationshipsPart(PackageRelationshipCollection.java:307)oggger - Parsing relationship: /xl/worksheets/_rels/sheet1.xml.rels
07:22:42.251 [main] DEBUG org.apache.poi.openxml4j.opc.PackageRelationshipCollection.parseRelationshipsPart(PackageRelationshipCollection.java:307)oggger - Parsing relationship: /xl/worksheets/_rels/sheet2.xml.rels
07:22:42.251 [main] DEBUG org.apache.poi.openxml4j.opc.PackageRelationshipCollection.parseRelationshipsPart(PackageRelationshipCollection.java:307)oggger - Parsing relationship: /_rels/.rels
07:22:42.280 [main] DEBUG org.apache.poi.openxml4j.opc.PackageRelationshipCollection.parseRelationshipsPart(PackageRelationshipCollection.java:307)oggger - Parsing relationship: /xl/_rels/workbook.xml.rels
07:22:42.282 [main] DEBUG org.apache.poi.openxml4j.opc.PackageRelationshipCollection.parseRelationshipsPart(PackageRelationshipCollection.java:307)oggger - Parsing relationship: /xl/worksheets/_rels/sheet1.xml.rels
07:22:42.282 [main] DEBUG org.apache.poi.openxml4j.opc.PackageRelationshipCollection.parseRelationshipsPart(PackageRelationshipCollection.java:307)oggger - Parsing relationship: /xl/worksheets/_rels/sheet2.xml.rels
07:22:42.283 [main] DEBUG org.apache.poi.openxml4j.opc.PackageRelationshipCollection.parseRelationshipsPart(PackageRelationshipCollection.java:307)oggger - Parsing relationship: /_rels/.rels
07:22:42.319 [main] DEBUG org.apache.poi.openxml4j.opc.PackageRelationshipCollection.parseRelationshipsPart(PackageRelationshipCollection.java:307)oggger - Parsing relationship: /xl/_rels/workbook.xml.rels
07:22:42.320 [main] DEBUG org.apache.poi.openxml4j.opc.PackageRelationshipCollection.parseRelationshipsPart(PackageRelationshipCollection.java:307)oggger - Parsing relationship: /xl/worksheets/_rels/sheet1.xml.rels
07:22:42.321 [main] DEBUG org.apache.poi.openxml4j.opc.PackageRelationshipCollection.parseRelationshipsPart(PackageRelationshipCollection.java:307)oggger - Parsing relationship: /xl/worksheets/_rels/sheet2.xml.rels
07:22:42.322 [main] DEBUG org.apache.poi.openxml4j.opc.PackageRelationshipCollection.parseRelationshipsPart(PackageRelationshipCollection.java:307)oggger - Parsing relationship: /_rels/.rels
07:22:42.349 [main] DEBUG org.apache.poi.openxml4j.opc.PackageRelationshipCollection.parseRelationshipsPart(PackageRelationshipCollection.java:307)oggger - Parsing relationship: /xl/_rels/workbook.xml.rels
07:22:42.350 [main] DEBUG org.apache.poi.openxml4j.opc.PackageRelationshipCollection.parseRelationshipsPart(PackageRelationshipCollection.java:307)oggger - Parsing relationship: /xl/worksheets/_rels/sheet1.xml.rels
07:22:42.351 [main] DEBUG org.apache.poi.openxml4j.opc.PackageRelationshipCollection.parseRelationshipsPart(PackageRelationshipCollection.java:307)oggger - Parsing relationship: /xl/worksheets/_rels/sheet2.xml.rels
07:22:42.352 [main] DEBUG org.apache.poi.openxml4j.opc.PackageRelationshipCollection.parseRelationshipsPart(PackageRelationshipCollection.java:307)oggger - Parsing relationship: /_rels/.rels
07:22:42.399 [main] DEBUG org.apache.poi.openxml4j.opc.PackageRelationshipCollection.parseRelationshipsPart(PackageRelationshipCollection.java:307)oggger - Parsing relationship: /xl/_rels/workbook.xml.rels
07:22:42.401 [main] DEBUG org.apache.poi.openxml4j.opc.PackageRelationshipCollection.parseRelationshipsPart(PackageRelationshipCollection.java:307)oggger - Parsing relationship: /xl/worksheets/_rels/sheet1.xml.rels
07:22:42.401 [main] DEBUG org.apache.poi.openxml4j.opc.PackageRelationshipCollection.parseRelationshipsPart(PackageRelationshipCollection.java:307)oggger - Parsing relationship: /xl/worksheets/_rels/sheet2.xml.rels
07:22:42.403 [main] DEBUG org.apache.poi.openxml4j.opc.PackageRelationshipCollection.parseRelationshipsPart(PackageRelationshipCollection.java:307)oggger - Parsing relationship: /_rels/.rels
07:22:42.450 [main] DEBUG org.apache.poi.openxml4j.opc.PackageRelationshipCollection.parseRelationshipsPart(PackageRelationshipCollection.java:307)oggger - Parsing relationship: /xl/_rels/workbook.xml.rels
07:22:42.452 [main] DEBUG org.apache.poi.openxml4j.opc.PackageRelationshipCollection.parseRelationshipsPart(PackageRelationshipCollection.java:307)oggger - Parsing relationship: /xl/worksheets/_rels/sheet1.xml.rels
07:22:42.461 [main] DEBUG org.apache.poi.openxml4j.opc.PackageRelationshipCollection.parseRelationshipsPart(PackageRelationshipCollection.java:307)oggger - Parsing relationship: /xl/worksheets/_rels/sheet2.xml.rels
07:22:42.463 [main] DEBUG org.apache.poi.openxml4j.opc.PackageRelationshipCollection.parseRelationshipsPart(PackageRelationshipCollection.java:307)oggger - Parsing relationship: /_rels/.rels
07:22:42.503 [main] DEBUG org.apache.poi.openxml4j.opc.PackageRelationshipCollection.parseRelationshipsPart(PackageRelationshipCollection.java:307)oggger - Parsing relationship: /xl/_rels/workbook.xml.rels
07:22:42.504 [main] DEBUG org.apache.poi.openxml4j.opc.PackageRelationshipCollection.parseRelationshipsPart(PackageRelationshipCollection.java:307)oggger - Parsing relationship: /xl/worksheets/_rels/sheet1.xml.rels
07:22:42.505 [main] DEBUG org.apache.poi.openxml4j.opc.PackageRelationshipCollection.parseRelationshipsPart(PackageRelationshipCollection.java:307)oggger - Parsing relationship: /xl/worksheets/_rels/sheet2.xml.rels
07:22:42.506 [main] DEBUG org.apache.poi.openxml4j.opc.PackageRelationshipCollection.parseRelationshipsPart(PackageRelationshipCollection.java:307)oggger - Parsing relationship: /_rels/.rels
07:22:42.528 [main] DEBUG org.apache.poi.openxml4j.opc.PackageRelationshipCollection.parseRelationshipsPart(PackageRelationshipCollection.java:307)oggger - Parsing relationship: /xl/_rels/workbook.xml.rels
07:22:42.529 [main] DEBUG org.apache.poi.openxml4j.opc.PackageRelationshipCollection.parseRelationshipsPart(PackageRelationshipCollection.java:307)oggger - Parsing relationship: /xl/worksheets/_rels/sheet1.xml.rels
07:22:42.529 [main] DEBUG org.apache.poi.openxml4j.opc.PackageRelationshipCollection.parseRelationshipsPart(PackageRelationshipCollection.java:307)oggger - Parsing relationship: /xl/worksheets/_rels/sheet2.xml.rels
07:22:42.531 [main] DEBUG org.apache.poi.openxml4j.opc.PackageRelationshipCollection.parseRelationshipsPart(PackageRelationshipCollection.java:307)oggger - Parsing relationship: /_rels/.rels
07:22:42.557 [main] DEBUG org.apache.poi.openxml4j.opc.PackageRelationshipCollection.parseRelationshipsPart(PackageRelationshipCollection.java:307)oggger - Parsing relationship: /xl/_rels/workbook.xml.rels
07:22:42.558 [main] DEBUG org.apache.poi.openxml4j.opc.PackageRelationshipCollection.parseRelationshipsPart(PackageRelationshipCollection.java:307)oggger - Parsing relationship: /xl/worksheets/_rels/sheet1.xml.rels
07:22:42.559 [main] DEBUG org.apache.poi.openxml4j.opc.PackageRelationshipCollection.parseRelationshipsPart(PackageRelationshipCollection.java:307)oggger - Parsing relationship: /xl/worksheets/_rels/sheet2.xml.rels
07:22:42.560 [main] DEBUG org.apache.poi.openxml4j.opc.PackageRelationshipCollection.parseRelationshipsPart(PackageRelationshipCollection.java:307)oggger - Parsing relationship: /_rels/.rels
07:22:42.582 [main] DEBUG org.apache.poi.openxml4j.opc.PackageRelationshipCollection.parseRelationshipsPart(PackageRelationshipCollection.java:307)oggger - Parsing relationship: /xl/_rels/workbook.xml.rels
07:22:42.582 [main] DEBUG org.apache.poi.openxml4j.opc.PackageRelationshipCollection.parseRelationshipsPart(PackageRelationshipCollection.java:307)oggger - Parsing relationship: /xl/worksheets/_rels/sheet1.xml.rels
07:22:42.583 [main] DEBUG org.apache.poi.openxml4j.opc.PackageRelationshipCollection.parseRelationshipsPart(PackageRelationshipCollection.java:307)oggger - Parsing relationship: /xl/worksheets/_rels/sheet2.xml.rels
07:22:42.584 [main] DEBUG org.apache.poi.openxml4j.opc.PackageRelationshipCollection.parseRelationshipsPart(PackageRelationshipCollection.java:307)oggger - Parsing relationship: /_rels/.rels
07:22:42.604 [main] DEBUG org.apache.poi.openxml4j.opc.PackageRelationshipCollection.parseRelationshipsPart(PackageRelationshipCollection.java:307)oggger - Parsing relationship: /xl/_rels/workbook.xml.rels
07:22:42.605 [main] DEBUG org.apache.poi.openxml4j.opc.PackageRelationshipCollection.parseRelationshipsPart(PackageRelationshipCollection.java:307)oggger - Parsing relationship: /xl/worksheets/_rels/sheet1.xml.rels
07:22:42.606 [main] DEBUG org.apache.poi.openxml4j.opc.PackageRelationshipCollection.parseRelationshipsPart(PackageRelationshipCollection.java:307)oggger - Parsing relationship: /xl/worksheets/_rels/sheet2.xml.rels
07:22:42.606 [main] DEBUG org.apache.poi.openxml4j.opc.PackageRelationshipCollection.parseRelationshipsPart(PackageRelationshipCollection.java:307)oggger - Parsing relationship: /_rels/.rels
07:22:42.631 [main] DEBUG org.apache.poi.openxml4j.opc.PackageRelationshipCollection.parseRelationshipsPart(PackageRelationshipCollection.java:307)oggger - Parsing relationship: /xl/_rels/workbook.xml.rels
07:22:42.632 [main] DEBUG org.apache.poi.openxml4j.opc.PackageRelationshipCollection.parseRelationshipsPart(PackageRelationshipCollection.java:307)oggger - Parsing relationship: /xl/worksheets/_rels/sheet1.xml.rels
07:22:42.633 [main] DEBUG org.apache.poi.openxml4j.opc.PackageRelationshipCollection.parseRelationshipsPart(PackageRelationshipCollection.java:307)oggger - Parsing relationship: /xl/worksheets/_rels/sheet2.xml.rels
07:22:42.634 [main] DEBUG org.apache.poi.openxml4j.opc.PackageRelationshipCollection.parseRelationshipsPart(PackageRelationshipCollection.java:307)oggger - Parsing relationship: /_rels/.rels
07:22:42.663 [main] DEBUG org.apache.poi.openxml4j.opc.PackageRelationshipCollection.parseRelationshipsPart(PackageRelationshipCollection.java:307)oggger - Parsing relationship: /xl/_rels/workbook.xml.rels
07:22:42.664 [main] DEBUG org.apache.poi.openxml4j.opc.PackageRelationshipCollection.parseRelationshipsPart(PackageRelationshipCollection.java:307)oggger - Parsing relationship: /xl/worksheets/_rels/sheet1.xml.rels
07:22:42.664 [main] DEBUG org.apache.poi.openxml4j.opc.PackageRelationshipCollection.parseRelationshipsPart(PackageRelationshipCollection.java:307)oggger - Parsing relationship: /xl/worksheets/_rels/sheet2.xml.rels
07:22:42.665 [main] DEBUG org.apache.poi.openxml4j.opc.PackageRelationshipCollection.parseRelationshipsPart(PackageRelationshipCollection.java:307)oggger - Parsing relationship: /_rels/.rels
07:22:42.685 [main] DEBUG org.apache.poi.openxml4j.opc.PackageRelationshipCollection.parseRelationshipsPart(PackageRelationshipCollection.java:307)oggger - Parsing relationship: /xl/_rels/workbook.xml.rels
07:22:42.686 [main] DEBUG org.apache.poi.openxml4j.opc.PackageRelationshipCollection.parseRelationshipsPart(PackageRelationshipCollection.java:307)oggger - Parsing relationship: /xl/worksheets/_rels/sheet1.xml.rels
07:22:42.686 [main] DEBUG org.apache.poi.openxml4j.opc.PackageRelationshipCollection.parseRelationshipsPart(PackageRelationshipCollection.java:307)oggger - Parsing relationship: /xl/worksheets/_rels/sheet2.xml.rels
07:22:42.687 [main] DEBUG org.apache.poi.openxml4j.opc.PackageRelationshipCollection.parseRelationshipsPart(PackageRelationshipCollection.java:307)oggger - Parsing relationship: /_rels/.rels
07:22:42.704 [main] DEBUG org.apache.poi.openxml4j.opc.PackageRelationshipCollection.parseRelationshipsPart(PackageRelationshipCollection.java:307)oggger - Parsing relationship: /xl/_rels/workbook.xml.rels
07:22:42.705 [main] DEBUG org.apache.poi.openxml4j.opc.PackageRelationshipCollection.parseRelationshipsPart(PackageRelationshipCollection.java:307)oggger - Parsing relationship: /xl/worksheets/_rels/sheet1.xml.rels
07:22:42.706 [main] DEBUG org.apache.poi.openxml4j.opc.PackageRelationshipCollection.parseRelationshipsPart(PackageRelationshipCollection.java:307)oggger - Parsing relationship: /xl/worksheets/_rels/sheet2.xml.rels
07:22:42.706 [main] DEBUG org.apache.poi.openxml4j.opc.PackageRelationshipCollection.parseRelationshipsPart(PackageRelationshipCollection.java:307)oggger - Parsing relationship: /_rels/.rels
07:22:42.722 [main] DEBUG org.apache.poi.openxml4j.opc.PackageRelationshipCollection.parseRelationshipsPart(PackageRelationshipCollection.java:307)oggger - Parsing relationship: /xl/_rels/workbook.xml.rels
07:22:42.723 [main] DEBUG org.apache.poi.openxml4j.opc.PackageRelationshipCollection.parseRelationshipsPart(PackageRelationshipCollection.java:307)oggger - Parsing relationship: /xl/worksheets/_rels/sheet1.xml.rels
07:22:42.724 [main] DEBUG org.apache.poi.openxml4j.opc.PackageRelationshipCollection.parseRelationshipsPart(PackageRelationshipCollection.java:307)oggger - Parsing relationship: /xl/worksheets/_rels/sheet2.xml.rels
07:22:42.724 [main] DEBUG org.apache.poi.openxml4j.opc.PackageRelationshipCollection.parseRelationshipsPart(PackageRelationshipCollection.java:307)oggger - Parsing relationship: /_rels/.rels
07:22:42.742 [main] DEBUG org.apache.poi.openxml4j.opc.PackageRelationshipCollection.parseRelationshipsPart(PackageRelationshipCollection.java:307)oggger - Parsing relationship: /xl/_rels/workbook.xml.rels
07:22:42.743 [main] DEBUG org.apache.poi.openxml4j.opc.PackageRelationshipCollection.parseRelationshipsPart(PackageRelationshipCollection.java:307)oggger - Parsing relationship: /xl/worksheets/_rels/sheet1.xml.rels
07:22:42.743 [main] DEBUG org.apache.poi.openxml4j.opc.PackageRelationshipCollection.parseRelationshipsPart(PackageRelationshipCollection.java:307)oggger - Parsing relationship: /xl/worksheets/_rels/sheet2.xml.rels
07:22:42.744 [main] DEBUG org.apache.poi.openxml4j.opc.PackageRelationshipCollection.parseRelationshipsPart(PackageRelationshipCollection.java:307)oggger - Parsing relationship: /_rels/.rels
07:22:42.765 [main] DEBUG org.apache.poi.openxml4j.opc.PackageRelationshipCollection.parseRelationshipsPart(PackageRelationshipCollection.java:307)oggger - Parsing relationship: /xl/_rels/workbook.xml.rels
07:22:42.765 [main] DEBUG org.apache.poi.openxml4j.opc.PackageRelationshipCollection.parseRelationshipsPart(PackageRelationshipCollection.java:307)oggger - Parsing relationship: /xl/worksheets/_rels/sheet1.xml.rels
07:22:42.766 [main] DEBUG org.apache.poi.openxml4j.opc.PackageRelationshipCollection.parseRelationshipsPart(PackageRelationshipCollection.java:307)oggger - Parsing relationship: /xl/worksheets/_rels/sheet2.xml.rels
07:22:42.767 [main] DEBUG org.apache.poi.openxml4j.opc.PackageRelationshipCollection.parseRelationshipsPart(PackageRelationshipCollection.java:307)oggger - Parsing relationship: /_rels/.rels
07:22:42.786 [main] DEBUG org.apache.poi.openxml4j.opc.PackageRelationshipCollection.parseRelationshipsPart(PackageRelationshipCollection.java:307)oggger - Parsing relationship: /xl/_rels/workbook.xml.rels
07:22:42.787 [main] DEBUG org.apache.poi.openxml4j.opc.PackageRelationshipCollection.parseRelationshipsPart(PackageRelationshipCollection.java:307)oggger - Parsing relationship: /xl/worksheets/_rels/sheet1.xml.rels
07:22:42.788 [main] DEBUG org.apache.poi.openxml4j.opc.PackageRelationshipCollection.parseRelationshipsPart(PackageRelationshipCollection.java:307)oggger - Parsing relationship: /xl/worksheets/_rels/sheet2.xml.rels
07:22:42.789 [main] DEBUG org.apache.poi.openxml4j.opc.PackageRelationshipCollection.parseRelationshipsPart(PackageRelationshipCollection.java:307)oggger - Parsing relationship: /_rels/.rels
07:22:42.808 [main] DEBUG org.apache.poi.openxml4j.opc.PackageRelationshipCollection.parseRelationshipsPart(PackageRelationshipCollection.java:307)oggger - Parsing relationship: /xl/_rels/workbook.xml.rels
07:22:42.808 [main] DEBUG org.apache.poi.openxml4j.opc.PackageRelationshipCollection.parseRelationshipsPart(PackageRelationshipCollection.java:307)oggger - Parsing relationship: /xl/worksheets/_rels/sheet1.xml.rels
07:22:42.809 [main] DEBUG org.apache.poi.openxml4j.opc.PackageRelationshipCollection.parseRelationshipsPart(PackageRelationshipCollection.java:307)oggger - Parsing relationship: /xl/worksheets/_rels/sheet2.xml.rels
07:22:42.810 [main] DEBUG org.apache.poi.openxml4j.opc.PackageRelationshipCollection.parseRelationshipsPart(PackageRelationshipCollection.java:307)oggger - Parsing relationship: /_rels/.rels
07:22:42.828 [main] DEBUG org.apache.poi.openxml4j.opc.PackageRelationshipCollection.parseRelationshipsPart(PackageRelationshipCollection.java:307)oggger - Parsing relationship: /xl/_rels/workbook.xml.rels
07:22:42.829 [main] DEBUG org.apache.poi.openxml4j.opc.PackageRelationshipCollection.parseRelationshipsPart(PackageRelationshipCollection.java:307)oggger - Parsing relationship: /xl/worksheets/_rels/sheet1.xml.rels
07:22:42.829 [main] DEBUG org.apache.poi.openxml4j.opc.PackageRelationshipCollection.parseRelationshipsPart(PackageRelationshipCollection.java:307)oggger - Parsing relationship: /xl/worksheets/_rels/sheet2.xml.rels
07:22:42.830 [main] DEBUG org.apache.poi.openxml4j.opc.PackageRelationshipCollection.parseRelationshipsPart(PackageRelationshipCollection.java:307)oggger - Parsing relationship: /_rels/.rels
07:22:42.850 [main] DEBUG org.apache.poi.openxml4j.opc.PackageRelationshipCollection.parseRelationshipsPart(PackageRelationshipCollection.java:307)oggger - Parsing relationship: /xl/_rels/workbook.xml.rels
07:22:42.851 [main] DEBUG org.apache.poi.openxml4j.opc.PackageRelationshipCollection.parseRelationshipsPart(PackageRelationshipCollection.java:307)oggger - Parsing relationship: /xl/worksheets/_rels/sheet1.xml.rels
07:22:42.852 [main] DEBUG org.apache.poi.openxml4j.opc.PackageRelationshipCollection.parseRelationshipsPart(PackageRelationshipCollection.java:307)oggger - Parsing relationship: /xl/worksheets/_rels/sheet2.xml.rels
07:22:42.853 [main] DEBUG org.apache.poi.openxml4j.opc.PackageRelationshipCollection.parseRelationshipsPart(PackageRelationshipCollection.java:307)oggger - Parsing relationship: /_rels/.rels
07:22:42.869 [main] DEBUG org.apache.poi.openxml4j.opc.PackageRelationshipCollection.parseRelationshipsPart(PackageRelationshipCollection.java:307)oggger - Parsing relationship: /xl/_rels/workbook.xml.rels
07:22:42.870 [main] DEBUG org.apache.poi.openxml4j.opc.PackageRelationshipCollection.parseRelationshipsPart(PackageRelationshipCollection.java:307)oggger - Parsing relationship: /xl/worksheets/_rels/sheet1.xml.rels
07:22:42.870 [main] DEBUG org.apache.poi.openxml4j.opc.PackageRelationshipCollection.parseRelationshipsPart(PackageRelationshipCollection.java:307)oggger - Parsing relationship: /xl/worksheets/_rels/sheet2.xml.rels
07:22:42.871 [main] DEBUG org.apache.poi.openxml4j.opc.PackageRelationshipCollection.parseRelationshipsPart(PackageRelationshipCollection.java:307)oggger - Parsing relationship: /_rels/.rels
07:22:42.890 [main] DEBUG org.apache.poi.openxml4j.opc.PackageRelationshipCollection.parseRelationshipsPart(PackageRelationshipCollection.java:307)oggger - Parsing relationship: /xl/_rels/workbook.xml.rels
07:22:42.891 [main] DEBUG org.apache.poi.openxml4j.opc.PackageRelationshipCollection.parseRelationshipsPart(PackageRelationshipCollection.java:307)oggger - Parsing relationship: /xl/worksheets/_rels/sheet1.xml.rels
07:22:42.892 [main] DEBUG org.apache.poi.openxml4j.opc.PackageRelationshipCollection.parseRelationshipsPart(PackageRelationshipCollection.java:307)oggger - Parsing relationship: /xl/worksheets/_rels/sheet2.xml.rels
07:22:42.892 [main] DEBUG org.apache.poi.openxml4j.opc.PackageRelationshipCollection.parseRelationshipsPart(PackageRelationshipCollection.java:307)oggger - Parsing relationship: /_rels/.rels
07:22:42.909 [main] DEBUG org.apache.poi.openxml4j.opc.PackageRelationshipCollection.parseRelationshipsPart(PackageRelationshipCollection.java:307)oggger - Parsing relationship: /xl/_rels/workbook.xml.rels
07:22:42.910 [main] DEBUG org.apache.poi.openxml4j.opc.PackageRelationshipCollection.parseRelationshipsPart(PackageRelationshipCollection.java:307)oggger - Parsing relationship: /xl/worksheets/_rels/sheet1.xml.rels
07:22:42.910 [main] DEBUG org.apache.poi.openxml4j.opc.PackageRelationshipCollection.parseRelationshipsPart(PackageRelationshipCollection.java:307)oggger - Parsing relationship: /xl/worksheets/_rels/sheet2.xml.rels
07:22:42.911 [main] DEBUG org.apache.poi.openxml4j.opc.PackageRelationshipCollection.parseRelationshipsPart(PackageRelationshipCollection.java:307)oggger - Parsing relationship: /_rels/.rels
07:22:42.928 [main] DEBUG org.apache.poi.openxml4j.opc.PackageRelationshipCollection.parseRelationshipsPart(PackageRelationshipCollection.java:307)oggger - Parsing relationship: /xl/_rels/workbook.xml.rels
07:22:42.929 [main] DEBUG org.apache.poi.openxml4j.opc.PackageRelationshipCollection.parseRelationshipsPart(PackageRelationshipCollection.java:307)oggger - Parsing relationship: /xl/worksheets/_rels/sheet1.xml.rels
07:22:42.930 [main] DEBUG org.apache.poi.openxml4j.opc.PackageRelationshipCollection.parseRelationshipsPart(PackageRelationshipCollection.java:307)oggger - Parsing relationship: /xl/worksheets/_rels/sheet2.xml.rels
07:22:42.930 [main] DEBUG org.apache.poi.openxml4j.opc.PackageRelationshipCollection.parseRelationshipsPart(PackageRelationshipCollection.java:307)oggger - Parsing relationship: /_rels/.rels
07:22:42.948 [main] DEBUG org.apache.poi.openxml4j.opc.PackageRelationshipCollection.parseRelationshipsPart(PackageRelationshipCollection.java:307)oggger - Parsing relationship: /xl/_rels/workbook.xml.rels
07:22:42.949 [main] DEBUG org.apache.poi.openxml4j.opc.PackageRelationshipCollection.parseRelationshipsPart(PackageRelationshipCollection.java:307)oggger - Parsing relationship: /xl/worksheets/_rels/sheet1.xml.rels
07:22:42.949 [main] DEBUG org.apache.poi.openxml4j.opc.PackageRelationshipCollection.parseRelationshipsPart(PackageRelationshipCollection.java:307)oggger - Parsing relationship: /xl/worksheets/_rels/sheet2.xml.rels
07:22:42.950 [main] DEBUG org.apache.poi.openxml4j.opc.PackageRelationshipCollection.parseRelationshipsPart(PackageRelationshipCollection.java:307)oggger - Parsing relationship: /_rels/.rels
07:22:42.975 [main] DEBUG org.apache.poi.openxml4j.opc.PackageRelationshipCollection.parseRelationshipsPart(PackageRelationshipCollection.java:307)oggger - Parsing relationship: /xl/_rels/workbook.xml.rels
07:22:42.977 [main] DEBUG org.apache.poi.openxml4j.opc.PackageRelationshipCollection.parseRelationshipsPart(PackageRelationshipCollection.java:307)oggger - Parsing relationship: /xl/worksheets/_rels/sheet1.xml.rels
07:22:42.979 [main] DEBUG org.apache.poi.openxml4j.opc.PackageRelationshipCollection.parseRelationshipsPart(PackageRelationshipCollection.java:307)oggger - Parsing relationship: /xl/worksheets/_rels/sheet2.xml.rels
07:22:42.981 [main] DEBUG org.apache.poi.openxml4j.opc.PackageRelationshipCollection.parseRelationshipsPart(PackageRelationshipCollection.java:307)oggger - Parsing relationship: /_rels/.rels
07:22:43.007 [main] DEBUG org.apache.poi.openxml4j.opc.PackageRelationshipCollection.parseRelationshipsPart(PackageRelationshipCollection.java:307)oggger - Parsing relationship: /xl/_rels/workbook.xml.rels
07:22:43.008 [main] DEBUG org.apache.poi.openxml4j.opc.PackageRelationshipCollection.parseRelationshipsPart(PackageRelationshipCollection.java:307)oggger - Parsing relationship: /xl/worksheets/_rels/sheet1.xml.rels
07:22:43.009 [main] DEBUG org.apache.poi.openxml4j.opc.PackageRelationshipCollection.parseRelationshipsPart(PackageRelationshipCollection.java:307)oggger - Parsing relationship: /xl/worksheets/_rels/sheet2.xml.rels
07:22:43.009 [main] DEBUG org.apache.poi.openxml4j.opc.PackageRelationshipCollection.parseRelationshipsPart(PackageRelationshipCollection.java:307)oggger - Parsing relationship: /_rels/.rels
07:22:43.033 [main] DEBUG org.apache.poi.openxml4j.opc.PackageRelationshipCollection.parseRelationshipsPart(PackageRelationshipCollection.java:307)oggger - Parsing relationship: /xl/_rels/workbook.xml.rels
07:22:43.035 [main] DEBUG org.apache.poi.openxml4j.opc.PackageRelationshipCollection.parseRelationshipsPart(PackageRelationshipCollection.java:307)oggger - Parsing relationship: /xl/worksheets/_rels/sheet1.xml.rels
07:22:43.036 [main] DEBUG org.apache.poi.openxml4j.opc.PackageRelationshipCollection.parseRelationshipsPart(PackageRelationshipCollection.java:307)oggger - Parsing relationship: /xl/worksheets/_rels/sheet2.xml.rels
07:22:43.036 [main] DEBUG org.apache.poi.openxml4j.opc.PackageRelationshipCollection.parseRelationshipsPart(PackageRelationshipCollection.java:307)oggger - Parsing relationship: /_rels/.rels
07:22:43.052 [main] DEBUG org.apache.poi.openxml4j.opc.PackageRelationshipCollection.parseRelationshipsPart(PackageRelationshipCollection.java:307)oggger - Parsing relationship: /xl/_rels/workbook.xml.rels
07:22:43.054 [main] DEBUG org.apache.poi.openxml4j.opc.PackageRelationshipCollection.parseRelationshipsPart(PackageRelationshipCollection.java:307)oggger - Parsing relationship: /xl/worksheets/_rels/sheet1.xml.rels
07:22:43.055 [main] DEBUG org.apache.poi.openxml4j.opc.PackageRelationshipCollection.parseRelationshipsPart(PackageRelationshipCollection.java:307)oggger - Parsing relationship: /xl/worksheets/_rels/sheet2.xml.rels
07:22:43.056 [main] DEBUG org.apache.poi.openxml4j.opc.PackageRelationshipCollection.parseRelationshipsPart(PackageRelationshipCollection.java:307)oggger - Parsing relationship: /_rels/.rels
07:22:43.077 [main] DEBUG org.apache.poi.openxml4j.opc.PackageRelationshipCollection.parseRelationshipsPart(PackageRelationshipCollection.java:307)oggger - Parsing relationship: /xl/_rels/workbook.xml.rels
07:22:43.078 [main] DEBUG org.apache.poi.openxml4j.opc.PackageRelationshipCollection.parseRelationshipsPart(PackageRelationshipCollection.java:307)oggger - Parsing relationship: /xl/worksheets/_rels/sheet1.xml.rels
07:22:43.079 [main] DEBUG org.apache.poi.openxml4j.opc.PackageRelationshipCollection.parseRelationshipsPart(PackageRelationshipCollection.java:307)oggger - Parsing relationship: /xl/worksheets/_rels/sheet2.xml.rels
07:22:43.079 [main] DEBUG org.apache.poi.openxml4j.opc.PackageRelationshipCollection.parseRelationshipsPart(PackageRelationshipCollection.java:307)oggger - Parsing relationship: /_rels/.rels
07:22:43.097 [main] DEBUG org.apache.poi.openxml4j.opc.PackageRelationshipCollection.parseRelationshipsPart(PackageRelationshipCollection.java:307)oggger - Parsing relationship: /xl/_rels/workbook.xml.rels
07:22:43.097 [main] DEBUG org.apache.poi.openxml4j.opc.PackageRelationshipCollection.parseRelationshipsPart(PackageRelationshipCollection.java:307)oggger - Parsing relationship: /xl/worksheets/_rels/sheet1.xml.rels
07:22:43.100 [main] DEBUG org.apache.poi.openxml4j.opc.PackageRelationshipCollection.parseRelationshipsPart(PackageRelationshipCollection.java:307)oggger - Parsing relationship: /xl/worksheets/_rels/sheet2.xml.rels
07:22:43.101 [main] DEBUG org.apache.poi.openxml4j.opc.PackageRelationshipCollection.parseRelationshipsPart(PackageRelationshipCollection.java:307)oggger - Parsing relationship: /_rels/.rels
07:22:43.114 [main] DEBUG org.apache.poi.openxml4j.opc.PackageRelationshipCollection.parseRelationshipsPart(PackageRelationshipCollection.java:307)oggger - Parsing relationship: /xl/_rels/workbook.xml.rels
07:22:43.115 [main] DEBUG org.apache.poi.openxml4j.opc.PackageRelationshipCollection.parseRelationshipsPart(PackageRelationshipCollection.java:307)oggger - Parsing relationship: /xl/worksheets/_rels/sheet1.xml.rels
07:22:43.116 [main] DEBUG org.apache.poi.openxml4j.opc.PackageRelationshipCollection.parseRelationshipsPart(PackageRelationshipCollection.java:307)oggger - Parsing relationship: /xl/worksheets/_rels/sheet2.xml.rels
07:22:43.116 [main] DEBUG org.apache.poi.openxml4j.opc.PackageRelationshipCollection.parseRelationshipsPart(PackageRelationshipCollection.java:307)oggger - Parsing relationship: /_rels/.rels
07:23:07.114 [main] DEBUG org.testng.log4testng.Logger.debug(Logger.java:82)oggger - suiteXmlPath: "C:\Users\VedaB\eclipse-workspace\OpenCartV121\master.xml"
07:23:07.883 [main] INFO  org.testng.log4testng.Logger.info(Logger.java:112)oggger - [TestNG] Running:
  C:\Users\VedaB\eclipse-workspace\OpenCartV121\master.xml

07:23:12.329 [main] DEBUG org.apache.poi.openxml4j.opc.PackageRelationshipCollection.parseRelationshipsPart(PackageRelationshipCollection.java:307)oggger - Parsing relationship: /xl/_rels/workbook.xml.rels
07:23:12.333 [main] DEBUG org.apache.poi.openxml4j.opc.PackageRelationshipCollection.parseRelationshipsPart(PackageRelationshipCollection.java:307)oggger - Parsing relationship: /xl/worksheets/_rels/sheet1.xml.rels
07:23:12.335 [main] DEBUG org.apache.poi.openxml4j.opc.PackageRelationshipCollection.parseRelationshipsPart(PackageRelationshipCollection.java:307)oggger - Parsing relationship: /xl/worksheets/_rels/sheet2.xml.rels
07:23:12.337 [main] DEBUG org.apache.poi.openxml4j.opc.PackageRelationshipCollection.parseRelationshipsPart(PackageRelationshipCollection.java:307)oggger - Parsing relationship: /_rels/.rels
07:23:13.402 [main] DEBUG org.apache.poi.openxml4j.opc.PackageRelationshipCollection.parseRelationshipsPart(PackageRelationshipCollection.java:307)oggger - Parsing relationship: /xl/_rels/workbook.xml.rels
07:23:13.404 [main] DEBUG org.apache.poi.openxml4j.opc.PackageRelationshipCollection.parseRelationshipsPart(PackageRelationshipCollection.java:307)oggger - Parsing relationship: /xl/worksheets/_rels/sheet1.xml.rels
07:23:13.406 [main] DEBUG org.apache.poi.openxml4j.opc.PackageRelationshipCollection.parseRelationshipsPart(PackageRelationshipCollection.java:307)oggger - Parsing relationship: /xl/worksheets/_rels/sheet2.xml.rels
07:23:13.408 [main] DEBUG org.apache.poi.openxml4j.opc.PackageRelationshipCollection.parseRelationshipsPart(PackageRelationshipCollection.java:307)oggger - Parsing relationship: /_rels/.rels
07:23:13.469 [main] DEBUG org.apache.poi.openxml4j.opc.PackageRelationshipCollection.parseRelationshipsPart(PackageRelationshipCollection.java:307)oggger - Parsing relationship: /xl/_rels/workbook.xml.rels
07:23:13.472 [main] DEBUG org.apache.poi.openxml4j.opc.PackageRelationshipCollection.parseRelationshipsPart(PackageRelationshipCollection.java:307)oggger - Parsing relationship: /xl/worksheets/_rels/sheet1.xml.rels
07:23:13.474 [main] DEBUG org.apache.poi.openxml4j.opc.PackageRelationshipCollection.parseRelationshipsPart(PackageRelationshipCollection.java:307)oggger - Parsing relationship: /xl/worksheets/_rels/sheet2.xml.rels
07:23:13.475 [main] DEBUG org.apache.poi.openxml4j.opc.PackageRelationshipCollection.parseRelationshipsPart(PackageRelationshipCollection.java:307)oggger - Parsing relationship: /_rels/.rels
07:23:13.529 [main] DEBUG org.apache.poi.openxml4j.opc.PackageRelationshipCollection.parseRelationshipsPart(PackageRelationshipCollection.java:307)oggger - Parsing relationship: /xl/_rels/workbook.xml.rels
07:23:13.531 [main] DEBUG org.apache.poi.openxml4j.opc.PackageRelationshipCollection.parseRelationshipsPart(PackageRelationshipCollection.java:307)oggger - Parsing relationship: /xl/worksheets/_rels/sheet1.xml.rels
07:23:13.532 [main] DEBUG org.apache.poi.openxml4j.opc.PackageRelationshipCollection.parseRelationshipsPart(PackageRelationshipCollection.java:307)oggger - Parsing relationship: /xl/worksheets/_rels/sheet2.xml.rels
07:23:13.533 [main] DEBUG org.apache.poi.openxml4j.opc.PackageRelationshipCollection.parseRelationshipsPart(PackageRelationshipCollection.java:307)oggger - Parsing relationship: /_rels/.rels
07:23:13.566 [main] DEBUG org.apache.poi.openxml4j.opc.PackageRelationshipCollection.parseRelationshipsPart(PackageRelationshipCollection.java:307)oggger - Parsing relationship: /xl/_rels/workbook.xml.rels
07:23:13.567 [main] DEBUG org.apache.poi.openxml4j.opc.PackageRelationshipCollection.parseRelationshipsPart(PackageRelationshipCollection.java:307)oggger - Parsing relationship: /xl/worksheets/_rels/sheet1.xml.rels
07:23:13.568 [main] DEBUG org.apache.poi.openxml4j.opc.PackageRelationshipCollection.parseRelationshipsPart(PackageRelationshipCollection.java:307)oggger - Parsing relationship: /xl/worksheets/_rels/sheet2.xml.rels
07:23:13.569 [main] DEBUG org.apache.poi.openxml4j.opc.PackageRelationshipCollection.parseRelationshipsPart(PackageRelationshipCollection.java:307)oggger - Parsing relationship: /_rels/.rels
07:23:13.600 [main] DEBUG org.apache.poi.openxml4j.opc.PackageRelationshipCollection.parseRelationshipsPart(PackageRelationshipCollection.java:307)oggger - Parsing relationship: /xl/_rels/workbook.xml.rels
07:23:13.601 [main] DEBUG org.apache.poi.openxml4j.opc.PackageRelationshipCollection.parseRelationshipsPart(PackageRelationshipCollection.java:307)oggger - Parsing relationship: /xl/worksheets/_rels/sheet1.xml.rels
07:23:13.602 [main] DEBUG org.apache.poi.openxml4j.opc.PackageRelationshipCollection.parseRelationshipsPart(PackageRelationshipCollection.java:307)oggger - Parsing relationship: /xl/worksheets/_rels/sheet2.xml.rels
07:23:13.603 [main] DEBUG org.apache.poi.openxml4j.opc.PackageRelationshipCollection.parseRelationshipsPart(PackageRelationshipCollection.java:307)oggger - Parsing relationship: /_rels/.rels
07:23:13.629 [main] DEBUG org.apache.poi.openxml4j.opc.PackageRelationshipCollection.parseRelationshipsPart(PackageRelationshipCollection.java:307)oggger - Parsing relationship: /xl/_rels/workbook.xml.rels
07:23:13.630 [main] DEBUG org.apache.poi.openxml4j.opc.PackageRelationshipCollection.parseRelationshipsPart(PackageRelationshipCollection.java:307)oggger - Parsing relationship: /xl/worksheets/_rels/sheet1.xml.rels
07:23:13.631 [main] DEBUG org.apache.poi.openxml4j.opc.PackageRelationshipCollection.parseRelationshipsPart(PackageRelationshipCollection.java:307)oggger - Parsing relationship: /xl/worksheets/_rels/sheet2.xml.rels
07:23:13.632 [main] DEBUG org.apache.poi.openxml4j.opc.PackageRelationshipCollection.parseRelationshipsPart(PackageRelationshipCollection.java:307)oggger - Parsing relationship: /_rels/.rels
07:23:13.655 [main] DEBUG org.apache.poi.openxml4j.opc.PackageRelationshipCollection.parseRelationshipsPart(PackageRelationshipCollection.java:307)oggger - Parsing relationship: /xl/_rels/workbook.xml.rels
07:23:13.656 [main] DEBUG org.apache.poi.openxml4j.opc.PackageRelationshipCollection.parseRelationshipsPart(PackageRelationshipCollection.java:307)oggger - Parsing relationship: /xl/worksheets/_rels/sheet1.xml.rels
07:23:13.656 [main] DEBUG org.apache.poi.openxml4j.opc.PackageRelationshipCollection.parseRelationshipsPart(PackageRelationshipCollection.java:307)oggger - Parsing relationship: /xl/worksheets/_rels/sheet2.xml.rels
07:23:13.657 [main] DEBUG org.apache.poi.openxml4j.opc.PackageRelationshipCollection.parseRelationshipsPart(PackageRelationshipCollection.java:307)oggger - Parsing relationship: /_rels/.rels
07:23:13.684 [main] DEBUG org.apache.poi.openxml4j.opc.PackageRelationshipCollection.parseRelationshipsPart(PackageRelationshipCollection.java:307)oggger - Parsing relationship: /xl/_rels/workbook.xml.rels
07:23:13.685 [main] DEBUG org.apache.poi.openxml4j.opc.PackageRelationshipCollection.parseRelationshipsPart(PackageRelationshipCollection.java:307)oggger - Parsing relationship: /xl/worksheets/_rels/sheet1.xml.rels
07:23:13.686 [main] DEBUG org.apache.poi.openxml4j.opc.PackageRelationshipCollection.parseRelationshipsPart(PackageRelationshipCollection.java:307)oggger - Parsing relationship: /xl/worksheets/_rels/sheet2.xml.rels
07:23:13.687 [main] DEBUG org.apache.poi.openxml4j.opc.PackageRelationshipCollection.parseRelationshipsPart(PackageRelationshipCollection.java:307)oggger - Parsing relationship: /_rels/.rels
07:23:13.710 [main] DEBUG org.apache.poi.openxml4j.opc.PackageRelationshipCollection.parseRelationshipsPart(PackageRelationshipCollection.java:307)oggger - Parsing relationship: /xl/_rels/workbook.xml.rels
07:23:13.711 [main] DEBUG org.apache.poi.openxml4j.opc.PackageRelationshipCollection.parseRelationshipsPart(PackageRelationshipCollection.java:307)oggger - Parsing relationship: /xl/worksheets/_rels/sheet1.xml.rels
07:23:13.711 [main] DEBUG org.apache.poi.openxml4j.opc.PackageRelationshipCollection.parseRelationshipsPart(PackageRelationshipCollection.java:307)oggger - Parsing relationship: /xl/worksheets/_rels/sheet2.xml.rels
07:23:13.712 [main] DEBUG org.apache.poi.openxml4j.opc.PackageRelationshipCollection.parseRelationshipsPart(PackageRelationshipCollection.java:307)oggger - Parsing relationship: /_rels/.rels
07:23:13.733 [main] DEBUG org.apache.poi.openxml4j.opc.PackageRelationshipCollection.parseRelationshipsPart(PackageRelationshipCollection.java:307)oggger - Parsing relationship: /xl/_rels/workbook.xml.rels
07:23:13.734 [main] DEBUG org.apache.poi.openxml4j.opc.PackageRelationshipCollection.parseRelationshipsPart(PackageRelationshipCollection.java:307)oggger - Parsing relationship: /xl/worksheets/_rels/sheet1.xml.rels
07:23:13.735 [main] DEBUG org.apache.poi.openxml4j.opc.PackageRelationshipCollection.parseRelationshipsPart(PackageRelationshipCollection.java:307)oggger - Parsing relationship: /xl/worksheets/_rels/sheet2.xml.rels
07:23:13.736 [main] DEBUG org.apache.poi.openxml4j.opc.PackageRelationshipCollection.parseRelationshipsPart(PackageRelationshipCollection.java:307)oggger - Parsing relationship: /_rels/.rels
07:23:13.756 [main] DEBUG org.apache.poi.openxml4j.opc.PackageRelationshipCollection.parseRelationshipsPart(PackageRelationshipCollection.java:307)oggger - Parsing relationship: /xl/_rels/workbook.xml.rels
07:23:13.757 [main] DEBUG org.apache.poi.openxml4j.opc.PackageRelationshipCollection.parseRelationshipsPart(PackageRelationshipCollection.java:307)oggger - Parsing relationship: /xl/worksheets/_rels/sheet1.xml.rels
07:23:13.757 [main] DEBUG org.apache.poi.openxml4j.opc.PackageRelationshipCollection.parseRelationshipsPart(PackageRelationshipCollection.java:307)oggger - Parsing relationship: /xl/worksheets/_rels/sheet2.xml.rels
07:23:13.758 [main] DEBUG org.apache.poi.openxml4j.opc.PackageRelationshipCollection.parseRelationshipsPart(PackageRelationshipCollection.java:307)oggger - Parsing relationship: /_rels/.rels
07:23:13.778 [main] DEBUG org.apache.poi.openxml4j.opc.PackageRelationshipCollection.parseRelationshipsPart(PackageRelationshipCollection.java:307)oggger - Parsing relationship: /xl/_rels/workbook.xml.rels
07:23:13.779 [main] DEBUG org.apache.poi.openxml4j.opc.PackageRelationshipCollection.parseRelationshipsPart(PackageRelationshipCollection.java:307)oggger - Parsing relationship: /xl/worksheets/_rels/sheet1.xml.rels
07:23:13.780 [main] DEBUG org.apache.poi.openxml4j.opc.PackageRelationshipCollection.parseRelationshipsPart(PackageRelationshipCollection.java:307)oggger - Parsing relationship: /xl/worksheets/_rels/sheet2.xml.rels
07:23:13.780 [main] DEBUG org.apache.poi.openxml4j.opc.PackageRelationshipCollection.parseRelationshipsPart(PackageRelationshipCollection.java:307)oggger - Parsing relationship: /_rels/.rels
07:23:13.804 [main] DEBUG org.apache.poi.openxml4j.opc.PackageRelationshipCollection.parseRelationshipsPart(PackageRelationshipCollection.java:307)oggger - Parsing relationship: /xl/_rels/workbook.xml.rels
07:23:13.805 [main] DEBUG org.apache.poi.openxml4j.opc.PackageRelationshipCollection.parseRelationshipsPart(PackageRelationshipCollection.java:307)oggger - Parsing relationship: /xl/worksheets/_rels/sheet1.xml.rels
07:23:13.806 [main] DEBUG org.apache.poi.openxml4j.opc.PackageRelationshipCollection.parseRelationshipsPart(PackageRelationshipCollection.java:307)oggger - Parsing relationship: /xl/worksheets/_rels/sheet2.xml.rels
07:23:13.806 [main] DEBUG org.apache.poi.openxml4j.opc.PackageRelationshipCollection.parseRelationshipsPart(PackageRelationshipCollection.java:307)oggger - Parsing relationship: /_rels/.rels
07:23:13.828 [main] DEBUG org.apache.poi.openxml4j.opc.PackageRelationshipCollection.parseRelationshipsPart(PackageRelationshipCollection.java:307)oggger - Parsing relationship: /xl/_rels/workbook.xml.rels
07:23:13.829 [main] DEBUG org.apache.poi.openxml4j.opc.PackageRelationshipCollection.parseRelationshipsPart(PackageRelationshipCollection.java:307)oggger - Parsing relationship: /xl/worksheets/_rels/sheet1.xml.rels
07:23:13.831 [main] DEBUG org.apache.poi.openxml4j.opc.PackageRelationshipCollection.parseRelationshipsPart(PackageRelationshipCollection.java:307)oggger - Parsing relationship: /xl/worksheets/_rels/sheet2.xml.rels
07:23:13.831 [main] DEBUG org.apache.poi.openxml4j.opc.PackageRelationshipCollection.parseRelationshipsPart(PackageRelationshipCollection.java:307)oggger - Parsing relationship: /_rels/.rels
07:23:13.851 [main] DEBUG org.apache.poi.openxml4j.opc.PackageRelationshipCollection.parseRelationshipsPart(PackageRelationshipCollection.java:307)oggger - Parsing relationship: /xl/_rels/workbook.xml.rels
07:23:13.852 [main] DEBUG org.apache.poi.openxml4j.opc.PackageRelationshipCollection.parseRelationshipsPart(PackageRelationshipCollection.java:307)oggger - Parsing relationship: /xl/worksheets/_rels/sheet1.xml.rels
07:23:13.852 [main] DEBUG org.apache.poi.openxml4j.opc.PackageRelationshipCollection.parseRelationshipsPart(PackageRelationshipCollection.java:307)oggger - Parsing relationship: /xl/worksheets/_rels/sheet2.xml.rels
07:23:13.853 [main] DEBUG org.apache.poi.openxml4j.opc.PackageRelationshipCollection.parseRelationshipsPart(PackageRelationshipCollection.java:307)oggger - Parsing relationship: /_rels/.rels
07:23:13.880 [main] DEBUG org.apache.poi.openxml4j.opc.PackageRelationshipCollection.parseRelationshipsPart(PackageRelationshipCollection.java:307)oggger - Parsing relationship: /xl/_rels/workbook.xml.rels
07:23:13.880 [main] DEBUG org.apache.poi.openxml4j.opc.PackageRelationshipCollection.parseRelationshipsPart(PackageRelationshipCollection.java:307)oggger - Parsing relationship: /xl/worksheets/_rels/sheet1.xml.rels
07:23:13.881 [main] DEBUG org.apache.poi.openxml4j.opc.PackageRelationshipCollection.parseRelationshipsPart(PackageRelationshipCollection.java:307)oggger - Parsing relationship: /xl/worksheets/_rels/sheet2.xml.rels
07:23:13.882 [main] DEBUG org.apache.poi.openxml4j.opc.PackageRelationshipCollection.parseRelationshipsPart(PackageRelationshipCollection.java:307)oggger - Parsing relationship: /_rels/.rels
07:23:13.901 [main] DEBUG org.apache.poi.openxml4j.opc.PackageRelationshipCollection.parseRelationshipsPart(PackageRelationshipCollection.java:307)oggger - Parsing relationship: /xl/_rels/workbook.xml.rels
07:23:13.902 [main] DEBUG org.apache.poi.openxml4j.opc.PackageRelationshipCollection.parseRelationshipsPart(PackageRelationshipCollection.java:307)oggger - Parsing relationship: /xl/worksheets/_rels/sheet1.xml.rels
07:23:13.903 [main] DEBUG org.apache.poi.openxml4j.opc.PackageRelationshipCollection.parseRelationshipsPart(PackageRelationshipCollection.java:307)oggger - Parsing relationship: /xl/worksheets/_rels/sheet2.xml.rels
07:23:13.904 [main] DEBUG org.apache.poi.openxml4j.opc.PackageRelationshipCollection.parseRelationshipsPart(PackageRelationshipCollection.java:307)oggger - Parsing relationship: /_rels/.rels
07:23:13.925 [main] DEBUG org.apache.poi.openxml4j.opc.PackageRelationshipCollection.parseRelationshipsPart(PackageRelationshipCollection.java:307)oggger - Parsing relationship: /xl/_rels/workbook.xml.rels
07:23:13.926 [main] DEBUG org.apache.poi.openxml4j.opc.PackageRelationshipCollection.parseRelationshipsPart(PackageRelationshipCollection.java:307)oggger - Parsing relationship: /xl/worksheets/_rels/sheet1.xml.rels
07:23:13.927 [main] DEBUG org.apache.poi.openxml4j.opc.PackageRelationshipCollection.parseRelationshipsPart(PackageRelationshipCollection.java:307)oggger - Parsing relationship: /xl/worksheets/_rels/sheet2.xml.rels
07:23:13.927 [main] DEBUG org.apache.poi.openxml4j.opc.PackageRelationshipCollection.parseRelationshipsPart(PackageRelationshipCollection.java:307)oggger - Parsing relationship: /_rels/.rels
07:23:13.946 [main] DEBUG org.apache.poi.openxml4j.opc.PackageRelationshipCollection.parseRelationshipsPart(PackageRelationshipCollection.java:307)oggger - Parsing relationship: /xl/_rels/workbook.xml.rels
07:23:13.947 [main] DEBUG org.apache.poi.openxml4j.opc.PackageRelationshipCollection.parseRelationshipsPart(PackageRelationshipCollection.java:307)oggger - Parsing relationship: /xl/worksheets/_rels/sheet1.xml.rels
07:23:13.948 [main] DEBUG org.apache.poi.openxml4j.opc.PackageRelationshipCollection.parseRelationshipsPart(PackageRelationshipCollection.java:307)oggger - Parsing relationship: /xl/worksheets/_rels/sheet2.xml.rels
07:23:13.948 [main] DEBUG org.apache.poi.openxml4j.opc.PackageRelationshipCollection.parseRelationshipsPart(PackageRelationshipCollection.java:307)oggger - Parsing relationship: /_rels/.rels
07:23:13.965 [main] DEBUG org.apache.poi.openxml4j.opc.PackageRelationshipCollection.parseRelationshipsPart(PackageRelationshipCollection.java:307)oggger - Parsing relationship: /xl/_rels/workbook.xml.rels
07:23:13.967 [main] DEBUG org.apache.poi.openxml4j.opc.PackageRelationshipCollection.parseRelationshipsPart(PackageRelationshipCollection.java:307)oggger - Parsing relationship: /xl/worksheets/_rels/sheet1.xml.rels
07:23:13.971 [main] DEBUG org.apache.poi.openxml4j.opc.PackageRelationshipCollection.parseRelationshipsPart(PackageRelationshipCollection.java:307)oggger - Parsing relationship: /xl/worksheets/_rels/sheet2.xml.rels
07:23:13.972 [main] DEBUG org.apache.poi.openxml4j.opc.PackageRelationshipCollection.parseRelationshipsPart(PackageRelationshipCollection.java:307)oggger - Parsing relationship: /_rels/.rels
07:23:13.999 [main] DEBUG org.apache.poi.openxml4j.opc.PackageRelationshipCollection.parseRelationshipsPart(PackageRelationshipCollection.java:307)oggger - Parsing relationship: /xl/_rels/workbook.xml.rels
07:23:14.000 [main] DEBUG org.apache.poi.openxml4j.opc.PackageRelationshipCollection.parseRelationshipsPart(PackageRelationshipCollection.java:307)oggger - Parsing relationship: /xl/worksheets/_rels/sheet1.xml.rels
07:23:14.001 [main] DEBUG org.apache.poi.openxml4j.opc.PackageRelationshipCollection.parseRelationshipsPart(PackageRelationshipCollection.java:307)oggger - Parsing relationship: /xl/worksheets/_rels/sheet2.xml.rels
07:23:14.003 [main] DEBUG org.apache.poi.openxml4j.opc.PackageRelationshipCollection.parseRelationshipsPart(PackageRelationshipCollection.java:307)oggger - Parsing relationship: /_rels/.rels
07:23:14.030 [main] DEBUG org.apache.poi.openxml4j.opc.PackageRelationshipCollection.parseRelationshipsPart(PackageRelationshipCollection.java:307)oggger - Parsing relationship: /xl/_rels/workbook.xml.rels
07:23:14.031 [main] DEBUG org.apache.poi.openxml4j.opc.PackageRelationshipCollection.parseRelationshipsPart(PackageRelationshipCollection.java:307)oggger - Parsing relationship: /xl/worksheets/_rels/sheet1.xml.rels
07:23:14.031 [main] DEBUG org.apache.poi.openxml4j.opc.PackageRelationshipCollection.parseRelationshipsPart(PackageRelationshipCollection.java:307)oggger - Parsing relationship: /xl/worksheets/_rels/sheet2.xml.rels
07:23:14.032 [main] DEBUG org.apache.poi.openxml4j.opc.PackageRelationshipCollection.parseRelationshipsPart(PackageRelationshipCollection.java:307)oggger - Parsing relationship: /_rels/.rels
07:23:14.053 [main] DEBUG org.apache.poi.openxml4j.opc.PackageRelationshipCollection.parseRelationshipsPart(PackageRelationshipCollection.java:307)oggger - Parsing relationship: /xl/_rels/workbook.xml.rels
07:23:14.056 [main] DEBUG org.apache.poi.openxml4j.opc.PackageRelationshipCollection.parseRelationshipsPart(PackageRelationshipCollection.java:307)oggger - Parsing relationship: /xl/worksheets/_rels/sheet1.xml.rels
07:23:14.057 [main] DEBUG org.apache.poi.openxml4j.opc.PackageRelationshipCollection.parseRelationshipsPart(PackageRelationshipCollection.java:307)oggger - Parsing relationship: /xl/worksheets/_rels/sheet2.xml.rels
07:23:14.058 [main] DEBUG org.apache.poi.openxml4j.opc.PackageRelationshipCollection.parseRelationshipsPart(PackageRelationshipCollection.java:307)oggger - Parsing relationship: /_rels/.rels
07:23:14.077 [main] DEBUG org.apache.poi.openxml4j.opc.PackageRelationshipCollection.parseRelationshipsPart(PackageRelationshipCollection.java:307)oggger - Parsing relationship: /xl/_rels/workbook.xml.rels
07:23:14.077 [main] DEBUG org.apache.poi.openxml4j.opc.PackageRelationshipCollection.parseRelationshipsPart(PackageRelationshipCollection.java:307)oggger - Parsing relationship: /xl/worksheets/_rels/sheet1.xml.rels
07:23:14.078 [main] DEBUG org.apache.poi.openxml4j.opc.PackageRelationshipCollection.parseRelationshipsPart(PackageRelationshipCollection.java:307)oggger - Parsing relationship: /xl/worksheets/_rels/sheet2.xml.rels
07:23:14.079 [main] DEBUG org.apache.poi.openxml4j.opc.PackageRelationshipCollection.parseRelationshipsPart(PackageRelationshipCollection.java:307)oggger - Parsing relationship: /_rels/.rels
07:23:14.100 [main] DEBUG org.apache.poi.openxml4j.opc.PackageRelationshipCollection.parseRelationshipsPart(PackageRelationshipCollection.java:307)oggger - Parsing relationship: /xl/_rels/workbook.xml.rels
07:23:14.100 [main] DEBUG org.apache.poi.openxml4j.opc.PackageRelationshipCollection.parseRelationshipsPart(PackageRelationshipCollection.java:307)oggger - Parsing relationship: /xl/worksheets/_rels/sheet1.xml.rels
07:23:14.101 [main] DEBUG org.apache.poi.openxml4j.opc.PackageRelationshipCollection.parseRelationshipsPart(PackageRelationshipCollection.java:307)oggger - Parsing relationship: /xl/worksheets/_rels/sheet2.xml.rels
07:23:14.102 [main] DEBUG org.apache.poi.openxml4j.opc.PackageRelationshipCollection.parseRelationshipsPart(PackageRelationshipCollection.java:307)oggger - Parsing relationship: /_rels/.rels
07:23:14.128 [main] DEBUG org.apache.poi.openxml4j.opc.PackageRelationshipCollection.parseRelationshipsPart(PackageRelationshipCollection.java:307)oggger - Parsing relationship: /xl/_rels/workbook.xml.rels
07:23:14.129 [main] DEBUG org.apache.poi.openxml4j.opc.PackageRelationshipCollection.parseRelationshipsPart(PackageRelationshipCollection.java:307)oggger - Parsing relationship: /xl/worksheets/_rels/sheet1.xml.rels
07:23:14.130 [main] DEBUG org.apache.poi.openxml4j.opc.PackageRelationshipCollection.parseRelationshipsPart(PackageRelationshipCollection.java:307)oggger - Parsing relationship: /xl/worksheets/_rels/sheet2.xml.rels
07:23:14.130 [main] DEBUG org.apache.poi.openxml4j.opc.PackageRelationshipCollection.parseRelationshipsPart(PackageRelationshipCollection.java:307)oggger - Parsing relationship: /_rels/.rels
07:23:14.146 [main] DEBUG org.apache.poi.openxml4j.opc.PackageRelationshipCollection.parseRelationshipsPart(PackageRelationshipCollection.java:307)oggger - Parsing relationship: /xl/_rels/workbook.xml.rels
07:23:14.147 [main] DEBUG org.apache.poi.openxml4j.opc.PackageRelationshipCollection.parseRelationshipsPart(PackageRelationshipCollection.java:307)oggger - Parsing relationship: /xl/worksheets/_rels/sheet1.xml.rels
07:23:14.148 [main] DEBUG org.apache.poi.openxml4j.opc.PackageRelationshipCollection.parseRelationshipsPart(PackageRelationshipCollection.java:307)oggger - Parsing relationship: /xl/worksheets/_rels/sheet2.xml.rels
07:23:14.148 [main] DEBUG org.apache.poi.openxml4j.opc.PackageRelationshipCollection.parseRelationshipsPart(PackageRelationshipCollection.java:307)oggger - Parsing relationship: /_rels/.rels
07:23:14.164 [main] DEBUG org.apache.poi.openxml4j.opc.PackageRelationshipCollection.parseRelationshipsPart(PackageRelationshipCollection.java:307)oggger - Parsing relationship: /xl/_rels/workbook.xml.rels
07:23:14.165 [main] DEBUG org.apache.poi.openxml4j.opc.PackageRelationshipCollection.parseRelationshipsPart(PackageRelationshipCollection.java:307)oggger - Parsing relationship: /xl/worksheets/_rels/sheet1.xml.rels
07:23:14.166 [main] DEBUG org.apache.poi.openxml4j.opc.PackageRelationshipCollection.parseRelationshipsPart(PackageRelationshipCollection.java:307)oggger - Parsing relationship: /xl/worksheets/_rels/sheet2.xml.rels
07:23:14.166 [main] DEBUG org.apache.poi.openxml4j.opc.PackageRelationshipCollection.parseRelationshipsPart(PackageRelationshipCollection.java:307)oggger - Parsing relationship: /_rels/.rels
07:23:14.180 [main] DEBUG org.apache.poi.openxml4j.opc.PackageRelationshipCollection.parseRelationshipsPart(PackageRelationshipCollection.java:307)oggger - Parsing relationship: /xl/_rels/workbook.xml.rels
07:23:14.180 [main] DEBUG org.apache.poi.openxml4j.opc.PackageRelationshipCollection.parseRelationshipsPart(PackageRelationshipCollection.java:307)oggger - Parsing relationship: /xl/worksheets/_rels/sheet1.xml.rels
07:23:14.181 [main] DEBUG org.apache.poi.openxml4j.opc.PackageRelationshipCollection.parseRelationshipsPart(PackageRelationshipCollection.java:307)oggger - Parsing relationship: /xl/worksheets/_rels/sheet2.xml.rels
07:23:14.182 [main] DEBUG org.apache.poi.openxml4j.opc.PackageRelationshipCollection.parseRelationshipsPart(PackageRelationshipCollection.java:307)oggger - Parsing relationship: /_rels/.rels
07:23:14.195 [main] DEBUG org.apache.poi.openxml4j.opc.PackageRelationshipCollection.parseRelationshipsPart(PackageRelationshipCollection.java:307)oggger - Parsing relationship: /xl/_rels/workbook.xml.rels
07:23:14.195 [main] DEBUG org.apache.poi.openxml4j.opc.PackageRelationshipCollection.parseRelationshipsPart(PackageRelationshipCollection.java:307)oggger - Parsing relationship: /xl/worksheets/_rels/sheet1.xml.rels
07:23:14.196 [main] DEBUG org.apache.poi.openxml4j.opc.PackageRelationshipCollection.parseRelationshipsPart(PackageRelationshipCollection.java:307)oggger - Parsing relationship: /xl/worksheets/_rels/sheet2.xml.rels
07:23:14.197 [main] DEBUG org.apache.poi.openxml4j.opc.PackageRelationshipCollection.parseRelationshipsPart(PackageRelationshipCollection.java:307)oggger - Parsing relationship: /_rels/.rels
07:23:14.212 [main] DEBUG org.apache.poi.openxml4j.opc.PackageRelationshipCollection.parseRelationshipsPart(PackageRelationshipCollection.java:307)oggger - Parsing relationship: /xl/_rels/workbook.xml.rels
07:23:14.213 [main] DEBUG org.apache.poi.openxml4j.opc.PackageRelationshipCollection.parseRelationshipsPart(PackageRelationshipCollection.java:307)oggger - Parsing relationship: /xl/worksheets/_rels/sheet1.xml.rels
07:23:14.214 [main] DEBUG org.apache.poi.openxml4j.opc.PackageRelationshipCollection.parseRelationshipsPart(PackageRelationshipCollection.java:307)oggger - Parsing relationship: /xl/worksheets/_rels/sheet2.xml.rels
07:23:14.215 [main] DEBUG org.apache.poi.openxml4j.opc.PackageRelationshipCollection.parseRelationshipsPart(PackageRelationshipCollection.java:307)oggger - Parsing relationship: /_rels/.rels
07:23:14.229 [main] DEBUG org.apache.poi.openxml4j.opc.PackageRelationshipCollection.parseRelationshipsPart(PackageRelationshipCollection.java:307)oggger - Parsing relationship: /xl/_rels/workbook.xml.rels
07:23:14.229 [main] DEBUG org.apache.poi.openxml4j.opc.PackageRelationshipCollection.parseRelationshipsPart(PackageRelationshipCollection.java:307)oggger - Parsing relationship: /xl/worksheets/_rels/sheet1.xml.rels
07:23:14.230 [main] DEBUG org.apache.poi.openxml4j.opc.PackageRelationshipCollection.parseRelationshipsPart(PackageRelationshipCollection.java:307)oggger - Parsing relationship: /xl/worksheets/_rels/sheet2.xml.rels
07:23:14.230 [main] DEBUG org.apache.poi.openxml4j.opc.PackageRelationshipCollection.parseRelationshipsPart(PackageRelationshipCollection.java:307)oggger - Parsing relationship: /_rels/.rels
07:23:14.245 [main] DEBUG org.apache.poi.openxml4j.opc.PackageRelationshipCollection.parseRelationshipsPart(PackageRelationshipCollection.java:307)oggger - Parsing relationship: /xl/_rels/workbook.xml.rels
07:23:14.246 [main] DEBUG org.apache.poi.openxml4j.opc.PackageRelationshipCollection.parseRelationshipsPart(PackageRelationshipCollection.java:307)oggger - Parsing relationship: /xl/worksheets/_rels/sheet1.xml.rels
07:23:14.246 [main] DEBUG org.apache.poi.openxml4j.opc.PackageRelationshipCollection.parseRelationshipsPart(PackageRelationshipCollection.java:307)oggger - Parsing relationship: /xl/worksheets/_rels/sheet2.xml.rels
07:23:14.247 [main] DEBUG org.apache.poi.openxml4j.opc.PackageRelationshipCollection.parseRelationshipsPart(PackageRelationshipCollection.java:307)oggger - Parsing relationship: /_rels/.rels
07:23:14.262 [main] DEBUG org.apache.poi.openxml4j.opc.PackageRelationshipCollection.parseRelationshipsPart(PackageRelationshipCollection.java:307)oggger - Parsing relationship: /xl/_rels/workbook.xml.rels
07:23:14.262 [main] DEBUG org.apache.poi.openxml4j.opc.PackageRelationshipCollection.parseRelationshipsPart(PackageRelationshipCollection.java:307)oggger - Parsing relationship: /xl/worksheets/_rels/sheet1.xml.rels
07:23:14.263 [main] DEBUG org.apache.poi.openxml4j.opc.PackageRelationshipCollection.parseRelationshipsPart(PackageRelationshipCollection.java:307)oggger - Parsing relationship: /xl/worksheets/_rels/sheet2.xml.rels
07:23:14.263 [main] DEBUG org.apache.poi.openxml4j.opc.PackageRelationshipCollection.parseRelationshipsPart(PackageRelationshipCollection.java:307)oggger - Parsing relationship: /_rels/.rels
07:23:14.276 [main] DEBUG org.apache.poi.openxml4j.opc.PackageRelationshipCollection.parseRelationshipsPart(PackageRelationshipCollection.java:307)oggger - Parsing relationship: /xl/_rels/workbook.xml.rels
07:23:14.276 [main] DEBUG org.apache.poi.openxml4j.opc.PackageRelationshipCollection.parseRelationshipsPart(PackageRelationshipCollection.java:307)oggger - Parsing relationship: /xl/worksheets/_rels/sheet1.xml.rels
07:23:14.277 [main] DEBUG org.apache.poi.openxml4j.opc.PackageRelationshipCollection.parseRelationshipsPart(PackageRelationshipCollection.java:307)oggger - Parsing relationship: /xl/worksheets/_rels/sheet2.xml.rels
07:23:14.277 [main] DEBUG org.apache.poi.openxml4j.opc.PackageRelationshipCollection.parseRelationshipsPart(PackageRelationshipCollection.java:307)oggger - Parsing relationship: /_rels/.rels
07:23:14.290 [main] DEBUG org.apache.poi.openxml4j.opc.PackageRelationshipCollection.parseRelationshipsPart(PackageRelationshipCollection.java:307)oggger - Parsing relationship: /xl/_rels/workbook.xml.rels
07:23:14.291 [main] DEBUG org.apache.poi.openxml4j.opc.PackageRelationshipCollection.parseRelationshipsPart(PackageRelationshipCollection.java:307)oggger - Parsing relationship: /xl/worksheets/_rels/sheet1.xml.rels
07:23:14.291 [main] DEBUG org.apache.poi.openxml4j.opc.PackageRelationshipCollection.parseRelationshipsPart(PackageRelationshipCollection.java:307)oggger - Parsing relationship: /xl/worksheets/_rels/sheet2.xml.rels
07:23:14.292 [main] DEBUG org.apache.poi.openxml4j.opc.PackageRelationshipCollection.parseRelationshipsPart(PackageRelationshipCollection.java:307)oggger - Parsing relationship: /_rels/.rels
07:23:14.305 [main] DEBUG org.apache.poi.openxml4j.opc.PackageRelationshipCollection.parseRelationshipsPart(PackageRelationshipCollection.java:307)oggger - Parsing relationship: /xl/_rels/workbook.xml.rels
07:23:14.306 [main] DEBUG org.apache.poi.openxml4j.opc.PackageRelationshipCollection.parseRelationshipsPart(PackageRelationshipCollection.java:307)oggger - Parsing relationship: /xl/worksheets/_rels/sheet1.xml.rels
07:23:14.306 [main] DEBUG org.apache.poi.openxml4j.opc.PackageRelationshipCollection.parseRelationshipsPart(PackageRelationshipCollection.java:307)oggger - Parsing relationship: /xl/worksheets/_rels/sheet2.xml.rels
07:23:14.307 [main] DEBUG org.apache.poi.openxml4j.opc.PackageRelationshipCollection.parseRelationshipsPart(PackageRelationshipCollection.java:307)oggger - Parsing relationship: /_rels/.rels
07:26:38.155 [main] DEBUG org.testng.log4testng.Logger.debug(Logger.java:82)oggger - suiteXmlPath: "C:\Users\VedaB\eclipse-workspace\OpenCartV121\master.xml"
07:26:38.926 [main] INFO  org.testng.log4testng.Logger.info(Logger.java:112)oggger - [TestNG] Running:
  C:\Users\VedaB\eclipse-workspace\OpenCartV121\master.xml

07:26:43.341 [main] DEBUG org.apache.poi.openxml4j.opc.PackageRelationshipCollection.parseRelationshipsPart(PackageRelationshipCollection.java:307)oggger - Parsing relationship: /xl/_rels/workbook.xml.rels
07:26:43.345 [main] DEBUG org.apache.poi.openxml4j.opc.PackageRelationshipCollection.parseRelationshipsPart(PackageRelationshipCollection.java:307)oggger - Parsing relationship: /xl/worksheets/_rels/sheet1.xml.rels
07:26:43.347 [main] DEBUG org.apache.poi.openxml4j.opc.PackageRelationshipCollection.parseRelationshipsPart(PackageRelationshipCollection.java:307)oggger - Parsing relationship: /xl/worksheets/_rels/sheet2.xml.rels
07:26:43.349 [main] DEBUG org.apache.poi.openxml4j.opc.PackageRelationshipCollection.parseRelationshipsPart(PackageRelationshipCollection.java:307)oggger - Parsing relationship: /_rels/.rels
07:26:44.372 [main] DEBUG org.apache.poi.openxml4j.opc.PackageRelationshipCollection.parseRelationshipsPart(PackageRelationshipCollection.java:307)oggger - Parsing relationship: /xl/_rels/workbook.xml.rels
07:26:44.375 [main] DEBUG org.apache.poi.openxml4j.opc.PackageRelationshipCollection.parseRelationshipsPart(PackageRelationshipCollection.java:307)oggger - Parsing relationship: /xl/worksheets/_rels/sheet1.xml.rels
07:26:44.377 [main] DEBUG org.apache.poi.openxml4j.opc.PackageRelationshipCollection.parseRelationshipsPart(PackageRelationshipCollection.java:307)oggger - Parsing relationship: /xl/worksheets/_rels/sheet2.xml.rels
07:26:44.378 [main] DEBUG org.apache.poi.openxml4j.opc.PackageRelationshipCollection.parseRelationshipsPart(PackageRelationshipCollection.java:307)oggger - Parsing relationship: /_rels/.rels
07:26:44.421 [main] DEBUG org.apache.poi.openxml4j.opc.PackageRelationshipCollection.parseRelationshipsPart(PackageRelationshipCollection.java:307)oggger - Parsing relationship: /xl/_rels/workbook.xml.rels
07:26:44.422 [main] DEBUG org.apache.poi.openxml4j.opc.PackageRelationshipCollection.parseRelationshipsPart(PackageRelationshipCollection.java:307)oggger - Parsing relationship: /xl/worksheets/_rels/sheet1.xml.rels
07:26:44.424 [main] DEBUG org.apache.poi.openxml4j.opc.PackageRelationshipCollection.parseRelationshipsPart(PackageRelationshipCollection.java:307)oggger - Parsing relationship: /xl/worksheets/_rels/sheet2.xml.rels
07:26:44.425 [main] DEBUG org.apache.poi.openxml4j.opc.PackageRelationshipCollection.parseRelationshipsPart(PackageRelationshipCollection.java:307)oggger - Parsing relationship: /_rels/.rels
07:26:44.470 [main] DEBUG org.apache.poi.openxml4j.opc.PackageRelationshipCollection.parseRelationshipsPart(PackageRelationshipCollection.java:307)oggger - Parsing relationship: /xl/_rels/workbook.xml.rels
07:26:44.472 [main] DEBUG org.apache.poi.openxml4j.opc.PackageRelationshipCollection.parseRelationshipsPart(PackageRelationshipCollection.java:307)oggger - Parsing relationship: /xl/worksheets/_rels/sheet1.xml.rels
07:26:44.473 [main] DEBUG org.apache.poi.openxml4j.opc.PackageRelationshipCollection.parseRelationshipsPart(PackageRelationshipCollection.java:307)oggger - Parsing relationship: /xl/worksheets/_rels/sheet2.xml.rels
07:26:44.474 [main] DEBUG org.apache.poi.openxml4j.opc.PackageRelationshipCollection.parseRelationshipsPart(PackageRelationshipCollection.java:307)oggger - Parsing relationship: /_rels/.rels
07:26:44.504 [main] DEBUG org.apache.poi.openxml4j.opc.PackageRelationshipCollection.parseRelationshipsPart(PackageRelationshipCollection.java:307)oggger - Parsing relationship: /xl/_rels/workbook.xml.rels
07:26:44.504 [main] DEBUG org.apache.poi.openxml4j.opc.PackageRelationshipCollection.parseRelationshipsPart(PackageRelationshipCollection.java:307)oggger - Parsing relationship: /xl/worksheets/_rels/sheet1.xml.rels
07:26:44.506 [main] DEBUG org.apache.poi.openxml4j.opc.PackageRelationshipCollection.parseRelationshipsPart(PackageRelationshipCollection.java:307)oggger - Parsing relationship: /xl/worksheets/_rels/sheet2.xml.rels
07:26:44.506 [main] DEBUG org.apache.poi.openxml4j.opc.PackageRelationshipCollection.parseRelationshipsPart(PackageRelationshipCollection.java:307)oggger - Parsing relationship: /_rels/.rels
07:26:44.536 [main] DEBUG org.apache.poi.openxml4j.opc.PackageRelationshipCollection.parseRelationshipsPart(PackageRelationshipCollection.java:307)oggger - Parsing relationship: /xl/_rels/workbook.xml.rels
07:26:44.536 [main] DEBUG org.apache.poi.openxml4j.opc.PackageRelationshipCollection.parseRelationshipsPart(PackageRelationshipCollection.java:307)oggger - Parsing relationship: /xl/worksheets/_rels/sheet1.xml.rels
07:26:44.538 [main] DEBUG org.apache.poi.openxml4j.opc.PackageRelationshipCollection.parseRelationshipsPart(PackageRelationshipCollection.java:307)oggger - Parsing relationship: /xl/worksheets/_rels/sheet2.xml.rels
07:26:44.538 [main] DEBUG org.apache.poi.openxml4j.opc.PackageRelationshipCollection.parseRelationshipsPart(PackageRelationshipCollection.java:307)oggger - Parsing relationship: /_rels/.rels
07:26:44.568 [main] DEBUG org.apache.poi.openxml4j.opc.PackageRelationshipCollection.parseRelationshipsPart(PackageRelationshipCollection.java:307)oggger - Parsing relationship: /xl/_rels/workbook.xml.rels
07:26:44.568 [main] DEBUG org.apache.poi.openxml4j.opc.PackageRelationshipCollection.parseRelationshipsPart(PackageRelationshipCollection.java:307)oggger - Parsing relationship: /xl/worksheets/_rels/sheet1.xml.rels
07:26:44.568 [main] DEBUG org.apache.poi.openxml4j.opc.PackageRelationshipCollection.parseRelationshipsPart(PackageRelationshipCollection.java:307)oggger - Parsing relationship: /xl/worksheets/_rels/sheet2.xml.rels
07:26:44.570 [main] DEBUG org.apache.poi.openxml4j.opc.PackageRelationshipCollection.parseRelationshipsPart(PackageRelationshipCollection.java:307)oggger - Parsing relationship: /_rels/.rels
07:26:44.594 [main] DEBUG org.apache.poi.openxml4j.opc.PackageRelationshipCollection.parseRelationshipsPart(PackageRelationshipCollection.java:307)oggger - Parsing relationship: /xl/_rels/workbook.xml.rels
07:26:44.596 [main] DEBUG org.apache.poi.openxml4j.opc.PackageRelationshipCollection.parseRelationshipsPart(PackageRelationshipCollection.java:307)oggger - Parsing relationship: /xl/worksheets/_rels/sheet1.xml.rels
07:26:44.596 [main] DEBUG org.apache.poi.openxml4j.opc.PackageRelationshipCollection.parseRelationshipsPart(PackageRelationshipCollection.java:307)oggger - Parsing relationship: /xl/worksheets/_rels/sheet2.xml.rels
07:26:44.598 [main] DEBUG org.apache.poi.openxml4j.opc.PackageRelationshipCollection.parseRelationshipsPart(PackageRelationshipCollection.java:307)oggger - Parsing relationship: /_rels/.rels
07:26:44.625 [main] DEBUG org.apache.poi.openxml4j.opc.PackageRelationshipCollection.parseRelationshipsPart(PackageRelationshipCollection.java:307)oggger - Parsing relationship: /xl/_rels/workbook.xml.rels
07:26:44.625 [main] DEBUG org.apache.poi.openxml4j.opc.PackageRelationshipCollection.parseRelationshipsPart(PackageRelationshipCollection.java:307)oggger - Parsing relationship: /xl/worksheets/_rels/sheet1.xml.rels
07:26:44.627 [main] DEBUG org.apache.poi.openxml4j.opc.PackageRelationshipCollection.parseRelationshipsPart(PackageRelationshipCollection.java:307)oggger - Parsing relationship: /xl/worksheets/_rels/sheet2.xml.rels
07:26:44.627 [main] DEBUG org.apache.poi.openxml4j.opc.PackageRelationshipCollection.parseRelationshipsPart(PackageRelationshipCollection.java:307)oggger - Parsing relationship: /_rels/.rels
07:26:44.655 [main] DEBUG org.apache.poi.openxml4j.opc.PackageRelationshipCollection.parseRelationshipsPart(PackageRelationshipCollection.java:307)oggger - Parsing relationship: /xl/_rels/workbook.xml.rels
07:26:44.655 [main] DEBUG org.apache.poi.openxml4j.opc.PackageRelationshipCollection.parseRelationshipsPart(PackageRelationshipCollection.java:307)oggger - Parsing relationship: /xl/worksheets/_rels/sheet1.xml.rels
07:26:44.657 [main] DEBUG org.apache.poi.openxml4j.opc.PackageRelationshipCollection.parseRelationshipsPart(PackageRelationshipCollection.java:307)oggger - Parsing relationship: /xl/worksheets/_rels/sheet2.xml.rels
07:26:44.657 [main] DEBUG org.apache.poi.openxml4j.opc.PackageRelationshipCollection.parseRelationshipsPart(PackageRelationshipCollection.java:307)oggger - Parsing relationship: /_rels/.rels
07:26:44.682 [main] DEBUG org.apache.poi.openxml4j.opc.PackageRelationshipCollection.parseRelationshipsPart(PackageRelationshipCollection.java:307)oggger - Parsing relationship: /xl/_rels/workbook.xml.rels
07:26:44.682 [main] DEBUG org.apache.poi.openxml4j.opc.PackageRelationshipCollection.parseRelationshipsPart(PackageRelationshipCollection.java:307)oggger - Parsing relationship: /xl/worksheets/_rels/sheet1.xml.rels
07:26:44.684 [main] DEBUG org.apache.poi.openxml4j.opc.PackageRelationshipCollection.parseRelationshipsPart(PackageRelationshipCollection.java:307)oggger - Parsing relationship: /xl/worksheets/_rels/sheet2.xml.rels
07:26:44.684 [main] DEBUG org.apache.poi.openxml4j.opc.PackageRelationshipCollection.parseRelationshipsPart(PackageRelationshipCollection.java:307)oggger - Parsing relationship: /_rels/.rels
07:26:44.709 [main] DEBUG org.apache.poi.openxml4j.opc.PackageRelationshipCollection.parseRelationshipsPart(PackageRelationshipCollection.java:307)oggger - Parsing relationship: /xl/_rels/workbook.xml.rels
07:26:44.709 [main] DEBUG org.apache.poi.openxml4j.opc.PackageRelationshipCollection.parseRelationshipsPart(PackageRelationshipCollection.java:307)oggger - Parsing relationship: /xl/worksheets/_rels/sheet1.xml.rels
07:26:44.711 [main] DEBUG org.apache.poi.openxml4j.opc.PackageRelationshipCollection.parseRelationshipsPart(PackageRelationshipCollection.java:307)oggger - Parsing relationship: /xl/worksheets/_rels/sheet2.xml.rels
07:26:44.711 [main] DEBUG org.apache.poi.openxml4j.opc.PackageRelationshipCollection.parseRelationshipsPart(PackageRelationshipCollection.java:307)oggger - Parsing relationship: /_rels/.rels
07:26:44.736 [main] DEBUG org.apache.poi.openxml4j.opc.PackageRelationshipCollection.parseRelationshipsPart(PackageRelationshipCollection.java:307)oggger - Parsing relationship: /xl/_rels/workbook.xml.rels
07:26:44.736 [main] DEBUG org.apache.poi.openxml4j.opc.PackageRelationshipCollection.parseRelationshipsPart(PackageRelationshipCollection.java:307)oggger - Parsing relationship: /xl/worksheets/_rels/sheet1.xml.rels
07:26:44.736 [main] DEBUG org.apache.poi.openxml4j.opc.PackageRelationshipCollection.parseRelationshipsPart(PackageRelationshipCollection.java:307)oggger - Parsing relationship: /xl/worksheets/_rels/sheet2.xml.rels
07:26:44.738 [main] DEBUG org.apache.poi.openxml4j.opc.PackageRelationshipCollection.parseRelationshipsPart(PackageRelationshipCollection.java:307)oggger - Parsing relationship: /_rels/.rels
07:26:44.764 [main] DEBUG org.apache.poi.openxml4j.opc.PackageRelationshipCollection.parseRelationshipsPart(PackageRelationshipCollection.java:307)oggger - Parsing relationship: /xl/_rels/workbook.xml.rels
07:26:44.764 [main] DEBUG org.apache.poi.openxml4j.opc.PackageRelationshipCollection.parseRelationshipsPart(PackageRelationshipCollection.java:307)oggger - Parsing relationship: /xl/worksheets/_rels/sheet1.xml.rels
07:26:44.766 [main] DEBUG org.apache.poi.openxml4j.opc.PackageRelationshipCollection.parseRelationshipsPart(PackageRelationshipCollection.java:307)oggger - Parsing relationship: /xl/worksheets/_rels/sheet2.xml.rels
07:26:44.768 [main] DEBUG org.apache.poi.openxml4j.opc.PackageRelationshipCollection.parseRelationshipsPart(PackageRelationshipCollection.java:307)oggger - Parsing relationship: /_rels/.rels
07:26:44.791 [main] DEBUG org.apache.poi.openxml4j.opc.PackageRelationshipCollection.parseRelationshipsPart(PackageRelationshipCollection.java:307)oggger - Parsing relationship: /xl/_rels/workbook.xml.rels
07:26:44.792 [main] DEBUG org.apache.poi.openxml4j.opc.PackageRelationshipCollection.parseRelationshipsPart(PackageRelationshipCollection.java:307)oggger - Parsing relationship: /xl/worksheets/_rels/sheet1.xml.rels
07:26:44.792 [main] DEBUG org.apache.poi.openxml4j.opc.PackageRelationshipCollection.parseRelationshipsPart(PackageRelationshipCollection.java:307)oggger - Parsing relationship: /xl/worksheets/_rels/sheet2.xml.rels
07:26:44.794 [main] DEBUG org.apache.poi.openxml4j.opc.PackageRelationshipCollection.parseRelationshipsPart(PackageRelationshipCollection.java:307)oggger - Parsing relationship: /_rels/.rels
07:26:44.815 [main] DEBUG org.apache.poi.openxml4j.opc.PackageRelationshipCollection.parseRelationshipsPart(PackageRelationshipCollection.java:307)oggger - Parsing relationship: /xl/_rels/workbook.xml.rels
07:26:44.816 [main] DEBUG org.apache.poi.openxml4j.opc.PackageRelationshipCollection.parseRelationshipsPart(PackageRelationshipCollection.java:307)oggger - Parsing relationship: /xl/worksheets/_rels/sheet1.xml.rels
07:26:44.817 [main] DEBUG org.apache.poi.openxml4j.opc.PackageRelationshipCollection.parseRelationshipsPart(PackageRelationshipCollection.java:307)oggger - Parsing relationship: /xl/worksheets/_rels/sheet2.xml.rels
07:26:44.818 [main] DEBUG org.apache.poi.openxml4j.opc.PackageRelationshipCollection.parseRelationshipsPart(PackageRelationshipCollection.java:307)oggger - Parsing relationship: /_rels/.rels
07:26:44.860 [main] DEBUG org.apache.poi.openxml4j.opc.PackageRelationshipCollection.parseRelationshipsPart(PackageRelationshipCollection.java:307)oggger - Parsing relationship: /xl/_rels/workbook.xml.rels
07:26:44.861 [main] DEBUG org.apache.poi.openxml4j.opc.PackageRelationshipCollection.parseRelationshipsPart(PackageRelationshipCollection.java:307)oggger - Parsing relationship: /xl/worksheets/_rels/sheet1.xml.rels
07:26:44.862 [main] DEBUG org.apache.poi.openxml4j.opc.PackageRelationshipCollection.parseRelationshipsPart(PackageRelationshipCollection.java:307)oggger - Parsing relationship: /xl/worksheets/_rels/sheet2.xml.rels
07:26:44.863 [main] DEBUG org.apache.poi.openxml4j.opc.PackageRelationshipCollection.parseRelationshipsPart(PackageRelationshipCollection.java:307)oggger - Parsing relationship: /_rels/.rels
07:26:44.896 [main] DEBUG org.apache.poi.openxml4j.opc.PackageRelationshipCollection.parseRelationshipsPart(PackageRelationshipCollection.java:307)oggger - Parsing relationship: /xl/_rels/workbook.xml.rels
07:26:44.896 [main] DEBUG org.apache.poi.openxml4j.opc.PackageRelationshipCollection.parseRelationshipsPart(PackageRelationshipCollection.java:307)oggger - Parsing relationship: /xl/worksheets/_rels/sheet1.xml.rels
07:26:44.896 [main] DEBUG org.apache.poi.openxml4j.opc.PackageRelationshipCollection.parseRelationshipsPart(PackageRelationshipCollection.java:307)oggger - Parsing relationship: /xl/worksheets/_rels/sheet2.xml.rels
07:26:44.898 [main] DEBUG org.apache.poi.openxml4j.opc.PackageRelationshipCollection.parseRelationshipsPart(PackageRelationshipCollection.java:307)oggger - Parsing relationship: /_rels/.rels
07:26:44.924 [main] DEBUG org.apache.poi.openxml4j.opc.PackageRelationshipCollection.parseRelationshipsPart(PackageRelationshipCollection.java:307)oggger - Parsing relationship: /xl/_rels/workbook.xml.rels
07:26:44.926 [main] DEBUG org.apache.poi.openxml4j.opc.PackageRelationshipCollection.parseRelationshipsPart(PackageRelationshipCollection.java:307)oggger - Parsing relationship: /xl/worksheets/_rels/sheet1.xml.rels
07:26:44.926 [main] DEBUG org.apache.poi.openxml4j.opc.PackageRelationshipCollection.parseRelationshipsPart(PackageRelationshipCollection.java:307)oggger - Parsing relationship: /xl/worksheets/_rels/sheet2.xml.rels
07:26:44.928 [main] DEBUG org.apache.poi.openxml4j.opc.PackageRelationshipCollection.parseRelationshipsPart(PackageRelationshipCollection.java:307)oggger - Parsing relationship: /_rels/.rels
07:26:44.946 [main] DEBUG org.apache.poi.openxml4j.opc.PackageRelationshipCollection.parseRelationshipsPart(PackageRelationshipCollection.java:307)oggger - Parsing relationship: /xl/_rels/workbook.xml.rels
07:26:44.946 [main] DEBUG org.apache.poi.openxml4j.opc.PackageRelationshipCollection.parseRelationshipsPart(PackageRelationshipCollection.java:307)oggger - Parsing relationship: /xl/worksheets/_rels/sheet1.xml.rels
07:26:44.948 [main] DEBUG org.apache.poi.openxml4j.opc.PackageRelationshipCollection.parseRelationshipsPart(PackageRelationshipCollection.java:307)oggger - Parsing relationship: /xl/worksheets/_rels/sheet2.xml.rels
07:26:44.948 [main] DEBUG org.apache.poi.openxml4j.opc.PackageRelationshipCollection.parseRelationshipsPart(PackageRelationshipCollection.java:307)oggger - Parsing relationship: /_rels/.rels
07:26:44.965 [main] DEBUG org.apache.poi.openxml4j.opc.PackageRelationshipCollection.parseRelationshipsPart(PackageRelationshipCollection.java:307)oggger - Parsing relationship: /xl/_rels/workbook.xml.rels
07:26:44.969 [main] DEBUG org.apache.poi.openxml4j.opc.PackageRelationshipCollection.parseRelationshipsPart(PackageRelationshipCollection.java:307)oggger - Parsing relationship: /xl/worksheets/_rels/sheet1.xml.rels
07:26:44.969 [main] DEBUG org.apache.poi.openxml4j.opc.PackageRelationshipCollection.parseRelationshipsPart(PackageRelationshipCollection.java:307)oggger - Parsing relationship: /xl/worksheets/_rels/sheet2.xml.rels
07:26:44.969 [main] DEBUG org.apache.poi.openxml4j.opc.PackageRelationshipCollection.parseRelationshipsPart(PackageRelationshipCollection.java:307)oggger - Parsing relationship: /_rels/.rels
07:26:44.989 [main] DEBUG org.apache.poi.openxml4j.opc.PackageRelationshipCollection.parseRelationshipsPart(PackageRelationshipCollection.java:307)oggger - Parsing relationship: /xl/_rels/workbook.xml.rels
07:26:44.989 [main] DEBUG org.apache.poi.openxml4j.opc.PackageRelationshipCollection.parseRelationshipsPart(PackageRelationshipCollection.java:307)oggger - Parsing relationship: /xl/worksheets/_rels/sheet1.xml.rels
07:26:44.991 [main] DEBUG org.apache.poi.openxml4j.opc.PackageRelationshipCollection.parseRelationshipsPart(PackageRelationshipCollection.java:307)oggger - Parsing relationship: /xl/worksheets/_rels/sheet2.xml.rels
07:26:44.991 [main] DEBUG org.apache.poi.openxml4j.opc.PackageRelationshipCollection.parseRelationshipsPart(PackageRelationshipCollection.java:307)oggger - Parsing relationship: /_rels/.rels
07:26:45.007 [main] DEBUG org.apache.poi.openxml4j.opc.PackageRelationshipCollection.parseRelationshipsPart(PackageRelationshipCollection.java:307)oggger - Parsing relationship: /xl/_rels/workbook.xml.rels
07:26:45.009 [main] DEBUG org.apache.poi.openxml4j.opc.PackageRelationshipCollection.parseRelationshipsPart(PackageRelationshipCollection.java:307)oggger - Parsing relationship: /xl/worksheets/_rels/sheet1.xml.rels
07:26:45.009 [main] DEBUG org.apache.poi.openxml4j.opc.PackageRelationshipCollection.parseRelationshipsPart(PackageRelationshipCollection.java:307)oggger - Parsing relationship: /xl/worksheets/_rels/sheet2.xml.rels
07:26:45.009 [main] DEBUG org.apache.poi.openxml4j.opc.PackageRelationshipCollection.parseRelationshipsPart(PackageRelationshipCollection.java:307)oggger - Parsing relationship: /_rels/.rels
07:26:45.027 [main] DEBUG org.apache.poi.openxml4j.opc.PackageRelationshipCollection.parseRelationshipsPart(PackageRelationshipCollection.java:307)oggger - Parsing relationship: /xl/_rels/workbook.xml.rels
07:26:45.027 [main] DEBUG org.apache.poi.openxml4j.opc.PackageRelationshipCollection.parseRelationshipsPart(PackageRelationshipCollection.java:307)oggger - Parsing relationship: /xl/worksheets/_rels/sheet1.xml.rels
07:26:45.027 [main] DEBUG org.apache.poi.openxml4j.opc.PackageRelationshipCollection.parseRelationshipsPart(PackageRelationshipCollection.java:307)oggger - Parsing relationship: /xl/worksheets/_rels/sheet2.xml.rels
07:26:45.029 [main] DEBUG org.apache.poi.openxml4j.opc.PackageRelationshipCollection.parseRelationshipsPart(PackageRelationshipCollection.java:307)oggger - Parsing relationship: /_rels/.rels
07:26:45.043 [main] DEBUG org.apache.poi.openxml4j.opc.PackageRelationshipCollection.parseRelationshipsPart(PackageRelationshipCollection.java:307)oggger - Parsing relationship: /xl/_rels/workbook.xml.rels
07:26:45.045 [main] DEBUG org.apache.poi.openxml4j.opc.PackageRelationshipCollection.parseRelationshipsPart(PackageRelationshipCollection.java:307)oggger - Parsing relationship: /xl/worksheets/_rels/sheet1.xml.rels
07:26:45.045 [main] DEBUG org.apache.poi.openxml4j.opc.PackageRelationshipCollection.parseRelationshipsPart(PackageRelationshipCollection.java:307)oggger - Parsing relationship: /xl/worksheets/_rels/sheet2.xml.rels
07:26:45.045 [main] DEBUG org.apache.poi.openxml4j.opc.PackageRelationshipCollection.parseRelationshipsPart(PackageRelationshipCollection.java:307)oggger - Parsing relationship: /_rels/.rels
07:26:45.062 [main] DEBUG org.apache.poi.openxml4j.opc.PackageRelationshipCollection.parseRelationshipsPart(PackageRelationshipCollection.java:307)oggger - Parsing relationship: /xl/_rels/workbook.xml.rels
07:26:45.062 [main] DEBUG org.apache.poi.openxml4j.opc.PackageRelationshipCollection.parseRelationshipsPart(PackageRelationshipCollection.java:307)oggger - Parsing relationship: /xl/worksheets/_rels/sheet1.xml.rels
07:26:45.064 [main] DEBUG org.apache.poi.openxml4j.opc.PackageRelationshipCollection.parseRelationshipsPart(PackageRelationshipCollection.java:307)oggger - Parsing relationship: /xl/worksheets/_rels/sheet2.xml.rels
07:26:45.064 [main] DEBUG org.apache.poi.openxml4j.opc.PackageRelationshipCollection.parseRelationshipsPart(PackageRelationshipCollection.java:307)oggger - Parsing relationship: /_rels/.rels
07:26:45.082 [main] DEBUG org.apache.poi.openxml4j.opc.PackageRelationshipCollection.parseRelationshipsPart(PackageRelationshipCollection.java:307)oggger - Parsing relationship: /xl/_rels/workbook.xml.rels
07:26:45.084 [main] DEBUG org.apache.poi.openxml4j.opc.PackageRelationshipCollection.parseRelationshipsPart(PackageRelationshipCollection.java:307)oggger - Parsing relationship: /xl/worksheets/_rels/sheet1.xml.rels
07:26:45.084 [main] DEBUG org.apache.poi.openxml4j.opc.PackageRelationshipCollection.parseRelationshipsPart(PackageRelationshipCollection.java:307)oggger - Parsing relationship: /xl/worksheets/_rels/sheet2.xml.rels
07:26:45.084 [main] DEBUG org.apache.poi.openxml4j.opc.PackageRelationshipCollection.parseRelationshipsPart(PackageRelationshipCollection.java:307)oggger - Parsing relationship: /_rels/.rels
07:26:45.100 [main] DEBUG org.apache.poi.openxml4j.opc.PackageRelationshipCollection.parseRelationshipsPart(PackageRelationshipCollection.java:307)oggger - Parsing relationship: /xl/_rels/workbook.xml.rels
07:26:45.102 [main] DEBUG org.apache.poi.openxml4j.opc.PackageRelationshipCollection.parseRelationshipsPart(PackageRelationshipCollection.java:307)oggger - Parsing relationship: /xl/worksheets/_rels/sheet1.xml.rels
07:26:45.102 [main] DEBUG org.apache.poi.openxml4j.opc.PackageRelationshipCollection.parseRelationshipsPart(PackageRelationshipCollection.java:307)oggger - Parsing relationship: /xl/worksheets/_rels/sheet2.xml.rels
07:26:45.102 [main] DEBUG org.apache.poi.openxml4j.opc.PackageRelationshipCollection.parseRelationshipsPart(PackageRelationshipCollection.java:307)oggger - Parsing relationship: /_rels/.rels
07:26:45.118 [main] DEBUG org.apache.poi.openxml4j.opc.PackageRelationshipCollection.parseRelationshipsPart(PackageRelationshipCollection.java:307)oggger - Parsing relationship: /xl/_rels/workbook.xml.rels
07:26:45.118 [main] DEBUG org.apache.poi.openxml4j.opc.PackageRelationshipCollection.parseRelationshipsPart(PackageRelationshipCollection.java:307)oggger - Parsing relationship: /xl/worksheets/_rels/sheet1.xml.rels
07:26:45.118 [main] DEBUG org.apache.poi.openxml4j.opc.PackageRelationshipCollection.parseRelationshipsPart(PackageRelationshipCollection.java:307)oggger - Parsing relationship: /xl/worksheets/_rels/sheet2.xml.rels
07:26:45.118 [main] DEBUG org.apache.poi.openxml4j.opc.PackageRelationshipCollection.parseRelationshipsPart(PackageRelationshipCollection.java:307)oggger - Parsing relationship: /_rels/.rels
07:26:45.135 [main] DEBUG org.apache.poi.openxml4j.opc.PackageRelationshipCollection.parseRelationshipsPart(PackageRelationshipCollection.java:307)oggger - Parsing relationship: /xl/_rels/workbook.xml.rels
07:26:45.135 [main] DEBUG org.apache.poi.openxml4j.opc.PackageRelationshipCollection.parseRelationshipsPart(PackageRelationshipCollection.java:307)oggger - Parsing relationship: /xl/worksheets/_rels/sheet1.xml.rels
07:26:45.137 [main] DEBUG org.apache.poi.openxml4j.opc.PackageRelationshipCollection.parseRelationshipsPart(PackageRelationshipCollection.java:307)oggger - Parsing relationship: /xl/worksheets/_rels/sheet2.xml.rels
07:26:45.137 [main] DEBUG org.apache.poi.openxml4j.opc.PackageRelationshipCollection.parseRelationshipsPart(PackageRelationshipCollection.java:307)oggger - Parsing relationship: /_rels/.rels
07:26:45.151 [main] DEBUG org.apache.poi.openxml4j.opc.PackageRelationshipCollection.parseRelationshipsPart(PackageRelationshipCollection.java:307)oggger - Parsing relationship: /xl/_rels/workbook.xml.rels
07:26:45.153 [main] DEBUG org.apache.poi.openxml4j.opc.PackageRelationshipCollection.parseRelationshipsPart(PackageRelationshipCollection.java:307)oggger - Parsing relationship: /xl/worksheets/_rels/sheet1.xml.rels
07:26:45.153 [main] DEBUG org.apache.poi.openxml4j.opc.PackageRelationshipCollection.parseRelationshipsPart(PackageRelationshipCollection.java:307)oggger - Parsing relationship: /xl/worksheets/_rels/sheet2.xml.rels
07:26:45.153 [main] DEBUG org.apache.poi.openxml4j.opc.PackageRelationshipCollection.parseRelationshipsPart(PackageRelationshipCollection.java:307)oggger - Parsing relationship: /_rels/.rels
07:26:45.169 [main] DEBUG org.apache.poi.openxml4j.opc.PackageRelationshipCollection.parseRelationshipsPart(PackageRelationshipCollection.java:307)oggger - Parsing relationship: /xl/_rels/workbook.xml.rels
07:26:45.169 [main] DEBUG org.apache.poi.openxml4j.opc.PackageRelationshipCollection.parseRelationshipsPart(PackageRelationshipCollection.java:307)oggger - Parsing relationship: /xl/worksheets/_rels/sheet1.xml.rels
07:26:45.169 [main] DEBUG org.apache.poi.openxml4j.opc.PackageRelationshipCollection.parseRelationshipsPart(PackageRelationshipCollection.java:307)oggger - Parsing relationship: /xl/worksheets/_rels/sheet2.xml.rels
07:26:45.171 [main] DEBUG org.apache.poi.openxml4j.opc.PackageRelationshipCollection.parseRelationshipsPart(PackageRelationshipCollection.java:307)oggger - Parsing relationship: /_rels/.rels
07:26:45.185 [main] DEBUG org.apache.poi.openxml4j.opc.PackageRelationshipCollection.parseRelationshipsPart(PackageRelationshipCollection.java:307)oggger - Parsing relationship: /xl/_rels/workbook.xml.rels
07:26:45.187 [main] DEBUG org.apache.poi.openxml4j.opc.PackageRelationshipCollection.parseRelationshipsPart(PackageRelationshipCollection.java:307)oggger - Parsing relationship: /xl/worksheets/_rels/sheet1.xml.rels
07:26:45.187 [main] DEBUG org.apache.poi.openxml4j.opc.PackageRelationshipCollection.parseRelationshipsPart(PackageRelationshipCollection.java:307)oggger - Parsing relationship: /xl/worksheets/_rels/sheet2.xml.rels
07:26:45.187 [main] DEBUG org.apache.poi.openxml4j.opc.PackageRelationshipCollection.parseRelationshipsPart(PackageRelationshipCollection.java:307)oggger - Parsing relationship: /_rels/.rels
07:26:45.201 [main] DEBUG org.apache.poi.openxml4j.opc.PackageRelationshipCollection.parseRelationshipsPart(PackageRelationshipCollection.java:307)oggger - Parsing relationship: /xl/_rels/workbook.xml.rels
07:26:45.201 [main] DEBUG org.apache.poi.openxml4j.opc.PackageRelationshipCollection.parseRelationshipsPart(PackageRelationshipCollection.java:307)oggger - Parsing relationship: /xl/worksheets/_rels/sheet1.xml.rels
07:26:45.203 [main] DEBUG org.apache.poi.openxml4j.opc.PackageRelationshipCollection.parseRelationshipsPart(PackageRelationshipCollection.java:307)oggger - Parsing relationship: /xl/worksheets/_rels/sheet2.xml.rels
07:26:45.203 [main] DEBUG org.apache.poi.openxml4j.opc.PackageRelationshipCollection.parseRelationshipsPart(PackageRelationshipCollection.java:307)oggger - Parsing relationship: /_rels/.rels
07:26:45.217 [main] DEBUG org.apache.poi.openxml4j.opc.PackageRelationshipCollection.parseRelationshipsPart(PackageRelationshipCollection.java:307)oggger - Parsing relationship: /xl/_rels/workbook.xml.rels
07:26:45.217 [main] DEBUG org.apache.poi.openxml4j.opc.PackageRelationshipCollection.parseRelationshipsPart(PackageRelationshipCollection.java:307)oggger - Parsing relationship: /xl/worksheets/_rels/sheet1.xml.rels
07:26:45.219 [main] DEBUG org.apache.poi.openxml4j.opc.PackageRelationshipCollection.parseRelationshipsPart(PackageRelationshipCollection.java:307)oggger - Parsing relationship: /xl/worksheets/_rels/sheet2.xml.rels
07:26:45.219 [main] DEBUG org.apache.poi.openxml4j.opc.PackageRelationshipCollection.parseRelationshipsPart(PackageRelationshipCollection.java:307)oggger - Parsing relationship: /_rels/.rels
07:26:45.233 [main] DEBUG org.apache.poi.openxml4j.opc.PackageRelationshipCollection.parseRelationshipsPart(PackageRelationshipCollection.java:307)oggger - Parsing relationship: /xl/_rels/workbook.xml.rels
07:26:45.235 [main] DEBUG org.apache.poi.openxml4j.opc.PackageRelationshipCollection.parseRelationshipsPart(PackageRelationshipCollection.java:307)oggger - Parsing relationship: /xl/worksheets/_rels/sheet1.xml.rels
07:26:45.235 [main] DEBUG org.apache.poi.openxml4j.opc.PackageRelationshipCollection.parseRelationshipsPart(PackageRelationshipCollection.java:307)oggger - Parsing relationship: /xl/worksheets/_rels/sheet2.xml.rels
07:26:45.235 [main] DEBUG org.apache.poi.openxml4j.opc.PackageRelationshipCollection.parseRelationshipsPart(PackageRelationshipCollection.java:307)oggger - Parsing relationship: /_rels/.rels
07:26:45.249 [main] DEBUG org.apache.poi.openxml4j.opc.PackageRelationshipCollection.parseRelationshipsPart(PackageRelationshipCollection.java:307)oggger - Parsing relationship: /xl/_rels/workbook.xml.rels
07:26:45.251 [main] DEBUG org.apache.poi.openxml4j.opc.PackageRelationshipCollection.parseRelationshipsPart(PackageRelationshipCollection.java:307)oggger - Parsing relationship: /xl/worksheets/_rels/sheet1.xml.rels
07:26:45.251 [main] DEBUG org.apache.poi.openxml4j.opc.PackageRelationshipCollection.parseRelationshipsPart(PackageRelationshipCollection.java:307)oggger - Parsing relationship: /xl/worksheets/_rels/sheet2.xml.rels
07:26:45.251 [main] DEBUG org.apache.poi.openxml4j.opc.PackageRelationshipCollection.parseRelationshipsPart(PackageRelationshipCollection.java:307)oggger - Parsing relationship: /_rels/.rels
07:26:45.262 [main] DEBUG org.apache.poi.openxml4j.opc.PackageRelationshipCollection.parseRelationshipsPart(PackageRelationshipCollection.java:307)oggger - Parsing relationship: /xl/_rels/workbook.xml.rels
07:26:45.264 [main] DEBUG org.apache.poi.openxml4j.opc.PackageRelationshipCollection.parseRelationshipsPart(PackageRelationshipCollection.java:307)oggger - Parsing relationship: /xl/worksheets/_rels/sheet1.xml.rels
07:26:45.264 [main] DEBUG org.apache.poi.openxml4j.opc.PackageRelationshipCollection.parseRelationshipsPart(PackageRelationshipCollection.java:307)oggger - Parsing relationship: /xl/worksheets/_rels/sheet2.xml.rels
07:26:45.264 [main] DEBUG org.apache.poi.openxml4j.opc.PackageRelationshipCollection.parseRelationshipsPart(PackageRelationshipCollection.java:307)oggger - Parsing relationship: /_rels/.rels
07:27:20.807 [main] DEBUG org.testng.log4testng.Logger.debug(Logger.java:82)oggger - suiteXmlPath: "C:\Users\VedaB\eclipse-workspace\OpenCartV121\master.xml"
07:27:21.587 [main] INFO  org.testng.log4testng.Logger.info(Logger.java:112)oggger - [TestNG] Running:
  C:\Users\VedaB\eclipse-workspace\OpenCartV121\master.xml

07:27:25.985 [main] DEBUG org.apache.poi.openxml4j.opc.PackageRelationshipCollection.parseRelationshipsPart(PackageRelationshipCollection.java:307)oggger - Parsing relationship: /xl/_rels/workbook.xml.rels
07:27:25.988 [main] DEBUG org.apache.poi.openxml4j.opc.PackageRelationshipCollection.parseRelationshipsPart(PackageRelationshipCollection.java:307)oggger - Parsing relationship: /xl/worksheets/_rels/sheet1.xml.rels
07:27:25.990 [main] DEBUG org.apache.poi.openxml4j.opc.PackageRelationshipCollection.parseRelationshipsPart(PackageRelationshipCollection.java:307)oggger - Parsing relationship: /xl/worksheets/_rels/sheet2.xml.rels
07:27:25.991 [main] DEBUG org.apache.poi.openxml4j.opc.PackageRelationshipCollection.parseRelationshipsPart(PackageRelationshipCollection.java:307)oggger - Parsing relationship: /_rels/.rels
07:27:27.005 [main] DEBUG org.apache.poi.openxml4j.opc.PackageRelationshipCollection.parseRelationshipsPart(PackageRelationshipCollection.java:307)oggger - Parsing relationship: /xl/_rels/workbook.xml.rels
07:27:27.009 [main] DEBUG org.apache.poi.openxml4j.opc.PackageRelationshipCollection.parseRelationshipsPart(PackageRelationshipCollection.java:307)oggger - Parsing relationship: /xl/worksheets/_rels/sheet1.xml.rels
07:27:27.010 [main] DEBUG org.apache.poi.openxml4j.opc.PackageRelationshipCollection.parseRelationshipsPart(PackageRelationshipCollection.java:307)oggger - Parsing relationship: /xl/worksheets/_rels/sheet2.xml.rels
07:27:27.012 [main] DEBUG org.apache.poi.openxml4j.opc.PackageRelationshipCollection.parseRelationshipsPart(PackageRelationshipCollection.java:307)oggger - Parsing relationship: /_rels/.rels
07:27:27.088 [main] DEBUG org.apache.poi.openxml4j.opc.PackageRelationshipCollection.parseRelationshipsPart(PackageRelationshipCollection.java:307)oggger - Parsing relationship: /xl/_rels/workbook.xml.rels
07:27:27.090 [main] DEBUG org.apache.poi.openxml4j.opc.PackageRelationshipCollection.parseRelationshipsPart(PackageRelationshipCollection.java:307)oggger - Parsing relationship: /xl/worksheets/_rels/sheet1.xml.rels
07:27:27.092 [main] DEBUG org.apache.poi.openxml4j.opc.PackageRelationshipCollection.parseRelationshipsPart(PackageRelationshipCollection.java:307)oggger - Parsing relationship: /xl/worksheets/_rels/sheet2.xml.rels
07:27:27.098 [main] DEBUG org.apache.poi.openxml4j.opc.PackageRelationshipCollection.parseRelationshipsPart(PackageRelationshipCollection.java:307)oggger - Parsing relationship: /_rels/.rels
07:27:27.157 [main] DEBUG org.apache.poi.openxml4j.opc.PackageRelationshipCollection.parseRelationshipsPart(PackageRelationshipCollection.java:307)oggger - Parsing relationship: /xl/_rels/workbook.xml.rels
07:27:27.158 [main] DEBUG org.apache.poi.openxml4j.opc.PackageRelationshipCollection.parseRelationshipsPart(PackageRelationshipCollection.java:307)oggger - Parsing relationship: /xl/worksheets/_rels/sheet1.xml.rels
07:27:27.159 [main] DEBUG org.apache.poi.openxml4j.opc.PackageRelationshipCollection.parseRelationshipsPart(PackageRelationshipCollection.java:307)oggger - Parsing relationship: /xl/worksheets/_rels/sheet2.xml.rels
07:27:27.160 [main] DEBUG org.apache.poi.openxml4j.opc.PackageRelationshipCollection.parseRelationshipsPart(PackageRelationshipCollection.java:307)oggger - Parsing relationship: /_rels/.rels
07:27:27.195 [main] DEBUG org.apache.poi.openxml4j.opc.PackageRelationshipCollection.parseRelationshipsPart(PackageRelationshipCollection.java:307)oggger - Parsing relationship: /xl/_rels/workbook.xml.rels
07:27:27.196 [main] DEBUG org.apache.poi.openxml4j.opc.PackageRelationshipCollection.parseRelationshipsPart(PackageRelationshipCollection.java:307)oggger - Parsing relationship: /xl/worksheets/_rels/sheet1.xml.rels
07:27:27.197 [main] DEBUG org.apache.poi.openxml4j.opc.PackageRelationshipCollection.parseRelationshipsPart(PackageRelationshipCollection.java:307)oggger - Parsing relationship: /xl/worksheets/_rels/sheet2.xml.rels
07:27:27.198 [main] DEBUG org.apache.poi.openxml4j.opc.PackageRelationshipCollection.parseRelationshipsPart(PackageRelationshipCollection.java:307)oggger - Parsing relationship: /_rels/.rels
07:27:27.226 [main] DEBUG org.apache.poi.openxml4j.opc.PackageRelationshipCollection.parseRelationshipsPart(PackageRelationshipCollection.java:307)oggger - Parsing relationship: /xl/_rels/workbook.xml.rels
07:27:27.227 [main] DEBUG org.apache.poi.openxml4j.opc.PackageRelationshipCollection.parseRelationshipsPart(PackageRelationshipCollection.java:307)oggger - Parsing relationship: /xl/worksheets/_rels/sheet1.xml.rels
07:27:27.229 [main] DEBUG org.apache.poi.openxml4j.opc.PackageRelationshipCollection.parseRelationshipsPart(PackageRelationshipCollection.java:307)oggger - Parsing relationship: /xl/worksheets/_rels/sheet2.xml.rels
07:27:27.229 [main] DEBUG org.apache.poi.openxml4j.opc.PackageRelationshipCollection.parseRelationshipsPart(PackageRelationshipCollection.java:307)oggger - Parsing relationship: /_rels/.rels
07:27:27.265 [main] DEBUG org.apache.poi.openxml4j.opc.PackageRelationshipCollection.parseRelationshipsPart(PackageRelationshipCollection.java:307)oggger - Parsing relationship: /xl/_rels/workbook.xml.rels
07:27:27.266 [main] DEBUG org.apache.poi.openxml4j.opc.PackageRelationshipCollection.parseRelationshipsPart(PackageRelationshipCollection.java:307)oggger - Parsing relationship: /xl/worksheets/_rels/sheet1.xml.rels
07:27:27.267 [main] DEBUG org.apache.poi.openxml4j.opc.PackageRelationshipCollection.parseRelationshipsPart(PackageRelationshipCollection.java:307)oggger - Parsing relationship: /xl/worksheets/_rels/sheet2.xml.rels
07:27:27.268 [main] DEBUG org.apache.poi.openxml4j.opc.PackageRelationshipCollection.parseRelationshipsPart(PackageRelationshipCollection.java:307)oggger - Parsing relationship: /_rels/.rels
07:27:27.296 [main] DEBUG org.apache.poi.openxml4j.opc.PackageRelationshipCollection.parseRelationshipsPart(PackageRelationshipCollection.java:307)oggger - Parsing relationship: /xl/_rels/workbook.xml.rels
07:27:27.297 [main] DEBUG org.apache.poi.openxml4j.opc.PackageRelationshipCollection.parseRelationshipsPart(PackageRelationshipCollection.java:307)oggger - Parsing relationship: /xl/worksheets/_rels/sheet1.xml.rels
07:27:27.298 [main] DEBUG org.apache.poi.openxml4j.opc.PackageRelationshipCollection.parseRelationshipsPart(PackageRelationshipCollection.java:307)oggger - Parsing relationship: /xl/worksheets/_rels/sheet2.xml.rels
07:27:27.299 [main] DEBUG org.apache.poi.openxml4j.opc.PackageRelationshipCollection.parseRelationshipsPart(PackageRelationshipCollection.java:307)oggger - Parsing relationship: /_rels/.rels
07:27:27.332 [main] DEBUG org.apache.poi.openxml4j.opc.PackageRelationshipCollection.parseRelationshipsPart(PackageRelationshipCollection.java:307)oggger - Parsing relationship: /xl/_rels/workbook.xml.rels
07:27:27.333 [main] DEBUG org.apache.poi.openxml4j.opc.PackageRelationshipCollection.parseRelationshipsPart(PackageRelationshipCollection.java:307)oggger - Parsing relationship: /xl/worksheets/_rels/sheet1.xml.rels
07:27:27.334 [main] DEBUG org.apache.poi.openxml4j.opc.PackageRelationshipCollection.parseRelationshipsPart(PackageRelationshipCollection.java:307)oggger - Parsing relationship: /xl/worksheets/_rels/sheet2.xml.rels
07:27:27.335 [main] DEBUG org.apache.poi.openxml4j.opc.PackageRelationshipCollection.parseRelationshipsPart(PackageRelationshipCollection.java:307)oggger - Parsing relationship: /_rels/.rels
07:27:27.372 [main] DEBUG org.apache.poi.openxml4j.opc.PackageRelationshipCollection.parseRelationshipsPart(PackageRelationshipCollection.java:307)oggger - Parsing relationship: /xl/_rels/workbook.xml.rels
07:27:27.376 [main] DEBUG org.apache.poi.openxml4j.opc.PackageRelationshipCollection.parseRelationshipsPart(PackageRelationshipCollection.java:307)oggger - Parsing relationship: /xl/worksheets/_rels/sheet1.xml.rels
07:27:27.377 [main] DEBUG org.apache.poi.openxml4j.opc.PackageRelationshipCollection.parseRelationshipsPart(PackageRelationshipCollection.java:307)oggger - Parsing relationship: /xl/worksheets/_rels/sheet2.xml.rels
07:27:27.378 [main] DEBUG org.apache.poi.openxml4j.opc.PackageRelationshipCollection.parseRelationshipsPart(PackageRelationshipCollection.java:307)oggger - Parsing relationship: /_rels/.rels
07:27:27.425 [main] DEBUG org.apache.poi.openxml4j.opc.PackageRelationshipCollection.parseRelationshipsPart(PackageRelationshipCollection.java:307)oggger - Parsing relationship: /xl/_rels/workbook.xml.rels
07:27:27.426 [main] DEBUG org.apache.poi.openxml4j.opc.PackageRelationshipCollection.parseRelationshipsPart(PackageRelationshipCollection.java:307)oggger - Parsing relationship: /xl/worksheets/_rels/sheet1.xml.rels
07:27:27.427 [main] DEBUG org.apache.poi.openxml4j.opc.PackageRelationshipCollection.parseRelationshipsPart(PackageRelationshipCollection.java:307)oggger - Parsing relationship: /xl/worksheets/_rels/sheet2.xml.rels
07:27:27.428 [main] DEBUG org.apache.poi.openxml4j.opc.PackageRelationshipCollection.parseRelationshipsPart(PackageRelationshipCollection.java:307)oggger - Parsing relationship: /_rels/.rels
07:27:27.453 [main] DEBUG org.apache.poi.openxml4j.opc.PackageRelationshipCollection.parseRelationshipsPart(PackageRelationshipCollection.java:307)oggger - Parsing relationship: /xl/_rels/workbook.xml.rels
07:27:27.454 [main] DEBUG org.apache.poi.openxml4j.opc.PackageRelationshipCollection.parseRelationshipsPart(PackageRelationshipCollection.java:307)oggger - Parsing relationship: /xl/worksheets/_rels/sheet1.xml.rels
07:27:27.455 [main] DEBUG org.apache.poi.openxml4j.opc.PackageRelationshipCollection.parseRelationshipsPart(PackageRelationshipCollection.java:307)oggger - Parsing relationship: /xl/worksheets/_rels/sheet2.xml.rels
07:27:27.456 [main] DEBUG org.apache.poi.openxml4j.opc.PackageRelationshipCollection.parseRelationshipsPart(PackageRelationshipCollection.java:307)oggger - Parsing relationship: /_rels/.rels
07:27:27.477 [main] DEBUG org.apache.poi.openxml4j.opc.PackageRelationshipCollection.parseRelationshipsPart(PackageRelationshipCollection.java:307)oggger - Parsing relationship: /xl/_rels/workbook.xml.rels
07:27:27.478 [main] DEBUG org.apache.poi.openxml4j.opc.PackageRelationshipCollection.parseRelationshipsPart(PackageRelationshipCollection.java:307)oggger - Parsing relationship: /xl/worksheets/_rels/sheet1.xml.rels
07:27:27.479 [main] DEBUG org.apache.poi.openxml4j.opc.PackageRelationshipCollection.parseRelationshipsPart(PackageRelationshipCollection.java:307)oggger - Parsing relationship: /xl/worksheets/_rels/sheet2.xml.rels
07:27:27.480 [main] DEBUG org.apache.poi.openxml4j.opc.PackageRelationshipCollection.parseRelationshipsPart(PackageRelationshipCollection.java:307)oggger - Parsing relationship: /_rels/.rels
07:27:27.503 [main] DEBUG org.apache.poi.openxml4j.opc.PackageRelationshipCollection.parseRelationshipsPart(PackageRelationshipCollection.java:307)oggger - Parsing relationship: /xl/_rels/workbook.xml.rels
07:27:27.504 [main] DEBUG org.apache.poi.openxml4j.opc.PackageRelationshipCollection.parseRelationshipsPart(PackageRelationshipCollection.java:307)oggger - Parsing relationship: /xl/worksheets/_rels/sheet1.xml.rels
07:27:27.505 [main] DEBUG org.apache.poi.openxml4j.opc.PackageRelationshipCollection.parseRelationshipsPart(PackageRelationshipCollection.java:307)oggger - Parsing relationship: /xl/worksheets/_rels/sheet2.xml.rels
07:27:27.506 [main] DEBUG org.apache.poi.openxml4j.opc.PackageRelationshipCollection.parseRelationshipsPart(PackageRelationshipCollection.java:307)oggger - Parsing relationship: /_rels/.rels
07:27:27.535 [main] DEBUG org.apache.poi.openxml4j.opc.PackageRelationshipCollection.parseRelationshipsPart(PackageRelationshipCollection.java:307)oggger - Parsing relationship: /xl/_rels/workbook.xml.rels
07:27:27.536 [main] DEBUG org.apache.poi.openxml4j.opc.PackageRelationshipCollection.parseRelationshipsPart(PackageRelationshipCollection.java:307)oggger - Parsing relationship: /xl/worksheets/_rels/sheet1.xml.rels
07:27:27.537 [main] DEBUG org.apache.poi.openxml4j.opc.PackageRelationshipCollection.parseRelationshipsPart(PackageRelationshipCollection.java:307)oggger - Parsing relationship: /xl/worksheets/_rels/sheet2.xml.rels
07:27:27.538 [main] DEBUG org.apache.poi.openxml4j.opc.PackageRelationshipCollection.parseRelationshipsPart(PackageRelationshipCollection.java:307)oggger - Parsing relationship: /_rels/.rels
07:27:27.558 [main] DEBUG org.apache.poi.openxml4j.opc.PackageRelationshipCollection.parseRelationshipsPart(PackageRelationshipCollection.java:307)oggger - Parsing relationship: /xl/_rels/workbook.xml.rels
07:27:27.559 [main] DEBUG org.apache.poi.openxml4j.opc.PackageRelationshipCollection.parseRelationshipsPart(PackageRelationshipCollection.java:307)oggger - Parsing relationship: /xl/worksheets/_rels/sheet1.xml.rels
07:27:27.559 [main] DEBUG org.apache.poi.openxml4j.opc.PackageRelationshipCollection.parseRelationshipsPart(PackageRelationshipCollection.java:307)oggger - Parsing relationship: /xl/worksheets/_rels/sheet2.xml.rels
07:27:27.560 [main] DEBUG org.apache.poi.openxml4j.opc.PackageRelationshipCollection.parseRelationshipsPart(PackageRelationshipCollection.java:307)oggger - Parsing relationship: /_rels/.rels
07:27:27.588 [main] DEBUG org.apache.poi.openxml4j.opc.PackageRelationshipCollection.parseRelationshipsPart(PackageRelationshipCollection.java:307)oggger - Parsing relationship: /xl/_rels/workbook.xml.rels
07:27:27.589 [main] DEBUG org.apache.poi.openxml4j.opc.PackageRelationshipCollection.parseRelationshipsPart(PackageRelationshipCollection.java:307)oggger - Parsing relationship: /xl/worksheets/_rels/sheet1.xml.rels
07:27:27.590 [main] DEBUG org.apache.poi.openxml4j.opc.PackageRelationshipCollection.parseRelationshipsPart(PackageRelationshipCollection.java:307)oggger - Parsing relationship: /xl/worksheets/_rels/sheet2.xml.rels
07:27:27.591 [main] DEBUG org.apache.poi.openxml4j.opc.PackageRelationshipCollection.parseRelationshipsPart(PackageRelationshipCollection.java:307)oggger - Parsing relationship: /_rels/.rels
07:27:27.612 [main] DEBUG org.apache.poi.openxml4j.opc.PackageRelationshipCollection.parseRelationshipsPart(PackageRelationshipCollection.java:307)oggger - Parsing relationship: /xl/_rels/workbook.xml.rels
07:27:27.613 [main] DEBUG org.apache.poi.openxml4j.opc.PackageRelationshipCollection.parseRelationshipsPart(PackageRelationshipCollection.java:307)oggger - Parsing relationship: /xl/worksheets/_rels/sheet1.xml.rels
07:27:27.614 [main] DEBUG org.apache.poi.openxml4j.opc.PackageRelationshipCollection.parseRelationshipsPart(PackageRelationshipCollection.java:307)oggger - Parsing relationship: /xl/worksheets/_rels/sheet2.xml.rels
07:27:27.615 [main] DEBUG org.apache.poi.openxml4j.opc.PackageRelationshipCollection.parseRelationshipsPart(PackageRelationshipCollection.java:307)oggger - Parsing relationship: /_rels/.rels
07:27:27.634 [main] DEBUG org.apache.poi.openxml4j.opc.PackageRelationshipCollection.parseRelationshipsPart(PackageRelationshipCollection.java:307)oggger - Parsing relationship: /xl/_rels/workbook.xml.rels
07:27:27.635 [main] DEBUG org.apache.poi.openxml4j.opc.PackageRelationshipCollection.parseRelationshipsPart(PackageRelationshipCollection.java:307)oggger - Parsing relationship: /xl/worksheets/_rels/sheet1.xml.rels
07:27:27.636 [main] DEBUG org.apache.poi.openxml4j.opc.PackageRelationshipCollection.parseRelationshipsPart(PackageRelationshipCollection.java:307)oggger - Parsing relationship: /xl/worksheets/_rels/sheet2.xml.rels
07:27:27.637 [main] DEBUG org.apache.poi.openxml4j.opc.PackageRelationshipCollection.parseRelationshipsPart(PackageRelationshipCollection.java:307)oggger - Parsing relationship: /_rels/.rels
07:27:27.658 [main] DEBUG org.apache.poi.openxml4j.opc.PackageRelationshipCollection.parseRelationshipsPart(PackageRelationshipCollection.java:307)oggger - Parsing relationship: /xl/_rels/workbook.xml.rels
07:27:27.659 [main] DEBUG org.apache.poi.openxml4j.opc.PackageRelationshipCollection.parseRelationshipsPart(PackageRelationshipCollection.java:307)oggger - Parsing relationship: /xl/worksheets/_rels/sheet1.xml.rels
07:27:27.660 [main] DEBUG org.apache.poi.openxml4j.opc.PackageRelationshipCollection.parseRelationshipsPart(PackageRelationshipCollection.java:307)oggger - Parsing relationship: /xl/worksheets/_rels/sheet2.xml.rels
07:27:27.661 [main] DEBUG org.apache.poi.openxml4j.opc.PackageRelationshipCollection.parseRelationshipsPart(PackageRelationshipCollection.java:307)oggger - Parsing relationship: /_rels/.rels
07:27:27.679 [main] DEBUG org.apache.poi.openxml4j.opc.PackageRelationshipCollection.parseRelationshipsPart(PackageRelationshipCollection.java:307)oggger - Parsing relationship: /xl/_rels/workbook.xml.rels
07:27:27.680 [main] DEBUG org.apache.poi.openxml4j.opc.PackageRelationshipCollection.parseRelationshipsPart(PackageRelationshipCollection.java:307)oggger - Parsing relationship: /xl/worksheets/_rels/sheet1.xml.rels
07:27:27.681 [main] DEBUG org.apache.poi.openxml4j.opc.PackageRelationshipCollection.parseRelationshipsPart(PackageRelationshipCollection.java:307)oggger - Parsing relationship: /xl/worksheets/_rels/sheet2.xml.rels
07:27:27.681 [main] DEBUG org.apache.poi.openxml4j.opc.PackageRelationshipCollection.parseRelationshipsPart(PackageRelationshipCollection.java:307)oggger - Parsing relationship: /_rels/.rels
07:27:27.701 [main] DEBUG org.apache.poi.openxml4j.opc.PackageRelationshipCollection.parseRelationshipsPart(PackageRelationshipCollection.java:307)oggger - Parsing relationship: /xl/_rels/workbook.xml.rels
07:27:27.702 [main] DEBUG org.apache.poi.openxml4j.opc.PackageRelationshipCollection.parseRelationshipsPart(PackageRelationshipCollection.java:307)oggger - Parsing relationship: /xl/worksheets/_rels/sheet1.xml.rels
07:27:27.702 [main] DEBUG org.apache.poi.openxml4j.opc.PackageRelationshipCollection.parseRelationshipsPart(PackageRelationshipCollection.java:307)oggger - Parsing relationship: /xl/worksheets/_rels/sheet2.xml.rels
07:27:27.703 [main] DEBUG org.apache.poi.openxml4j.opc.PackageRelationshipCollection.parseRelationshipsPart(PackageRelationshipCollection.java:307)oggger - Parsing relationship: /_rels/.rels
07:27:27.720 [main] DEBUG org.apache.poi.openxml4j.opc.PackageRelationshipCollection.parseRelationshipsPart(PackageRelationshipCollection.java:307)oggger - Parsing relationship: /xl/_rels/workbook.xml.rels
07:27:27.720 [main] DEBUG org.apache.poi.openxml4j.opc.PackageRelationshipCollection.parseRelationshipsPart(PackageRelationshipCollection.java:307)oggger - Parsing relationship: /xl/worksheets/_rels/sheet1.xml.rels
07:27:27.722 [main] DEBUG org.apache.poi.openxml4j.opc.PackageRelationshipCollection.parseRelationshipsPart(PackageRelationshipCollection.java:307)oggger - Parsing relationship: /xl/worksheets/_rels/sheet2.xml.rels
07:27:27.722 [main] DEBUG org.apache.poi.openxml4j.opc.PackageRelationshipCollection.parseRelationshipsPart(PackageRelationshipCollection.java:307)oggger - Parsing relationship: /_rels/.rels
07:27:27.739 [main] DEBUG org.apache.poi.openxml4j.opc.PackageRelationshipCollection.parseRelationshipsPart(PackageRelationshipCollection.java:307)oggger - Parsing relationship: /xl/_rels/workbook.xml.rels
07:27:27.739 [main] DEBUG org.apache.poi.openxml4j.opc.PackageRelationshipCollection.parseRelationshipsPart(PackageRelationshipCollection.java:307)oggger - Parsing relationship: /xl/worksheets/_rels/sheet1.xml.rels
07:27:27.740 [main] DEBUG org.apache.poi.openxml4j.opc.PackageRelationshipCollection.parseRelationshipsPart(PackageRelationshipCollection.java:307)oggger - Parsing relationship: /xl/worksheets/_rels/sheet2.xml.rels
07:27:27.741 [main] DEBUG org.apache.poi.openxml4j.opc.PackageRelationshipCollection.parseRelationshipsPart(PackageRelationshipCollection.java:307)oggger - Parsing relationship: /_rels/.rels
07:27:27.757 [main] DEBUG org.apache.poi.openxml4j.opc.PackageRelationshipCollection.parseRelationshipsPart(PackageRelationshipCollection.java:307)oggger - Parsing relationship: /xl/_rels/workbook.xml.rels
07:27:27.757 [main] DEBUG org.apache.poi.openxml4j.opc.PackageRelationshipCollection.parseRelationshipsPart(PackageRelationshipCollection.java:307)oggger - Parsing relationship: /xl/worksheets/_rels/sheet1.xml.rels
07:27:27.758 [main] DEBUG org.apache.poi.openxml4j.opc.PackageRelationshipCollection.parseRelationshipsPart(PackageRelationshipCollection.java:307)oggger - Parsing relationship: /xl/worksheets/_rels/sheet2.xml.rels
07:27:27.758 [main] DEBUG org.apache.poi.openxml4j.opc.PackageRelationshipCollection.parseRelationshipsPart(PackageRelationshipCollection.java:307)oggger - Parsing relationship: /_rels/.rels
07:27:27.773 [main] DEBUG org.apache.poi.openxml4j.opc.PackageRelationshipCollection.parseRelationshipsPart(PackageRelationshipCollection.java:307)oggger - Parsing relationship: /xl/_rels/workbook.xml.rels
07:27:27.775 [main] DEBUG org.apache.poi.openxml4j.opc.PackageRelationshipCollection.parseRelationshipsPart(PackageRelationshipCollection.java:307)oggger - Parsing relationship: /xl/worksheets/_rels/sheet1.xml.rels
07:27:27.775 [main] DEBUG org.apache.poi.openxml4j.opc.PackageRelationshipCollection.parseRelationshipsPart(PackageRelationshipCollection.java:307)oggger - Parsing relationship: /xl/worksheets/_rels/sheet2.xml.rels
07:27:27.775 [main] DEBUG org.apache.poi.openxml4j.opc.PackageRelationshipCollection.parseRelationshipsPart(PackageRelationshipCollection.java:307)oggger - Parsing relationship: /_rels/.rels
07:27:27.791 [main] DEBUG org.apache.poi.openxml4j.opc.PackageRelationshipCollection.parseRelationshipsPart(PackageRelationshipCollection.java:307)oggger - Parsing relationship: /xl/_rels/workbook.xml.rels
07:27:27.791 [main] DEBUG org.apache.poi.openxml4j.opc.PackageRelationshipCollection.parseRelationshipsPart(PackageRelationshipCollection.java:307)oggger - Parsing relationship: /xl/worksheets/_rels/sheet1.xml.rels
07:27:27.793 [main] DEBUG org.apache.poi.openxml4j.opc.PackageRelationshipCollection.parseRelationshipsPart(PackageRelationshipCollection.java:307)oggger - Parsing relationship: /xl/worksheets/_rels/sheet2.xml.rels
07:27:27.793 [main] DEBUG org.apache.poi.openxml4j.opc.PackageRelationshipCollection.parseRelationshipsPart(PackageRelationshipCollection.java:307)oggger - Parsing relationship: /_rels/.rels
07:27:27.807 [main] DEBUG org.apache.poi.openxml4j.opc.PackageRelationshipCollection.parseRelationshipsPart(PackageRelationshipCollection.java:307)oggger - Parsing relationship: /xl/_rels/workbook.xml.rels
07:27:27.807 [main] DEBUG org.apache.poi.openxml4j.opc.PackageRelationshipCollection.parseRelationshipsPart(PackageRelationshipCollection.java:307)oggger - Parsing relationship: /xl/worksheets/_rels/sheet1.xml.rels
07:27:27.809 [main] DEBUG org.apache.poi.openxml4j.opc.PackageRelationshipCollection.parseRelationshipsPart(PackageRelationshipCollection.java:307)oggger - Parsing relationship: /xl/worksheets/_rels/sheet2.xml.rels
07:27:27.809 [main] DEBUG org.apache.poi.openxml4j.opc.PackageRelationshipCollection.parseRelationshipsPart(PackageRelationshipCollection.java:307)oggger - Parsing relationship: /_rels/.rels
07:27:27.823 [main] DEBUG org.apache.poi.openxml4j.opc.PackageRelationshipCollection.parseRelationshipsPart(PackageRelationshipCollection.java:307)oggger - Parsing relationship: /xl/_rels/workbook.xml.rels
07:27:27.823 [main] DEBUG org.apache.poi.openxml4j.opc.PackageRelationshipCollection.parseRelationshipsPart(PackageRelationshipCollection.java:307)oggger - Parsing relationship: /xl/worksheets/_rels/sheet1.xml.rels
07:27:27.823 [main] DEBUG org.apache.poi.openxml4j.opc.PackageRelationshipCollection.parseRelationshipsPart(PackageRelationshipCollection.java:307)oggger - Parsing relationship: /xl/worksheets/_rels/sheet2.xml.rels
07:27:27.825 [main] DEBUG org.apache.poi.openxml4j.opc.PackageRelationshipCollection.parseRelationshipsPart(PackageRelationshipCollection.java:307)oggger - Parsing relationship: /_rels/.rels
07:27:27.840 [main] DEBUG org.apache.poi.openxml4j.opc.PackageRelationshipCollection.parseRelationshipsPart(PackageRelationshipCollection.java:307)oggger - Parsing relationship: /xl/_rels/workbook.xml.rels
07:27:27.840 [main] DEBUG org.apache.poi.openxml4j.opc.PackageRelationshipCollection.parseRelationshipsPart(PackageRelationshipCollection.java:307)oggger - Parsing relationship: /xl/worksheets/_rels/sheet1.xml.rels
07:27:27.842 [main] DEBUG org.apache.poi.openxml4j.opc.PackageRelationshipCollection.parseRelationshipsPart(PackageRelationshipCollection.java:307)oggger - Parsing relationship: /xl/worksheets/_rels/sheet2.xml.rels
07:27:27.842 [main] DEBUG org.apache.poi.openxml4j.opc.PackageRelationshipCollection.parseRelationshipsPart(PackageRelationshipCollection.java:307)oggger - Parsing relationship: /_rels/.rels
07:27:27.858 [main] DEBUG org.apache.poi.openxml4j.opc.PackageRelationshipCollection.parseRelationshipsPart(PackageRelationshipCollection.java:307)oggger - Parsing relationship: /xl/_rels/workbook.xml.rels
07:27:27.858 [main] DEBUG org.apache.poi.openxml4j.opc.PackageRelationshipCollection.parseRelationshipsPart(PackageRelationshipCollection.java:307)oggger - Parsing relationship: /xl/worksheets/_rels/sheet1.xml.rels
07:27:27.860 [main] DEBUG org.apache.poi.openxml4j.opc.PackageRelationshipCollection.parseRelationshipsPart(PackageRelationshipCollection.java:307)oggger - Parsing relationship: /xl/worksheets/_rels/sheet2.xml.rels
07:27:27.860 [main] DEBUG org.apache.poi.openxml4j.opc.PackageRelationshipCollection.parseRelationshipsPart(PackageRelationshipCollection.java:307)oggger - Parsing relationship: /_rels/.rels
07:27:27.874 [main] DEBUG org.apache.poi.openxml4j.opc.PackageRelationshipCollection.parseRelationshipsPart(PackageRelationshipCollection.java:307)oggger - Parsing relationship: /xl/_rels/workbook.xml.rels
07:27:27.876 [main] DEBUG org.apache.poi.openxml4j.opc.PackageRelationshipCollection.parseRelationshipsPart(PackageRelationshipCollection.java:307)oggger - Parsing relationship: /xl/worksheets/_rels/sheet1.xml.rels
07:27:27.876 [main] DEBUG org.apache.poi.openxml4j.opc.PackageRelationshipCollection.parseRelationshipsPart(PackageRelationshipCollection.java:307)oggger - Parsing relationship: /xl/worksheets/_rels/sheet2.xml.rels
07:27:27.876 [main] DEBUG org.apache.poi.openxml4j.opc.PackageRelationshipCollection.parseRelationshipsPart(PackageRelationshipCollection.java:307)oggger - Parsing relationship: /_rels/.rels
07:27:27.892 [main] DEBUG org.apache.poi.openxml4j.opc.PackageRelationshipCollection.parseRelationshipsPart(PackageRelationshipCollection.java:307)oggger - Parsing relationship: /xl/_rels/workbook.xml.rels
07:27:27.892 [main] DEBUG org.apache.poi.openxml4j.opc.PackageRelationshipCollection.parseRelationshipsPart(PackageRelationshipCollection.java:307)oggger - Parsing relationship: /xl/worksheets/_rels/sheet1.xml.rels
07:27:27.892 [main] DEBUG org.apache.poi.openxml4j.opc.PackageRelationshipCollection.parseRelationshipsPart(PackageRelationshipCollection.java:307)oggger - Parsing relationship: /xl/worksheets/_rels/sheet2.xml.rels
07:27:27.894 [main] DEBUG org.apache.poi.openxml4j.opc.PackageRelationshipCollection.parseRelationshipsPart(PackageRelationshipCollection.java:307)oggger - Parsing relationship: /_rels/.rels
07:27:27.908 [main] DEBUG org.apache.poi.openxml4j.opc.PackageRelationshipCollection.parseRelationshipsPart(PackageRelationshipCollection.java:307)oggger - Parsing relationship: /xl/_rels/workbook.xml.rels
07:27:27.908 [main] DEBUG org.apache.poi.openxml4j.opc.PackageRelationshipCollection.parseRelationshipsPart(PackageRelationshipCollection.java:307)oggger - Parsing relationship: /xl/worksheets/_rels/sheet1.xml.rels
07:27:27.910 [main] DEBUG org.apache.poi.openxml4j.opc.PackageRelationshipCollection.parseRelationshipsPart(PackageRelationshipCollection.java:307)oggger - Parsing relationship: /xl/worksheets/_rels/sheet2.xml.rels
07:27:27.910 [main] DEBUG org.apache.poi.openxml4j.opc.PackageRelationshipCollection.parseRelationshipsPart(PackageRelationshipCollection.java:307)oggger - Parsing relationship: /_rels/.rels
07:27:27.924 [main] DEBUG org.apache.poi.openxml4j.opc.PackageRelationshipCollection.parseRelationshipsPart(PackageRelationshipCollection.java:307)oggger - Parsing relationship: /xl/_rels/workbook.xml.rels
07:27:27.924 [main] DEBUG org.apache.poi.openxml4j.opc.PackageRelationshipCollection.parseRelationshipsPart(PackageRelationshipCollection.java:307)oggger - Parsing relationship: /xl/worksheets/_rels/sheet1.xml.rels
07:27:27.924 [main] DEBUG org.apache.poi.openxml4j.opc.PackageRelationshipCollection.parseRelationshipsPart(PackageRelationshipCollection.java:307)oggger - Parsing relationship: /xl/worksheets/_rels/sheet2.xml.rels
07:27:27.926 [main] DEBUG org.apache.poi.openxml4j.opc.PackageRelationshipCollection.parseRelationshipsPart(PackageRelationshipCollection.java:307)oggger - Parsing relationship: /_rels/.rels
07:27:27.937 [main] DEBUG org.apache.poi.openxml4j.opc.PackageRelationshipCollection.parseRelationshipsPart(PackageRelationshipCollection.java:307)oggger - Parsing relationship: /xl/_rels/workbook.xml.rels
07:27:27.937 [main] DEBUG org.apache.poi.openxml4j.opc.PackageRelationshipCollection.parseRelationshipsPart(PackageRelationshipCollection.java:307)oggger - Parsing relationship: /xl/worksheets/_rels/sheet1.xml.rels
07:27:27.939 [main] DEBUG org.apache.poi.openxml4j.opc.PackageRelationshipCollection.parseRelationshipsPart(PackageRelationshipCollection.java:307)oggger - Parsing relationship: /xl/worksheets/_rels/sheet2.xml.rels
07:27:27.939 [main] DEBUG org.apache.poi.openxml4j.opc.PackageRelationshipCollection.parseRelationshipsPart(PackageRelationshipCollection.java:307)oggger - Parsing relationship: /_rels/.rels
07:27:27.951 [main] DEBUG org.apache.poi.openxml4j.opc.PackageRelationshipCollection.parseRelationshipsPart(PackageRelationshipCollection.java:307)oggger - Parsing relationship: /xl/_rels/workbook.xml.rels
07:27:27.951 [main] DEBUG org.apache.poi.openxml4j.opc.PackageRelationshipCollection.parseRelationshipsPart(PackageRelationshipCollection.java:307)oggger - Parsing relationship: /xl/worksheets/_rels/sheet1.xml.rels
07:27:27.953 [main] DEBUG org.apache.poi.openxml4j.opc.PackageRelationshipCollection.parseRelationshipsPart(PackageRelationshipCollection.java:307)oggger - Parsing relationship: /xl/worksheets/_rels/sheet2.xml.rels
07:27:27.953 [main] DEBUG org.apache.poi.openxml4j.opc.PackageRelationshipCollection.parseRelationshipsPart(PackageRelationshipCollection.java:307)oggger - Parsing relationship: /_rels/.rels
07:27:27.967 [main] DEBUG org.apache.poi.openxml4j.opc.PackageRelationshipCollection.parseRelationshipsPart(PackageRelationshipCollection.java:307)oggger - Parsing relationship: /xl/_rels/workbook.xml.rels
07:27:27.967 [main] DEBUG org.apache.poi.openxml4j.opc.PackageRelationshipCollection.parseRelationshipsPart(PackageRelationshipCollection.java:307)oggger - Parsing relationship: /xl/worksheets/_rels/sheet1.xml.rels
07:27:27.969 [main] DEBUG org.apache.poi.openxml4j.opc.PackageRelationshipCollection.parseRelationshipsPart(PackageRelationshipCollection.java:307)oggger - Parsing relationship: /xl/worksheets/_rels/sheet2.xml.rels
07:27:27.969 [main] DEBUG org.apache.poi.openxml4j.opc.PackageRelationshipCollection.parseRelationshipsPart(PackageRelationshipCollection.java:307)oggger - Parsing relationship: /_rels/.rels
07:34:33.410 [main] DEBUG org.testng.log4testng.Logger.debug(Logger.java:82)oggger - suiteXmlPath: "C:\Users\VedaB\eclipse-workspace\OpenCartV121\master.xml"
07:34:34.157 [main] INFO  org.testng.log4testng.Logger.info(Logger.java:112)oggger - [TestNG] Running:
  C:\Users\VedaB\eclipse-workspace\OpenCartV121\master.xml

07:34:38.809 [main] DEBUG org.apache.poi.openxml4j.opc.PackageRelationshipCollection.parseRelationshipsPart(PackageRelationshipCollection.java:307)oggger - Parsing relationship: /xl/_rels/workbook.xml.rels
07:34:38.813 [main] DEBUG org.apache.poi.openxml4j.opc.PackageRelationshipCollection.parseRelationshipsPart(PackageRelationshipCollection.java:307)oggger - Parsing relationship: /xl/worksheets/_rels/sheet1.xml.rels
07:34:38.816 [main] DEBUG org.apache.poi.openxml4j.opc.PackageRelationshipCollection.parseRelationshipsPart(PackageRelationshipCollection.java:307)oggger - Parsing relationship: /_rels/.rels
07:34:39.931 [main] DEBUG org.apache.poi.openxml4j.opc.PackageRelationshipCollection.parseRelationshipsPart(PackageRelationshipCollection.java:307)oggger - Parsing relationship: /xl/_rels/workbook.xml.rels
07:34:39.934 [main] DEBUG org.apache.poi.openxml4j.opc.PackageRelationshipCollection.parseRelationshipsPart(PackageRelationshipCollection.java:307)oggger - Parsing relationship: /xl/worksheets/_rels/sheet1.xml.rels
07:34:39.936 [main] DEBUG org.apache.poi.openxml4j.opc.PackageRelationshipCollection.parseRelationshipsPart(PackageRelationshipCollection.java:307)oggger - Parsing relationship: /_rels/.rels
07:34:39.993 [main] DEBUG org.apache.poi.openxml4j.opc.PackageRelationshipCollection.parseRelationshipsPart(PackageRelationshipCollection.java:307)oggger - Parsing relationship: /xl/_rels/workbook.xml.rels
07:34:39.994 [main] DEBUG org.apache.poi.openxml4j.opc.PackageRelationshipCollection.parseRelationshipsPart(PackageRelationshipCollection.java:307)oggger - Parsing relationship: /xl/worksheets/_rels/sheet1.xml.rels
07:34:39.996 [main] DEBUG org.apache.poi.openxml4j.opc.PackageRelationshipCollection.parseRelationshipsPart(PackageRelationshipCollection.java:307)oggger - Parsing relationship: /_rels/.rels
07:34:40.067 [main] DEBUG org.apache.poi.openxml4j.opc.PackageRelationshipCollection.parseRelationshipsPart(PackageRelationshipCollection.java:307)oggger - Parsing relationship: /xl/_rels/workbook.xml.rels
07:34:40.068 [main] DEBUG org.apache.poi.openxml4j.opc.PackageRelationshipCollection.parseRelationshipsPart(PackageRelationshipCollection.java:307)oggger - Parsing relationship: /xl/worksheets/_rels/sheet1.xml.rels
07:34:40.069 [main] DEBUG org.apache.poi.openxml4j.opc.PackageRelationshipCollection.parseRelationshipsPart(PackageRelationshipCollection.java:307)oggger - Parsing relationship: /_rels/.rels
07:34:40.099 [main] DEBUG org.apache.poi.openxml4j.opc.PackageRelationshipCollection.parseRelationshipsPart(PackageRelationshipCollection.java:307)oggger - Parsing relationship: /xl/_rels/workbook.xml.rels
07:34:40.101 [main] DEBUG org.apache.poi.openxml4j.opc.PackageRelationshipCollection.parseRelationshipsPart(PackageRelationshipCollection.java:307)oggger - Parsing relationship: /xl/worksheets/_rels/sheet1.xml.rels
07:34:40.102 [main] DEBUG org.apache.poi.openxml4j.opc.PackageRelationshipCollection.parseRelationshipsPart(PackageRelationshipCollection.java:307)oggger - Parsing relationship: /_rels/.rels
07:34:40.131 [main] DEBUG org.apache.poi.openxml4j.opc.PackageRelationshipCollection.parseRelationshipsPart(PackageRelationshipCollection.java:307)oggger - Parsing relationship: /xl/_rels/workbook.xml.rels
07:34:40.132 [main] DEBUG org.apache.poi.openxml4j.opc.PackageRelationshipCollection.parseRelationshipsPart(PackageRelationshipCollection.java:307)oggger - Parsing relationship: /xl/worksheets/_rels/sheet1.xml.rels
07:34:40.133 [main] DEBUG org.apache.poi.openxml4j.opc.PackageRelationshipCollection.parseRelationshipsPart(PackageRelationshipCollection.java:307)oggger - Parsing relationship: /_rels/.rels
07:34:40.165 [main] DEBUG org.apache.poi.openxml4j.opc.PackageRelationshipCollection.parseRelationshipsPart(PackageRelationshipCollection.java:307)oggger - Parsing relationship: /xl/_rels/workbook.xml.rels
07:34:40.166 [main] DEBUG org.apache.poi.openxml4j.opc.PackageRelationshipCollection.parseRelationshipsPart(PackageRelationshipCollection.java:307)oggger - Parsing relationship: /xl/worksheets/_rels/sheet1.xml.rels
07:34:40.167 [main] DEBUG org.apache.poi.openxml4j.opc.PackageRelationshipCollection.parseRelationshipsPart(PackageRelationshipCollection.java:307)oggger - Parsing relationship: /_rels/.rels
07:34:40.195 [main] DEBUG org.apache.poi.openxml4j.opc.PackageRelationshipCollection.parseRelationshipsPart(PackageRelationshipCollection.java:307)oggger - Parsing relationship: /xl/_rels/workbook.xml.rels
07:34:40.197 [main] DEBUG org.apache.poi.openxml4j.opc.PackageRelationshipCollection.parseRelationshipsPart(PackageRelationshipCollection.java:307)oggger - Parsing relationship: /xl/worksheets/_rels/sheet1.xml.rels
07:34:40.198 [main] DEBUG org.apache.poi.openxml4j.opc.PackageRelationshipCollection.parseRelationshipsPart(PackageRelationshipCollection.java:307)oggger - Parsing relationship: /_rels/.rels
07:34:40.239 [main] DEBUG org.apache.poi.openxml4j.opc.PackageRelationshipCollection.parseRelationshipsPart(PackageRelationshipCollection.java:307)oggger - Parsing relationship: /xl/_rels/workbook.xml.rels
07:34:40.240 [main] DEBUG org.apache.poi.openxml4j.opc.PackageRelationshipCollection.parseRelationshipsPart(PackageRelationshipCollection.java:307)oggger - Parsing relationship: /xl/worksheets/_rels/sheet1.xml.rels
07:34:40.242 [main] DEBUG org.apache.poi.openxml4j.opc.PackageRelationshipCollection.parseRelationshipsPart(PackageRelationshipCollection.java:307)oggger - Parsing relationship: /_rels/.rels
07:34:40.288 [main] DEBUG org.apache.poi.openxml4j.opc.PackageRelationshipCollection.parseRelationshipsPart(PackageRelationshipCollection.java:307)oggger - Parsing relationship: /xl/_rels/workbook.xml.rels
07:34:40.292 [main] DEBUG org.apache.poi.openxml4j.opc.PackageRelationshipCollection.parseRelationshipsPart(PackageRelationshipCollection.java:307)oggger - Parsing relationship: /xl/worksheets/_rels/sheet1.xml.rels
07:34:40.296 [main] DEBUG org.apache.poi.openxml4j.opc.PackageRelationshipCollection.parseRelationshipsPart(PackageRelationshipCollection.java:307)oggger - Parsing relationship: /_rels/.rels
07:34:40.333 [main] DEBUG org.apache.poi.openxml4j.opc.PackageRelationshipCollection.parseRelationshipsPart(PackageRelationshipCollection.java:307)oggger - Parsing relationship: /xl/_rels/workbook.xml.rels
07:34:40.334 [main] DEBUG org.apache.poi.openxml4j.opc.PackageRelationshipCollection.parseRelationshipsPart(PackageRelationshipCollection.java:307)oggger - Parsing relationship: /xl/worksheets/_rels/sheet1.xml.rels
07:34:40.335 [main] DEBUG org.apache.poi.openxml4j.opc.PackageRelationshipCollection.parseRelationshipsPart(PackageRelationshipCollection.java:307)oggger - Parsing relationship: /_rels/.rels
07:34:40.385 [main] DEBUG org.apache.poi.openxml4j.opc.PackageRelationshipCollection.parseRelationshipsPart(PackageRelationshipCollection.java:307)oggger - Parsing relationship: /xl/_rels/workbook.xml.rels
07:34:40.387 [main] DEBUG org.apache.poi.openxml4j.opc.PackageRelationshipCollection.parseRelationshipsPart(PackageRelationshipCollection.java:307)oggger - Parsing relationship: /xl/worksheets/_rels/sheet1.xml.rels
07:34:40.390 [main] DEBUG org.apache.poi.openxml4j.opc.PackageRelationshipCollection.parseRelationshipsPart(PackageRelationshipCollection.java:307)oggger - Parsing relationship: /_rels/.rels
07:34:40.421 [main] DEBUG org.apache.poi.openxml4j.opc.PackageRelationshipCollection.parseRelationshipsPart(PackageRelationshipCollection.java:307)oggger - Parsing relationship: /xl/_rels/workbook.xml.rels
07:34:40.424 [main] DEBUG org.apache.poi.openxml4j.opc.PackageRelationshipCollection.parseRelationshipsPart(PackageRelationshipCollection.java:307)oggger - Parsing relationship: /xl/worksheets/_rels/sheet1.xml.rels
07:34:40.424 [main] DEBUG org.apache.poi.openxml4j.opc.PackageRelationshipCollection.parseRelationshipsPart(PackageRelationshipCollection.java:307)oggger - Parsing relationship: /_rels/.rels
07:34:40.460 [main] DEBUG org.apache.poi.openxml4j.opc.PackageRelationshipCollection.parseRelationshipsPart(PackageRelationshipCollection.java:307)oggger - Parsing relationship: /xl/_rels/workbook.xml.rels
07:34:40.461 [main] DEBUG org.apache.poi.openxml4j.opc.PackageRelationshipCollection.parseRelationshipsPart(PackageRelationshipCollection.java:307)oggger - Parsing relationship: /xl/worksheets/_rels/sheet1.xml.rels
07:34:40.462 [main] DEBUG org.apache.poi.openxml4j.opc.PackageRelationshipCollection.parseRelationshipsPart(PackageRelationshipCollection.java:307)oggger - Parsing relationship: /_rels/.rels
07:34:40.488 [main] DEBUG org.apache.poi.openxml4j.opc.PackageRelationshipCollection.parseRelationshipsPart(PackageRelationshipCollection.java:307)oggger - Parsing relationship: /xl/_rels/workbook.xml.rels
07:34:40.489 [main] DEBUG org.apache.poi.openxml4j.opc.PackageRelationshipCollection.parseRelationshipsPart(PackageRelationshipCollection.java:307)oggger - Parsing relationship: /xl/worksheets/_rels/sheet1.xml.rels
07:34:40.490 [main] DEBUG org.apache.poi.openxml4j.opc.PackageRelationshipCollection.parseRelationshipsPart(PackageRelationshipCollection.java:307)oggger - Parsing relationship: /_rels/.rels
07:34:40.523 [main] DEBUG org.apache.poi.openxml4j.opc.PackageRelationshipCollection.parseRelationshipsPart(PackageRelationshipCollection.java:307)oggger - Parsing relationship: /xl/_rels/workbook.xml.rels
07:34:40.525 [main] DEBUG org.apache.poi.openxml4j.opc.PackageRelationshipCollection.parseRelationshipsPart(PackageRelationshipCollection.java:307)oggger - Parsing relationship: /xl/worksheets/_rels/sheet1.xml.rels
07:34:40.525 [main] DEBUG org.apache.poi.openxml4j.opc.PackageRelationshipCollection.parseRelationshipsPart(PackageRelationshipCollection.java:307)oggger - Parsing relationship: /_rels/.rels
07:34:40.567 [main] DEBUG org.apache.poi.openxml4j.opc.PackageRelationshipCollection.parseRelationshipsPart(PackageRelationshipCollection.java:307)oggger - Parsing relationship: /xl/_rels/workbook.xml.rels
07:34:40.568 [main] DEBUG org.apache.poi.openxml4j.opc.PackageRelationshipCollection.parseRelationshipsPart(PackageRelationshipCollection.java:307)oggger - Parsing relationship: /xl/worksheets/_rels/sheet1.xml.rels
07:34:40.572 [main] DEBUG org.apache.poi.openxml4j.opc.PackageRelationshipCollection.parseRelationshipsPart(PackageRelationshipCollection.java:307)oggger - Parsing relationship: /_rels/.rels
07:34:40.588 [main] DEBUG org.apache.poi.openxml4j.opc.PackageRelationshipCollection.parseRelationshipsPart(PackageRelationshipCollection.java:307)oggger - Parsing relationship: /xl/_rels/workbook.xml.rels
07:34:40.589 [main] DEBUG org.apache.poi.openxml4j.opc.PackageRelationshipCollection.parseRelationshipsPart(PackageRelationshipCollection.java:307)oggger - Parsing relationship: /xl/worksheets/_rels/sheet1.xml.rels
07:34:40.590 [main] DEBUG org.apache.poi.openxml4j.opc.PackageRelationshipCollection.parseRelationshipsPart(PackageRelationshipCollection.java:307)oggger - Parsing relationship: /_rels/.rels
07:34:40.605 [main] DEBUG org.apache.poi.openxml4j.opc.PackageRelationshipCollection.parseRelationshipsPart(PackageRelationshipCollection.java:307)oggger - Parsing relationship: /xl/_rels/workbook.xml.rels
07:34:40.606 [main] DEBUG org.apache.poi.openxml4j.opc.PackageRelationshipCollection.parseRelationshipsPart(PackageRelationshipCollection.java:307)oggger - Parsing relationship: /xl/worksheets/_rels/sheet1.xml.rels
07:34:40.606 [main] DEBUG org.apache.poi.openxml4j.opc.PackageRelationshipCollection.parseRelationshipsPart(PackageRelationshipCollection.java:307)oggger - Parsing relationship: /_rels/.rels
07:34:40.621 [main] DEBUG org.apache.poi.openxml4j.opc.PackageRelationshipCollection.parseRelationshipsPart(PackageRelationshipCollection.java:307)oggger - Parsing relationship: /xl/_rels/workbook.xml.rels
07:34:40.622 [main] DEBUG org.apache.poi.openxml4j.opc.PackageRelationshipCollection.parseRelationshipsPart(PackageRelationshipCollection.java:307)oggger - Parsing relationship: /xl/worksheets/_rels/sheet1.xml.rels
07:34:40.622 [main] DEBUG org.apache.poi.openxml4j.opc.PackageRelationshipCollection.parseRelationshipsPart(PackageRelationshipCollection.java:307)oggger - Parsing relationship: /_rels/.rels
07:34:40.638 [main] DEBUG org.apache.poi.openxml4j.opc.PackageRelationshipCollection.parseRelationshipsPart(PackageRelationshipCollection.java:307)oggger - Parsing relationship: /xl/_rels/workbook.xml.rels
07:34:40.639 [main] DEBUG org.apache.poi.openxml4j.opc.PackageRelationshipCollection.parseRelationshipsPart(PackageRelationshipCollection.java:307)oggger - Parsing relationship: /xl/worksheets/_rels/sheet1.xml.rels
07:34:40.640 [main] DEBUG org.apache.poi.openxml4j.opc.PackageRelationshipCollection.parseRelationshipsPart(PackageRelationshipCollection.java:307)oggger - Parsing relationship: /_rels/.rels
07:34:40.654 [main] DEBUG org.apache.poi.openxml4j.opc.PackageRelationshipCollection.parseRelationshipsPart(PackageRelationshipCollection.java:307)oggger - Parsing relationship: /xl/_rels/workbook.xml.rels
07:34:40.655 [main] DEBUG org.apache.poi.openxml4j.opc.PackageRelationshipCollection.parseRelationshipsPart(PackageRelationshipCollection.java:307)oggger - Parsing relationship: /xl/worksheets/_rels/sheet1.xml.rels
07:34:40.656 [main] DEBUG org.apache.poi.openxml4j.opc.PackageRelationshipCollection.parseRelationshipsPart(PackageRelationshipCollection.java:307)oggger - Parsing relationship: /_rels/.rels
07:34:40.671 [main] DEBUG org.apache.poi.openxml4j.opc.PackageRelationshipCollection.parseRelationshipsPart(PackageRelationshipCollection.java:307)oggger - Parsing relationship: /xl/_rels/workbook.xml.rels
07:34:40.672 [main] DEBUG org.apache.poi.openxml4j.opc.PackageRelationshipCollection.parseRelationshipsPart(PackageRelationshipCollection.java:307)oggger - Parsing relationship: /xl/worksheets/_rels/sheet1.xml.rels
07:34:40.672 [main] DEBUG org.apache.poi.openxml4j.opc.PackageRelationshipCollection.parseRelationshipsPart(PackageRelationshipCollection.java:307)oggger - Parsing relationship: /_rels/.rels
07:34:40.687 [main] DEBUG org.apache.poi.openxml4j.opc.PackageRelationshipCollection.parseRelationshipsPart(PackageRelationshipCollection.java:307)oggger - Parsing relationship: /xl/_rels/workbook.xml.rels
07:34:40.687 [main] DEBUG org.apache.poi.openxml4j.opc.PackageRelationshipCollection.parseRelationshipsPart(PackageRelationshipCollection.java:307)oggger - Parsing relationship: /xl/worksheets/_rels/sheet1.xml.rels
07:34:40.688 [main] DEBUG org.apache.poi.openxml4j.opc.PackageRelationshipCollection.parseRelationshipsPart(PackageRelationshipCollection.java:307)oggger - Parsing relationship: /_rels/.rels
07:34:40.702 [main] DEBUG org.apache.poi.openxml4j.opc.PackageRelationshipCollection.parseRelationshipsPart(PackageRelationshipCollection.java:307)oggger - Parsing relationship: /xl/_rels/workbook.xml.rels
07:34:40.703 [main] DEBUG org.apache.poi.openxml4j.opc.PackageRelationshipCollection.parseRelationshipsPart(PackageRelationshipCollection.java:307)oggger - Parsing relationship: /xl/worksheets/_rels/sheet1.xml.rels
07:34:40.704 [main] DEBUG org.apache.poi.openxml4j.opc.PackageRelationshipCollection.parseRelationshipsPart(PackageRelationshipCollection.java:307)oggger - Parsing relationship: /_rels/.rels
07:34:40.718 [main] DEBUG org.apache.poi.openxml4j.opc.PackageRelationshipCollection.parseRelationshipsPart(PackageRelationshipCollection.java:307)oggger - Parsing relationship: /xl/_rels/workbook.xml.rels
07:34:40.719 [main] DEBUG org.apache.poi.openxml4j.opc.PackageRelationshipCollection.parseRelationshipsPart(PackageRelationshipCollection.java:307)oggger - Parsing relationship: /xl/worksheets/_rels/sheet1.xml.rels
07:34:40.720 [main] DEBUG org.apache.poi.openxml4j.opc.PackageRelationshipCollection.parseRelationshipsPart(PackageRelationshipCollection.java:307)oggger - Parsing relationship: /_rels/.rels
07:34:40.733 [main] DEBUG org.apache.poi.openxml4j.opc.PackageRelationshipCollection.parseRelationshipsPart(PackageRelationshipCollection.java:307)oggger - Parsing relationship: /xl/_rels/workbook.xml.rels
07:34:40.734 [main] DEBUG org.apache.poi.openxml4j.opc.PackageRelationshipCollection.parseRelationshipsPart(PackageRelationshipCollection.java:307)oggger - Parsing relationship: /xl/worksheets/_rels/sheet1.xml.rels
07:34:40.735 [main] DEBUG org.apache.poi.openxml4j.opc.PackageRelationshipCollection.parseRelationshipsPart(PackageRelationshipCollection.java:307)oggger - Parsing relationship: /_rels/.rels
07:34:40.748 [main] DEBUG org.apache.poi.openxml4j.opc.PackageRelationshipCollection.parseRelationshipsPart(PackageRelationshipCollection.java:307)oggger - Parsing relationship: /xl/_rels/workbook.xml.rels
07:34:40.748 [main] DEBUG org.apache.poi.openxml4j.opc.PackageRelationshipCollection.parseRelationshipsPart(PackageRelationshipCollection.java:307)oggger - Parsing relationship: /xl/worksheets/_rels/sheet1.xml.rels
07:34:40.749 [main] DEBUG org.apache.poi.openxml4j.opc.PackageRelationshipCollection.parseRelationshipsPart(PackageRelationshipCollection.java:307)oggger - Parsing relationship: /_rels/.rels
07:34:40.761 [main] DEBUG org.apache.poi.openxml4j.opc.PackageRelationshipCollection.parseRelationshipsPart(PackageRelationshipCollection.java:307)oggger - Parsing relationship: /xl/_rels/workbook.xml.rels
07:34:40.762 [main] DEBUG org.apache.poi.openxml4j.opc.PackageRelationshipCollection.parseRelationshipsPart(PackageRelationshipCollection.java:307)oggger - Parsing relationship: /xl/worksheets/_rels/sheet1.xml.rels
07:34:40.763 [main] DEBUG org.apache.poi.openxml4j.opc.PackageRelationshipCollection.parseRelationshipsPart(PackageRelationshipCollection.java:307)oggger - Parsing relationship: /_rels/.rels
07:34:40.777 [main] DEBUG org.apache.poi.openxml4j.opc.PackageRelationshipCollection.parseRelationshipsPart(PackageRelationshipCollection.java:307)oggger - Parsing relationship: /xl/_rels/workbook.xml.rels
07:34:40.778 [main] DEBUG org.apache.poi.openxml4j.opc.PackageRelationshipCollection.parseRelationshipsPart(PackageRelationshipCollection.java:307)oggger - Parsing relationship: /xl/worksheets/_rels/sheet1.xml.rels
07:34:40.779 [main] DEBUG org.apache.poi.openxml4j.opc.PackageRelationshipCollection.parseRelationshipsPart(PackageRelationshipCollection.java:307)oggger - Parsing relationship: /_rels/.rels
07:34:40.793 [main] DEBUG org.apache.poi.openxml4j.opc.PackageRelationshipCollection.parseRelationshipsPart(PackageRelationshipCollection.java:307)oggger - Parsing relationship: /xl/_rels/workbook.xml.rels
07:34:40.794 [main] DEBUG org.apache.poi.openxml4j.opc.PackageRelationshipCollection.parseRelationshipsPart(PackageRelationshipCollection.java:307)oggger - Parsing relationship: /xl/worksheets/_rels/sheet1.xml.rels
07:34:40.795 [main] DEBUG org.apache.poi.openxml4j.opc.PackageRelationshipCollection.parseRelationshipsPart(PackageRelationshipCollection.java:307)oggger - Parsing relationship: /_rels/.rels
07:34:40.809 [main] DEBUG org.apache.poi.openxml4j.opc.PackageRelationshipCollection.parseRelationshipsPart(PackageRelationshipCollection.java:307)oggger - Parsing relationship: /xl/_rels/workbook.xml.rels
07:34:40.810 [main] DEBUG org.apache.poi.openxml4j.opc.PackageRelationshipCollection.parseRelationshipsPart(PackageRelationshipCollection.java:307)oggger - Parsing relationship: /xl/worksheets/_rels/sheet1.xml.rels
07:34:40.810 [main] DEBUG org.apache.poi.openxml4j.opc.PackageRelationshipCollection.parseRelationshipsPart(PackageRelationshipCollection.java:307)oggger - Parsing relationship: /_rels/.rels
07:34:40.824 [main] DEBUG org.apache.poi.openxml4j.opc.PackageRelationshipCollection.parseRelationshipsPart(PackageRelationshipCollection.java:307)oggger - Parsing relationship: /xl/_rels/workbook.xml.rels
07:34:40.824 [main] DEBUG org.apache.poi.openxml4j.opc.PackageRelationshipCollection.parseRelationshipsPart(PackageRelationshipCollection.java:307)oggger - Parsing relationship: /xl/worksheets/_rels/sheet1.xml.rels
07:34:40.825 [main] DEBUG org.apache.poi.openxml4j.opc.PackageRelationshipCollection.parseRelationshipsPart(PackageRelationshipCollection.java:307)oggger - Parsing relationship: /_rels/.rels
07:34:40.838 [main] DEBUG org.apache.poi.openxml4j.opc.PackageRelationshipCollection.parseRelationshipsPart(PackageRelationshipCollection.java:307)oggger - Parsing relationship: /xl/_rels/workbook.xml.rels
07:34:40.838 [main] DEBUG org.apache.poi.openxml4j.opc.PackageRelationshipCollection.parseRelationshipsPart(PackageRelationshipCollection.java:307)oggger - Parsing relationship: /xl/worksheets/_rels/sheet1.xml.rels
07:34:40.839 [main] DEBUG org.apache.poi.openxml4j.opc.PackageRelationshipCollection.parseRelationshipsPart(PackageRelationshipCollection.java:307)oggger - Parsing relationship: /_rels/.rels
07:34:40.854 [main] DEBUG org.apache.poi.openxml4j.opc.PackageRelationshipCollection.parseRelationshipsPart(PackageRelationshipCollection.java:307)oggger - Parsing relationship: /xl/_rels/workbook.xml.rels
07:34:40.855 [main] DEBUG org.apache.poi.openxml4j.opc.PackageRelationshipCollection.parseRelationshipsPart(PackageRelationshipCollection.java:307)oggger - Parsing relationship: /xl/worksheets/_rels/sheet1.xml.rels
07:34:40.855 [main] DEBUG org.apache.poi.openxml4j.opc.PackageRelationshipCollection.parseRelationshipsPart(PackageRelationshipCollection.java:307)oggger - Parsing relationship: /_rels/.rels
07:34:40.871 [main] DEBUG org.apache.poi.openxml4j.opc.PackageRelationshipCollection.parseRelationshipsPart(PackageRelationshipCollection.java:307)oggger - Parsing relationship: /xl/_rels/workbook.xml.rels
07:34:40.872 [main] DEBUG org.apache.poi.openxml4j.opc.PackageRelationshipCollection.parseRelationshipsPart(PackageRelationshipCollection.java:307)oggger - Parsing relationship: /xl/worksheets/_rels/sheet1.xml.rels
07:34:40.873 [main] DEBUG org.apache.poi.openxml4j.opc.PackageRelationshipCollection.parseRelationshipsPart(PackageRelationshipCollection.java:307)oggger - Parsing relationship: /_rels/.rels
07:34:40.888 [main] DEBUG org.apache.poi.openxml4j.opc.PackageRelationshipCollection.parseRelationshipsPart(PackageRelationshipCollection.java:307)oggger - Parsing relationship: /xl/_rels/workbook.xml.rels
07:34:40.889 [main] DEBUG org.apache.poi.openxml4j.opc.PackageRelationshipCollection.parseRelationshipsPart(PackageRelationshipCollection.java:307)oggger - Parsing relationship: /xl/worksheets/_rels/sheet1.xml.rels
07:34:40.890 [main] DEBUG org.apache.poi.openxml4j.opc.PackageRelationshipCollection.parseRelationshipsPart(PackageRelationshipCollection.java:307)oggger - Parsing relationship: /_rels/.rels
07:34:40.905 [main] DEBUG org.apache.poi.openxml4j.opc.PackageRelationshipCollection.parseRelationshipsPart(PackageRelationshipCollection.java:307)oggger - Parsing relationship: /xl/_rels/workbook.xml.rels
07:34:40.905 [main] DEBUG org.apache.poi.openxml4j.opc.PackageRelationshipCollection.parseRelationshipsPart(PackageRelationshipCollection.java:307)oggger - Parsing relationship: /xl/worksheets/_rels/sheet1.xml.rels
07:34:40.906 [main] DEBUG org.apache.poi.openxml4j.opc.PackageRelationshipCollection.parseRelationshipsPart(PackageRelationshipCollection.java:307)oggger - Parsing relationship: /_rels/.rels
07:34:40.919 [main] DEBUG org.apache.poi.openxml4j.opc.PackageRelationshipCollection.parseRelationshipsPart(PackageRelationshipCollection.java:307)oggger - Parsing relationship: /xl/_rels/workbook.xml.rels
07:34:40.919 [main] DEBUG org.apache.poi.openxml4j.opc.PackageRelationshipCollection.parseRelationshipsPart(PackageRelationshipCollection.java:307)oggger - Parsing relationship: /xl/worksheets/_rels/sheet1.xml.rels
07:34:40.920 [main] DEBUG org.apache.poi.openxml4j.opc.PackageRelationshipCollection.parseRelationshipsPart(PackageRelationshipCollection.java:307)oggger - Parsing relationship: /_rels/.rels
07:34:40.933 [main] DEBUG org.apache.poi.openxml4j.opc.PackageRelationshipCollection.parseRelationshipsPart(PackageRelationshipCollection.java:307)oggger - Parsing relationship: /xl/_rels/workbook.xml.rels
07:34:40.934 [main] DEBUG org.apache.poi.openxml4j.opc.PackageRelationshipCollection.parseRelationshipsPart(PackageRelationshipCollection.java:307)oggger - Parsing relationship: /xl/worksheets/_rels/sheet1.xml.rels
07:34:40.936 [main] DEBUG org.apache.poi.openxml4j.opc.PackageRelationshipCollection.parseRelationshipsPart(PackageRelationshipCollection.java:307)oggger - Parsing relationship: /_rels/.rels
07:34:40.949 [main] DEBUG org.apache.poi.openxml4j.opc.PackageRelationshipCollection.parseRelationshipsPart(PackageRelationshipCollection.java:307)oggger - Parsing relationship: /xl/_rels/workbook.xml.rels
07:34:40.949 [main] DEBUG org.apache.poi.openxml4j.opc.PackageRelationshipCollection.parseRelationshipsPart(PackageRelationshipCollection.java:307)oggger - Parsing relationship: /xl/worksheets/_rels/sheet1.xml.rels
07:34:40.950 [main] DEBUG org.apache.poi.openxml4j.opc.PackageRelationshipCollection.parseRelationshipsPart(PackageRelationshipCollection.java:307)oggger - Parsing relationship: /_rels/.rels
07:34:40.962 [main] DEBUG org.apache.poi.openxml4j.opc.PackageRelationshipCollection.parseRelationshipsPart(PackageRelationshipCollection.java:307)oggger - Parsing relationship: /xl/_rels/workbook.xml.rels
07:34:40.963 [main] DEBUG org.apache.poi.openxml4j.opc.PackageRelationshipCollection.parseRelationshipsPart(PackageRelationshipCollection.java:307)oggger - Parsing relationship: /xl/worksheets/_rels/sheet1.xml.rels
07:34:40.964 [main] DEBUG org.apache.poi.openxml4j.opc.PackageRelationshipCollection.parseRelationshipsPart(PackageRelationshipCollection.java:307)oggger - Parsing relationship: /_rels/.rels
07:34:40.978 [main] DEBUG org.apache.poi.openxml4j.opc.PackageRelationshipCollection.parseRelationshipsPart(PackageRelationshipCollection.java:307)oggger - Parsing relationship: /xl/_rels/workbook.xml.rels
07:34:40.979 [main] DEBUG org.apache.poi.openxml4j.opc.PackageRelationshipCollection.parseRelationshipsPart(PackageRelationshipCollection.java:307)oggger - Parsing relationship: /xl/worksheets/_rels/sheet1.xml.rels
07:34:40.979 [main] DEBUG org.apache.poi.openxml4j.opc.PackageRelationshipCollection.parseRelationshipsPart(PackageRelationshipCollection.java:307)oggger - Parsing relationship: /_rels/.rels
07:34:40.993 [main] DEBUG org.apache.poi.openxml4j.opc.PackageRelationshipCollection.parseRelationshipsPart(PackageRelationshipCollection.java:307)oggger - Parsing relationship: /xl/_rels/workbook.xml.rels
07:34:40.994 [main] DEBUG org.apache.poi.openxml4j.opc.PackageRelationshipCollection.parseRelationshipsPart(PackageRelationshipCollection.java:307)oggger - Parsing relationship: /xl/worksheets/_rels/sheet1.xml.rels
07:34:40.994 [main] DEBUG org.apache.poi.openxml4j.opc.PackageRelationshipCollection.parseRelationshipsPart(PackageRelationshipCollection.java:307)oggger - Parsing relationship: /_rels/.rels
07:40:57.735 [main] DEBUG org.testng.log4testng.Logger.debug(Logger.java:82)oggger - suiteXmlPath: "C:\Users\VedaB\eclipse-workspace\OpenCartV121\master.xml"
07:40:58.619 [main] INFO  org.testng.log4testng.Logger.info(Logger.java:112)oggger - [TestNG] Running:
  C:\Users\VedaB\eclipse-workspace\OpenCartV121\master.xml

07:41:03.446 [main] DEBUG org.apache.poi.openxml4j.opc.PackageRelationshipCollection.parseRelationshipsPart(PackageRelationshipCollection.java:307)oggger - Parsing relationship: /xl/_rels/workbook.xml.rels
07:41:03.452 [main] DEBUG org.apache.poi.openxml4j.opc.PackageRelationshipCollection.parseRelationshipsPart(PackageRelationshipCollection.java:307)oggger - Parsing relationship: /xl/worksheets/_rels/sheet1.xml.rels
07:41:03.457 [main] DEBUG org.apache.poi.openxml4j.opc.PackageRelationshipCollection.parseRelationshipsPart(PackageRelationshipCollection.java:307)oggger - Parsing relationship: /_rels/.rels
07:41:04.374 [main] DEBUG org.apache.poi.openxml4j.opc.PackageRelationshipCollection.parseRelationshipsPart(PackageRelationshipCollection.java:307)oggger - Parsing relationship: /xl/_rels/workbook.xml.rels
07:41:04.375 [main] DEBUG org.apache.poi.openxml4j.opc.PackageRelationshipCollection.parseRelationshipsPart(PackageRelationshipCollection.java:307)oggger - Parsing relationship: /xl/worksheets/_rels/sheet1.xml.rels
07:41:04.376 [main] DEBUG org.apache.poi.openxml4j.opc.PackageRelationshipCollection.parseRelationshipsPart(PackageRelationshipCollection.java:307)oggger - Parsing relationship: /_rels/.rels
07:41:04.419 [main] DEBUG org.apache.poi.openxml4j.opc.PackageRelationshipCollection.parseRelationshipsPart(PackageRelationshipCollection.java:307)oggger - Parsing relationship: /xl/_rels/workbook.xml.rels
07:41:04.420 [main] DEBUG org.apache.poi.openxml4j.opc.PackageRelationshipCollection.parseRelationshipsPart(PackageRelationshipCollection.java:307)oggger - Parsing relationship: /xl/worksheets/_rels/sheet1.xml.rels
07:41:04.421 [main] DEBUG org.apache.poi.openxml4j.opc.PackageRelationshipCollection.parseRelationshipsPart(PackageRelationshipCollection.java:307)oggger - Parsing relationship: /_rels/.rels
07:41:04.474 [main] DEBUG org.apache.poi.openxml4j.opc.PackageRelationshipCollection.parseRelationshipsPart(PackageRelationshipCollection.java:307)oggger - Parsing relationship: /xl/_rels/workbook.xml.rels
07:41:04.475 [main] DEBUG org.apache.poi.openxml4j.opc.PackageRelationshipCollection.parseRelationshipsPart(PackageRelationshipCollection.java:307)oggger - Parsing relationship: /xl/worksheets/_rels/sheet1.xml.rels
07:41:04.479 [main] DEBUG org.apache.poi.openxml4j.opc.PackageRelationshipCollection.parseRelationshipsPart(PackageRelationshipCollection.java:307)oggger - Parsing relationship: /_rels/.rels
07:41:04.504 [main] DEBUG org.apache.poi.openxml4j.opc.PackageRelationshipCollection.parseRelationshipsPart(PackageRelationshipCollection.java:307)oggger - Parsing relationship: /xl/_rels/workbook.xml.rels
07:41:04.505 [main] DEBUG org.apache.poi.openxml4j.opc.PackageRelationshipCollection.parseRelationshipsPart(PackageRelationshipCollection.java:307)oggger - Parsing relationship: /xl/worksheets/_rels/sheet1.xml.rels
07:41:04.506 [main] DEBUG org.apache.poi.openxml4j.opc.PackageRelationshipCollection.parseRelationshipsPart(PackageRelationshipCollection.java:307)oggger - Parsing relationship: /_rels/.rels
07:41:04.535 [main] DEBUG org.apache.poi.openxml4j.opc.PackageRelationshipCollection.parseRelationshipsPart(PackageRelationshipCollection.java:307)oggger - Parsing relationship: /xl/_rels/workbook.xml.rels
07:41:04.537 [main] DEBUG org.apache.poi.openxml4j.opc.PackageRelationshipCollection.parseRelationshipsPart(PackageRelationshipCollection.java:307)oggger - Parsing relationship: /xl/worksheets/_rels/sheet1.xml.rels
07:41:04.539 [main] DEBUG org.apache.poi.openxml4j.opc.PackageRelationshipCollection.parseRelationshipsPart(PackageRelationshipCollection.java:307)oggger - Parsing relationship: /_rels/.rels
07:41:04.571 [main] DEBUG org.apache.poi.openxml4j.opc.PackageRelationshipCollection.parseRelationshipsPart(PackageRelationshipCollection.java:307)oggger - Parsing relationship: /xl/_rels/workbook.xml.rels
07:41:04.573 [main] DEBUG org.apache.poi.openxml4j.opc.PackageRelationshipCollection.parseRelationshipsPart(PackageRelationshipCollection.java:307)oggger - Parsing relationship: /xl/worksheets/_rels/sheet1.xml.rels
07:41:04.575 [main] DEBUG org.apache.poi.openxml4j.opc.PackageRelationshipCollection.parseRelationshipsPart(PackageRelationshipCollection.java:307)oggger - Parsing relationship: /_rels/.rels
07:41:04.612 [main] DEBUG org.apache.poi.openxml4j.opc.PackageRelationshipCollection.parseRelationshipsPart(PackageRelationshipCollection.java:307)oggger - Parsing relationship: /xl/_rels/workbook.xml.rels
07:41:04.616 [main] DEBUG org.apache.poi.openxml4j.opc.PackageRelationshipCollection.parseRelationshipsPart(PackageRelationshipCollection.java:307)oggger - Parsing relationship: /xl/worksheets/_rels/sheet1.xml.rels
07:41:04.616 [main] DEBUG org.apache.poi.openxml4j.opc.PackageRelationshipCollection.parseRelationshipsPart(PackageRelationshipCollection.java:307)oggger - Parsing relationship: /_rels/.rels
07:41:04.649 [main] DEBUG org.apache.poi.openxml4j.opc.PackageRelationshipCollection.parseRelationshipsPart(PackageRelationshipCollection.java:307)oggger - Parsing relationship: /xl/_rels/workbook.xml.rels
07:41:04.650 [main] DEBUG org.apache.poi.openxml4j.opc.PackageRelationshipCollection.parseRelationshipsPart(PackageRelationshipCollection.java:307)oggger - Parsing relationship: /xl/worksheets/_rels/sheet1.xml.rels
07:41:04.653 [main] DEBUG org.apache.poi.openxml4j.opc.PackageRelationshipCollection.parseRelationshipsPart(PackageRelationshipCollection.java:307)oggger - Parsing relationship: /_rels/.rels
07:41:04.692 [main] DEBUG org.apache.poi.openxml4j.opc.PackageRelationshipCollection.parseRelationshipsPart(PackageRelationshipCollection.java:307)oggger - Parsing relationship: /xl/_rels/workbook.xml.rels
07:41:04.693 [main] DEBUG org.apache.poi.openxml4j.opc.PackageRelationshipCollection.parseRelationshipsPart(PackageRelationshipCollection.java:307)oggger - Parsing relationship: /xl/worksheets/_rels/sheet1.xml.rels
07:41:04.694 [main] DEBUG org.apache.poi.openxml4j.opc.PackageRelationshipCollection.parseRelationshipsPart(PackageRelationshipCollection.java:307)oggger - Parsing relationship: /_rels/.rels
07:41:04.716 [main] DEBUG org.apache.poi.openxml4j.opc.PackageRelationshipCollection.parseRelationshipsPart(PackageRelationshipCollection.java:307)oggger - Parsing relationship: /xl/_rels/workbook.xml.rels
07:41:04.717 [main] DEBUG org.apache.poi.openxml4j.opc.PackageRelationshipCollection.parseRelationshipsPart(PackageRelationshipCollection.java:307)oggger - Parsing relationship: /xl/worksheets/_rels/sheet1.xml.rels
07:41:04.718 [main] DEBUG org.apache.poi.openxml4j.opc.PackageRelationshipCollection.parseRelationshipsPart(PackageRelationshipCollection.java:307)oggger - Parsing relationship: /_rels/.rels
07:41:04.734 [main] DEBUG org.apache.poi.openxml4j.opc.PackageRelationshipCollection.parseRelationshipsPart(PackageRelationshipCollection.java:307)oggger - Parsing relationship: /xl/_rels/workbook.xml.rels
07:41:04.735 [main] DEBUG org.apache.poi.openxml4j.opc.PackageRelationshipCollection.parseRelationshipsPart(PackageRelationshipCollection.java:307)oggger - Parsing relationship: /xl/worksheets/_rels/sheet1.xml.rels
07:41:04.737 [main] DEBUG org.apache.poi.openxml4j.opc.PackageRelationshipCollection.parseRelationshipsPart(PackageRelationshipCollection.java:307)oggger - Parsing relationship: /_rels/.rels
07:41:04.756 [main] DEBUG org.apache.poi.openxml4j.opc.PackageRelationshipCollection.parseRelationshipsPart(PackageRelationshipCollection.java:307)oggger - Parsing relationship: /xl/_rels/workbook.xml.rels
07:41:04.757 [main] DEBUG org.apache.poi.openxml4j.opc.PackageRelationshipCollection.parseRelationshipsPart(PackageRelationshipCollection.java:307)oggger - Parsing relationship: /xl/worksheets/_rels/sheet1.xml.rels
07:41:04.757 [main] DEBUG org.apache.poi.openxml4j.opc.PackageRelationshipCollection.parseRelationshipsPart(PackageRelationshipCollection.java:307)oggger - Parsing relationship: /_rels/.rels
07:41:04.773 [main] DEBUG org.apache.poi.openxml4j.opc.PackageRelationshipCollection.parseRelationshipsPart(PackageRelationshipCollection.java:307)oggger - Parsing relationship: /xl/_rels/workbook.xml.rels
07:41:04.773 [main] DEBUG org.apache.poi.openxml4j.opc.PackageRelationshipCollection.parseRelationshipsPart(PackageRelationshipCollection.java:307)oggger - Parsing relationship: /xl/worksheets/_rels/sheet1.xml.rels
07:41:04.775 [main] DEBUG org.apache.poi.openxml4j.opc.PackageRelationshipCollection.parseRelationshipsPart(PackageRelationshipCollection.java:307)oggger - Parsing relationship: /_rels/.rels
07:41:04.791 [main] DEBUG org.apache.poi.openxml4j.opc.PackageRelationshipCollection.parseRelationshipsPart(PackageRelationshipCollection.java:307)oggger - Parsing relationship: /xl/_rels/workbook.xml.rels
07:41:04.793 [main] DEBUG org.apache.poi.openxml4j.opc.PackageRelationshipCollection.parseRelationshipsPart(PackageRelationshipCollection.java:307)oggger - Parsing relationship: /xl/worksheets/_rels/sheet1.xml.rels
07:41:04.793 [main] DEBUG org.apache.poi.openxml4j.opc.PackageRelationshipCollection.parseRelationshipsPart(PackageRelationshipCollection.java:307)oggger - Parsing relationship: /_rels/.rels
07:41:04.813 [main] DEBUG org.apache.poi.openxml4j.opc.PackageRelationshipCollection.parseRelationshipsPart(PackageRelationshipCollection.java:307)oggger - Parsing relationship: /xl/_rels/workbook.xml.rels
07:41:04.814 [main] DEBUG org.apache.poi.openxml4j.opc.PackageRelationshipCollection.parseRelationshipsPart(PackageRelationshipCollection.java:307)oggger - Parsing relationship: /xl/worksheets/_rels/sheet1.xml.rels
07:41:04.814 [main] DEBUG org.apache.poi.openxml4j.opc.PackageRelationshipCollection.parseRelationshipsPart(PackageRelationshipCollection.java:307)oggger - Parsing relationship: /_rels/.rels
07:41:04.840 [main] DEBUG org.apache.poi.openxml4j.opc.PackageRelationshipCollection.parseRelationshipsPart(PackageRelationshipCollection.java:307)oggger - Parsing relationship: /xl/_rels/workbook.xml.rels
07:41:04.840 [main] DEBUG org.apache.poi.openxml4j.opc.PackageRelationshipCollection.parseRelationshipsPart(PackageRelationshipCollection.java:307)oggger - Parsing relationship: /xl/worksheets/_rels/sheet1.xml.rels
07:41:04.842 [main] DEBUG org.apache.poi.openxml4j.opc.PackageRelationshipCollection.parseRelationshipsPart(PackageRelationshipCollection.java:307)oggger - Parsing relationship: /_rels/.rels
07:41:04.858 [main] DEBUG org.apache.poi.openxml4j.opc.PackageRelationshipCollection.parseRelationshipsPart(PackageRelationshipCollection.java:307)oggger - Parsing relationship: /xl/_rels/workbook.xml.rels
07:41:04.858 [main] DEBUG org.apache.poi.openxml4j.opc.PackageRelationshipCollection.parseRelationshipsPart(PackageRelationshipCollection.java:307)oggger - Parsing relationship: /xl/worksheets/_rels/sheet1.xml.rels
07:41:04.860 [main] DEBUG org.apache.poi.openxml4j.opc.PackageRelationshipCollection.parseRelationshipsPart(PackageRelationshipCollection.java:307)oggger - Parsing relationship: /_rels/.rels
07:41:04.874 [main] DEBUG org.apache.poi.openxml4j.opc.PackageRelationshipCollection.parseRelationshipsPart(PackageRelationshipCollection.java:307)oggger - Parsing relationship: /xl/_rels/workbook.xml.rels
07:41:04.874 [main] DEBUG org.apache.poi.openxml4j.opc.PackageRelationshipCollection.parseRelationshipsPart(PackageRelationshipCollection.java:307)oggger - Parsing relationship: /xl/worksheets/_rels/sheet1.xml.rels
07:41:04.876 [main] DEBUG org.apache.poi.openxml4j.opc.PackageRelationshipCollection.parseRelationshipsPart(PackageRelationshipCollection.java:307)oggger - Parsing relationship: /_rels/.rels
07:41:04.890 [main] DEBUG org.apache.poi.openxml4j.opc.PackageRelationshipCollection.parseRelationshipsPart(PackageRelationshipCollection.java:307)oggger - Parsing relationship: /xl/_rels/workbook.xml.rels
07:41:04.890 [main] DEBUG org.apache.poi.openxml4j.opc.PackageRelationshipCollection.parseRelationshipsPart(PackageRelationshipCollection.java:307)oggger - Parsing relationship: /xl/worksheets/_rels/sheet1.xml.rels
07:41:04.892 [main] DEBUG org.apache.poi.openxml4j.opc.PackageRelationshipCollection.parseRelationshipsPart(PackageRelationshipCollection.java:307)oggger - Parsing relationship: /_rels/.rels
07:41:04.906 [main] DEBUG org.apache.poi.openxml4j.opc.PackageRelationshipCollection.parseRelationshipsPart(PackageRelationshipCollection.java:307)oggger - Parsing relationship: /xl/_rels/workbook.xml.rels
07:41:04.908 [main] DEBUG org.apache.poi.openxml4j.opc.PackageRelationshipCollection.parseRelationshipsPart(PackageRelationshipCollection.java:307)oggger - Parsing relationship: /xl/worksheets/_rels/sheet1.xml.rels
07:41:04.908 [main] DEBUG org.apache.poi.openxml4j.opc.PackageRelationshipCollection.parseRelationshipsPart(PackageRelationshipCollection.java:307)oggger - Parsing relationship: /_rels/.rels
07:41:04.924 [main] DEBUG org.apache.poi.openxml4j.opc.PackageRelationshipCollection.parseRelationshipsPart(PackageRelationshipCollection.java:307)oggger - Parsing relationship: /xl/_rels/workbook.xml.rels
07:41:04.924 [main] DEBUG org.apache.poi.openxml4j.opc.PackageRelationshipCollection.parseRelationshipsPart(PackageRelationshipCollection.java:307)oggger - Parsing relationship: /xl/worksheets/_rels/sheet1.xml.rels
07:41:04.924 [main] DEBUG org.apache.poi.openxml4j.opc.PackageRelationshipCollection.parseRelationshipsPart(PackageRelationshipCollection.java:307)oggger - Parsing relationship: /_rels/.rels
07:41:04.938 [main] DEBUG org.apache.poi.openxml4j.opc.PackageRelationshipCollection.parseRelationshipsPart(PackageRelationshipCollection.java:307)oggger - Parsing relationship: /xl/_rels/workbook.xml.rels
07:41:04.940 [main] DEBUG org.apache.poi.openxml4j.opc.PackageRelationshipCollection.parseRelationshipsPart(PackageRelationshipCollection.java:307)oggger - Parsing relationship: /xl/worksheets/_rels/sheet1.xml.rels
07:41:04.940 [main] DEBUG org.apache.poi.openxml4j.opc.PackageRelationshipCollection.parseRelationshipsPart(PackageRelationshipCollection.java:307)oggger - Parsing relationship: /_rels/.rels
07:41:04.969 [main] INFO  testClasses.TC003_LoginDDT.testLoginDDT(TC003_LoginDDT.java:26)oggger - ******Tesing TC003_LoginDDT started*******
07:41:05.540 [main] INFO  testClasses.TC003_LoginDDT.testLoginDDT(TC003_LoginDDT.java:32)oggger - ******On login page *******
07:41:05.752 [main] INFO  testClasses.TC003_LoginDDT.testLoginDDT(TC003_LoginDDT.java:38)oggger - ******on my account page*******
07:41:07.347 [main] ERROR testClasses.TC003_LoginDDT.testLoginDDT(TC003_LoginDDT.java:65)oggger - ****Error Logs****stale element reference: stale element not found
  (Session info: chrome=152.0.7977.83)
For documentation on this error, please visit: https://www.selenium.dev/documentation/webdriver/troubleshooting/errors#staleelementreferenceexception
Build info: version: '4.48.0', revision: '27f5213 27f5213055e28398a5105b7892b7a3bb2012a6ef'
System info: os.name: 'Windows Server 2025', os.arch: 'amd64', os.version: '10.0', java.version: '17.0.20.1'
Driver info: org.openqa.selenium.chrome.ChromeDriver
Command: [1b59c0fa48ac6258ceef711c76aef49f, clickElement {id=f.61012841D4335C34B0104E03E7F60766.d.BA6D4D64FE52D146D28DAD7DB56DB46D.e.101}]
Capabilities {acceptInsecureCerts: false, browserName: chrome, browserVersion: 152.0.7977.83, chrome: {chromedriverVersion: 152.0.7977.82 (d04cdb24d67b..., userDataDir: C:\Users\LOCAL_~1\Temp\scop...}, fedcm:accounts: true, goog:chromeOptions: {debuggerAddress: localhost:50145}, goog:processID: 15632, networkConnectionEnabled: false, pageLoadStrategy: normal, platformName: windows, proxy: Proxy(), se:cdp: ws://localhost:50145/devtoo..., se:cdpVersion: 152.0.7977.83, setWindowRect: true, strictFileInteractability: false, timeouts: {implicit: 0, pageLoad: 300000, script: 30000}, unhandledPromptBehavior: dismiss and notify, webauthn:extension:credBlob: true, webauthn:extension:largeBlob: true, webauthn:extension:minPinLength: true, webauthn:extension:prf: true, webauthn:virtualAuthenticators: true}
Element: [[ChromeDriver: chrome on windows (1b59c0fa48ac6258ceef711c76aef49f)] -> xpath: //span[text()='My Account']]
Session ID: 1b59c0fa48ac6258ceef711c76aef49f
07:41:07.353 [main] ERROR baseTest.BaseTest.captureBrowserConsoleLogs(BaseTest.java:131)oggger - --- CAPTURING CHROME BROWSER CONSOLE LOGS ---
07:41:07.368 [main] INFO  testClasses.TC003_LoginDDT.testLoginDDT(TC003_LoginDDT.java:26)oggger - ******Tesing TC003_LoginDDT started*******
07:41:17.492 [main] ERROR testClasses.TC003_LoginDDT.testLoginDDT(TC003_LoginDDT.java:65)oggger - ****Error Logs****no such element: Unable to locate element: {"method":"xpath","selector":"//a[text()='Login']"}
  (Session info: chrome=152.0.7977.83)
For documentation on this error, please visit: https://www.selenium.dev/documentation/webdriver/troubleshooting/errors#nosuchelementexception
Build info: version: '4.48.0', revision: '27f5213 27f5213055e28398a5105b7892b7a3bb2012a6ef'
System info: os.name: 'Windows Server 2025', os.arch: 'amd64', os.version: '10.0', java.version: '17.0.20.1'
Driver info: org.openqa.selenium.chrome.ChromeDriver
Command: [1b59c0fa48ac6258ceef711c76aef49f, findElement {using=xpath, value=//a[text()='Login']}]
Capabilities {acceptInsecureCerts: false, browserName: chrome, browserVersion: 152.0.7977.83, chrome: {chromedriverVersion: 152.0.7977.82 (d04cdb24d67b..., userDataDir: C:\Users\LOCAL_~1\Temp\scop...}, fedcm:accounts: true, goog:chromeOptions: {debuggerAddress: localhost:50145}, goog:processID: 15632, networkConnectionEnabled: false, pageLoadStrategy: normal, platformName: windows, proxy: Proxy(), se:cdp: ws://localhost:50145/devtoo..., se:cdpVersion: 152.0.7977.83, setWindowRect: true, strictFileInteractability: false, timeouts: {implicit: 0, pageLoad: 300000, script: 30000}, unhandledPromptBehavior: dismiss and notify, webauthn:extension:credBlob: true, webauthn:extension:largeBlob: true, webauthn:extension:minPinLength: true, webauthn:extension:prf: true, webauthn:virtualAuthenticators: true}
Session ID: 1b59c0fa48ac6258ceef711c76aef49f
07:41:17.492 [main] ERROR baseTest.BaseTest.captureBrowserConsoleLogs(BaseTest.java:131)oggger - --- CAPTURING CHROME BROWSER CONSOLE LOGS ---
07:41:17.492 [main] INFO  testClasses.TC003_LoginDDT.testLoginDDT(TC003_LoginDDT.java:26)oggger - ******Tesing TC003_LoginDDT started*******
07:41:27.590 [main] ERROR testClasses.TC003_LoginDDT.testLoginDDT(TC003_LoginDDT.java:65)oggger - ****Error Logs****no such element: Unable to locate element: {"method":"xpath","selector":"//a[text()='Login']"}
  (Session info: chrome=152.0.7977.83)
For documentation on this error, please visit: https://www.selenium.dev/documentation/webdriver/troubleshooting/errors#nosuchelementexception
Build info: version: '4.48.0', revision: '27f5213 27f5213055e28398a5105b7892b7a3bb2012a6ef'
System info: os.name: 'Windows Server 2025', os.arch: 'amd64', os.version: '10.0', java.version: '17.0.20.1'
Driver info: org.openqa.selenium.chrome.ChromeDriver
Command: [1b59c0fa48ac6258ceef711c76aef49f, findElement {using=xpath, value=//a[text()='Login']}]
Capabilities {acceptInsecureCerts: false, browserName: chrome, browserVersion: 152.0.7977.83, chrome: {chromedriverVersion: 152.0.7977.82 (d04cdb24d67b..., userDataDir: C:\Users\LOCAL_~1\Temp\scop...}, fedcm:accounts: true, goog:chromeOptions: {debuggerAddress: localhost:50145}, goog:processID: 15632, networkConnectionEnabled: false, pageLoadStrategy: normal, platformName: windows, proxy: Proxy(), se:cdp: ws://localhost:50145/devtoo..., se:cdpVersion: 152.0.7977.83, setWindowRect: true, strictFileInteractability: false, timeouts: {implicit: 0, pageLoad: 300000, script: 30000}, unhandledPromptBehavior: dismiss and notify, webauthn:extension:credBlob: true, webauthn:extension:largeBlob: true, webauthn:extension:minPinLength: true, webauthn:extension:prf: true, webauthn:virtualAuthenticators: true}
Session ID: 1b59c0fa48ac6258ceef711c76aef49f
07:41:27.593 [main] ERROR baseTest.BaseTest.captureBrowserConsoleLogs(BaseTest.java:131)oggger - --- CAPTURING CHROME BROWSER CONSOLE LOGS ---
07:41:27.596 [main] INFO  testClasses.TC003_LoginDDT.testLoginDDT(TC003_LoginDDT.java:26)oggger - ******Tesing TC003_LoginDDT started*******
07:41:37.721 [main] ERROR testClasses.TC003_LoginDDT.testLoginDDT(TC003_LoginDDT.java:65)oggger - ****Error Logs****no such element: Unable to locate element: {"method":"xpath","selector":"//a[text()='Login']"}
  (Session info: chrome=152.0.7977.83)
For documentation on this error, please visit: https://www.selenium.dev/documentation/webdriver/troubleshooting/errors#nosuchelementexception
Build info: version: '4.48.0', revision: '27f5213 27f5213055e28398a5105b7892b7a3bb2012a6ef'
System info: os.name: 'Windows Server 2025', os.arch: 'amd64', os.version: '10.0', java.version: '17.0.20.1'
Driver info: org.openqa.selenium.chrome.ChromeDriver
Command: [1b59c0fa48ac6258ceef711c76aef49f, findElement {using=xpath, value=//a[text()='Login']}]
Capabilities {acceptInsecureCerts: false, browserName: chrome, browserVersion: 152.0.7977.83, chrome: {chromedriverVersion: 152.0.7977.82 (d04cdb24d67b..., userDataDir: C:\Users\LOCAL_~1\Temp\scop...}, fedcm:accounts: true, goog:chromeOptions: {debuggerAddress: localhost:50145}, goog:processID: 15632, networkConnectionEnabled: false, pageLoadStrategy: normal, platformName: windows, proxy: Proxy(), se:cdp: ws://localhost:50145/devtoo..., se:cdpVersion: 152.0.7977.83, setWindowRect: true, strictFileInteractability: false, timeouts: {implicit: 0, pageLoad: 300000, script: 30000}, unhandledPromptBehavior: dismiss and notify, webauthn:extension:credBlob: true, webauthn:extension:largeBlob: true, webauthn:extension:minPinLength: true, webauthn:extension:prf: true, webauthn:virtualAuthenticators: true}
Session ID: 1b59c0fa48ac6258ceef711c76aef49f
07:41:37.723 [main] ERROR baseTest.BaseTest.captureBrowserConsoleLogs(BaseTest.java:131)oggger - --- CAPTURING CHROME BROWSER CONSOLE LOGS ---
07:41:37.727 [main] INFO  testClasses.TC003_LoginDDT.testLoginDDT(TC003_LoginDDT.java:26)oggger - ******Tesing TC003_LoginDDT started*******
07:41:47.785 [main] ERROR testClasses.TC003_LoginDDT.testLoginDDT(TC003_LoginDDT.java:65)oggger - ****Error Logs****no such element: Unable to locate element: {"method":"xpath","selector":"//a[text()='Login']"}
  (Session info: chrome=152.0.7977.83)
For documentation on this error, please visit: https://www.selenium.dev/documentation/webdriver/troubleshooting/errors#nosuchelementexception
Build info: version: '4.48.0', revision: '27f5213 27f5213055e28398a5105b7892b7a3bb2012a6ef'
System info: os.name: 'Windows Server 2025', os.arch: 'amd64', os.version: '10.0', java.version: '17.0.20.1'
Driver info: org.openqa.selenium.chrome.ChromeDriver
Command: [1b59c0fa48ac6258ceef711c76aef49f, findElement {using=xpath, value=//a[text()='Login']}]
Capabilities {acceptInsecureCerts: false, browserName: chrome, browserVersion: 152.0.7977.83, chrome: {chromedriverVersion: 152.0.7977.82 (d04cdb24d67b..., userDataDir: C:\Users\LOCAL_~1\Temp\scop...}, fedcm:accounts: true, goog:chromeOptions: {debuggerAddress: localhost:50145}, goog:processID: 15632, networkConnectionEnabled: false, pageLoadStrategy: normal, platformName: windows, proxy: Proxy(), se:cdp: ws://localhost:50145/devtoo..., se:cdpVersion: 152.0.7977.83, setWindowRect: true, strictFileInteractability: false, timeouts: {implicit: 0, pageLoad: 300000, script: 30000}, unhandledPromptBehavior: dismiss and notify, webauthn:extension:credBlob: true, webauthn:extension:largeBlob: true, webauthn:extension:minPinLength: true, webauthn:extension:prf: true, webauthn:virtualAuthenticators: true}
Session ID: 1b59c0fa48ac6258ceef711c76aef49f
07:41:47.788 [main] ERROR baseTest.BaseTest.captureBrowserConsoleLogs(BaseTest.java:131)oggger - --- CAPTURING CHROME BROWSER CONSOLE LOGS ---
07:43:06.608 [main] DEBUG org.testng.log4testng.Logger.debug(Logger.java:82)oggger - suiteXmlPath: "C:\Users\VedaB\eclipse-workspace\OpenCartV121\master.xml"
07:43:07.477 [main] INFO  org.testng.log4testng.Logger.info(Logger.java:112)oggger - [TestNG] Running:
  C:\Users\VedaB\eclipse-workspace\OpenCartV121\master.xml

07:43:12.313 [main] DEBUG org.apache.poi.openxml4j.opc.PackageRelationshipCollection.parseRelationshipsPart(PackageRelationshipCollection.java:307)oggger - Parsing relationship: /xl/_rels/workbook.xml.rels
07:43:12.317 [main] DEBUG org.apache.poi.openxml4j.opc.PackageRelationshipCollection.parseRelationshipsPart(PackageRelationshipCollection.java:307)oggger - Parsing relationship: /xl/worksheets/_rels/sheet1.xml.rels
07:43:12.318 [main] DEBUG org.apache.poi.openxml4j.opc.PackageRelationshipCollection.parseRelationshipsPart(PackageRelationshipCollection.java:307)oggger - Parsing relationship: /_rels/.rels
07:43:13.342 [main] DEBUG org.apache.poi.openxml4j.opc.PackageRelationshipCollection.parseRelationshipsPart(PackageRelationshipCollection.java:307)oggger - Parsing relationship: /xl/_rels/workbook.xml.rels
07:43:13.343 [main] DEBUG org.apache.poi.openxml4j.opc.PackageRelationshipCollection.parseRelationshipsPart(PackageRelationshipCollection.java:307)oggger - Parsing relationship: /xl/worksheets/_rels/sheet1.xml.rels
07:43:13.345 [main] DEBUG org.apache.poi.openxml4j.opc.PackageRelationshipCollection.parseRelationshipsPart(PackageRelationshipCollection.java:307)oggger - Parsing relationship: /_rels/.rels
07:43:13.390 [main] DEBUG org.apache.poi.openxml4j.opc.PackageRelationshipCollection.parseRelationshipsPart(PackageRelationshipCollection.java:307)oggger - Parsing relationship: /xl/_rels/workbook.xml.rels
07:43:13.391 [main] DEBUG org.apache.poi.openxml4j.opc.PackageRelationshipCollection.parseRelationshipsPart(PackageRelationshipCollection.java:307)oggger - Parsing relationship: /xl/worksheets/_rels/sheet1.xml.rels
07:43:13.392 [main] DEBUG org.apache.poi.openxml4j.opc.PackageRelationshipCollection.parseRelationshipsPart(PackageRelationshipCollection.java:307)oggger - Parsing relationship: /_rels/.rels
07:43:13.440 [main] DEBUG org.apache.poi.openxml4j.opc.PackageRelationshipCollection.parseRelationshipsPart(PackageRelationshipCollection.java:307)oggger - Parsing relationship: /xl/_rels/workbook.xml.rels
07:43:13.442 [main] DEBUG org.apache.poi.openxml4j.opc.PackageRelationshipCollection.parseRelationshipsPart(PackageRelationshipCollection.java:307)oggger - Parsing relationship: /xl/worksheets/_rels/sheet1.xml.rels
07:43:13.444 [main] DEBUG org.apache.poi.openxml4j.opc.PackageRelationshipCollection.parseRelationshipsPart(PackageRelationshipCollection.java:307)oggger - Parsing relationship: /_rels/.rels
07:43:13.473 [main] DEBUG org.apache.poi.openxml4j.opc.PackageRelationshipCollection.parseRelationshipsPart(PackageRelationshipCollection.java:307)oggger - Parsing relationship: /xl/_rels/workbook.xml.rels
07:43:13.474 [main] DEBUG org.apache.poi.openxml4j.opc.PackageRelationshipCollection.parseRelationshipsPart(PackageRelationshipCollection.java:307)oggger - Parsing relationship: /xl/worksheets/_rels/sheet1.xml.rels
07:43:13.476 [main] DEBUG org.apache.poi.openxml4j.opc.PackageRelationshipCollection.parseRelationshipsPart(PackageRelationshipCollection.java:307)oggger - Parsing relationship: /_rels/.rels
07:43:13.499 [main] DEBUG org.apache.poi.openxml4j.opc.PackageRelationshipCollection.parseRelationshipsPart(PackageRelationshipCollection.java:307)oggger - Parsing relationship: /xl/_rels/workbook.xml.rels
07:43:13.500 [main] DEBUG org.apache.poi.openxml4j.opc.PackageRelationshipCollection.parseRelationshipsPart(PackageRelationshipCollection.java:307)oggger - Parsing relationship: /xl/worksheets/_rels/sheet1.xml.rels
07:43:13.501 [main] DEBUG org.apache.poi.openxml4j.opc.PackageRelationshipCollection.parseRelationshipsPart(PackageRelationshipCollection.java:307)oggger - Parsing relationship: /_rels/.rels
07:43:13.523 [main] DEBUG org.apache.poi.openxml4j.opc.PackageRelationshipCollection.parseRelationshipsPart(PackageRelationshipCollection.java:307)oggger - Parsing relationship: /xl/_rels/workbook.xml.rels
07:43:13.524 [main] DEBUG org.apache.poi.openxml4j.opc.PackageRelationshipCollection.parseRelationshipsPart(PackageRelationshipCollection.java:307)oggger - Parsing relationship: /xl/worksheets/_rels/sheet1.xml.rels
07:43:13.525 [main] DEBUG org.apache.poi.openxml4j.opc.PackageRelationshipCollection.parseRelationshipsPart(PackageRelationshipCollection.java:307)oggger - Parsing relationship: /_rels/.rels
07:43:13.547 [main] DEBUG org.apache.poi.openxml4j.opc.PackageRelationshipCollection.parseRelationshipsPart(PackageRelationshipCollection.java:307)oggger - Parsing relationship: /xl/_rels/workbook.xml.rels
07:43:13.548 [main] DEBUG org.apache.poi.openxml4j.opc.PackageRelationshipCollection.parseRelationshipsPart(PackageRelationshipCollection.java:307)oggger - Parsing relationship: /xl/worksheets/_rels/sheet1.xml.rels
07:43:13.549 [main] DEBUG org.apache.poi.openxml4j.opc.PackageRelationshipCollection.parseRelationshipsPart(PackageRelationshipCollection.java:307)oggger - Parsing relationship: /_rels/.rels
07:43:13.573 [main] DEBUG org.apache.poi.openxml4j.opc.PackageRelationshipCollection.parseRelationshipsPart(PackageRelationshipCollection.java:307)oggger - Parsing relationship: /xl/_rels/workbook.xml.rels
07:43:13.574 [main] DEBUG org.apache.poi.openxml4j.opc.PackageRelationshipCollection.parseRelationshipsPart(PackageRelationshipCollection.java:307)oggger - Parsing relationship: /xl/worksheets/_rels/sheet1.xml.rels
07:43:13.575 [main] DEBUG org.apache.poi.openxml4j.opc.PackageRelationshipCollection.parseRelationshipsPart(PackageRelationshipCollection.java:307)oggger - Parsing relationship: /_rels/.rels
07:43:13.596 [main] DEBUG org.apache.poi.openxml4j.opc.PackageRelationshipCollection.parseRelationshipsPart(PackageRelationshipCollection.java:307)oggger - Parsing relationship: /xl/_rels/workbook.xml.rels
07:43:13.597 [main] DEBUG org.apache.poi.openxml4j.opc.PackageRelationshipCollection.parseRelationshipsPart(PackageRelationshipCollection.java:307)oggger - Parsing relationship: /xl/worksheets/_rels/sheet1.xml.rels
07:43:13.598 [main] DEBUG org.apache.poi.openxml4j.opc.PackageRelationshipCollection.parseRelationshipsPart(PackageRelationshipCollection.java:307)oggger - Parsing relationship: /_rels/.rels
07:43:13.618 [main] DEBUG org.apache.poi.openxml4j.opc.PackageRelationshipCollection.parseRelationshipsPart(PackageRelationshipCollection.java:307)oggger - Parsing relationship: /xl/_rels/workbook.xml.rels
07:43:13.619 [main] DEBUG org.apache.poi.openxml4j.opc.PackageRelationshipCollection.parseRelationshipsPart(PackageRelationshipCollection.java:307)oggger - Parsing relationship: /xl/worksheets/_rels/sheet1.xml.rels
07:43:13.619 [main] DEBUG org.apache.poi.openxml4j.opc.PackageRelationshipCollection.parseRelationshipsPart(PackageRelationshipCollection.java:307)oggger - Parsing relationship: /_rels/.rels
07:43:13.637 [main] DEBUG org.apache.poi.openxml4j.opc.PackageRelationshipCollection.parseRelationshipsPart(PackageRelationshipCollection.java:307)oggger - Parsing relationship: /xl/_rels/workbook.xml.rels
07:43:13.637 [main] DEBUG org.apache.poi.openxml4j.opc.PackageRelationshipCollection.parseRelationshipsPart(PackageRelationshipCollection.java:307)oggger - Parsing relationship: /xl/worksheets/_rels/sheet1.xml.rels
07:43:13.638 [main] DEBUG org.apache.poi.openxml4j.opc.PackageRelationshipCollection.parseRelationshipsPart(PackageRelationshipCollection.java:307)oggger - Parsing relationship: /_rels/.rels
07:43:13.655 [main] DEBUG org.apache.poi.openxml4j.opc.PackageRelationshipCollection.parseRelationshipsPart(PackageRelationshipCollection.java:307)oggger - Parsing relationship: /xl/_rels/workbook.xml.rels
07:43:13.656 [main] DEBUG org.apache.poi.openxml4j.opc.PackageRelationshipCollection.parseRelationshipsPart(PackageRelationshipCollection.java:307)oggger - Parsing relationship: /xl/worksheets/_rels/sheet1.xml.rels
07:43:13.657 [main] DEBUG org.apache.poi.openxml4j.opc.PackageRelationshipCollection.parseRelationshipsPart(PackageRelationshipCollection.java:307)oggger - Parsing relationship: /_rels/.rels
07:43:13.678 [main] DEBUG org.apache.poi.openxml4j.opc.PackageRelationshipCollection.parseRelationshipsPart(PackageRelationshipCollection.java:307)oggger - Parsing relationship: /xl/_rels/workbook.xml.rels
07:43:13.679 [main] DEBUG org.apache.poi.openxml4j.opc.PackageRelationshipCollection.parseRelationshipsPart(PackageRelationshipCollection.java:307)oggger - Parsing relationship: /xl/worksheets/_rels/sheet1.xml.rels
07:43:13.680 [main] DEBUG org.apache.poi.openxml4j.opc.PackageRelationshipCollection.parseRelationshipsPart(PackageRelationshipCollection.java:307)oggger - Parsing relationship: /_rels/.rels
07:43:13.697 [main] DEBUG org.apache.poi.openxml4j.opc.PackageRelationshipCollection.parseRelationshipsPart(PackageRelationshipCollection.java:307)oggger - Parsing relationship: /xl/_rels/workbook.xml.rels
07:43:13.698 [main] DEBUG org.apache.poi.openxml4j.opc.PackageRelationshipCollection.parseRelationshipsPart(PackageRelationshipCollection.java:307)oggger - Parsing relationship: /xl/worksheets/_rels/sheet1.xml.rels
07:43:13.701 [main] DEBUG org.apache.poi.openxml4j.opc.PackageRelationshipCollection.parseRelationshipsPart(PackageRelationshipCollection.java:307)oggger - Parsing relationship: /_rels/.rels
07:43:13.730 [main] DEBUG org.apache.poi.openxml4j.opc.PackageRelationshipCollection.parseRelationshipsPart(PackageRelationshipCollection.java:307)oggger - Parsing relationship: /xl/_rels/workbook.xml.rels
07:43:13.731 [main] DEBUG org.apache.poi.openxml4j.opc.PackageRelationshipCollection.parseRelationshipsPart(PackageRelationshipCollection.java:307)oggger - Parsing relationship: /xl/worksheets/_rels/sheet1.xml.rels
07:43:13.731 [main] DEBUG org.apache.poi.openxml4j.opc.PackageRelationshipCollection.parseRelationshipsPart(PackageRelationshipCollection.java:307)oggger - Parsing relationship: /_rels/.rels
07:43:13.821 [main] DEBUG org.apache.poi.openxml4j.opc.PackageRelationshipCollection.parseRelationshipsPart(PackageRelationshipCollection.java:307)oggger - Parsing relationship: /xl/_rels/workbook.xml.rels
07:43:13.822 [main] DEBUG org.apache.poi.openxml4j.opc.PackageRelationshipCollection.parseRelationshipsPart(PackageRelationshipCollection.java:307)oggger - Parsing relationship: /xl/worksheets/_rels/sheet1.xml.rels
07:43:13.827 [main] DEBUG org.apache.poi.openxml4j.opc.PackageRelationshipCollection.parseRelationshipsPart(PackageRelationshipCollection.java:307)oggger - Parsing relationship: /_rels/.rels
07:43:13.873 [main] DEBUG org.apache.poi.openxml4j.opc.PackageRelationshipCollection.parseRelationshipsPart(PackageRelationshipCollection.java:307)oggger - Parsing relationship: /xl/_rels/workbook.xml.rels
07:43:13.873 [main] DEBUG org.apache.poi.openxml4j.opc.PackageRelationshipCollection.parseRelationshipsPart(PackageRelationshipCollection.java:307)oggger - Parsing relationship: /xl/worksheets/_rels/sheet1.xml.rels
07:43:13.874 [main] DEBUG org.apache.poi.openxml4j.opc.PackageRelationshipCollection.parseRelationshipsPart(PackageRelationshipCollection.java:307)oggger - Parsing relationship: /_rels/.rels
07:43:13.895 [main] DEBUG org.apache.poi.openxml4j.opc.PackageRelationshipCollection.parseRelationshipsPart(PackageRelationshipCollection.java:307)oggger - Parsing relationship: /xl/_rels/workbook.xml.rels
07:43:13.896 [main] DEBUG org.apache.poi.openxml4j.opc.PackageRelationshipCollection.parseRelationshipsPart(PackageRelationshipCollection.java:307)oggger - Parsing relationship: /xl/worksheets/_rels/sheet1.xml.rels
07:43:13.897 [main] DEBUG org.apache.poi.openxml4j.opc.PackageRelationshipCollection.parseRelationshipsPart(PackageRelationshipCollection.java:307)oggger - Parsing relationship: /_rels/.rels
07:43:13.918 [main] DEBUG org.apache.poi.openxml4j.opc.PackageRelationshipCollection.parseRelationshipsPart(PackageRelationshipCollection.java:307)oggger - Parsing relationship: /xl/_rels/workbook.xml.rels
07:43:13.919 [main] DEBUG org.apache.poi.openxml4j.opc.PackageRelationshipCollection.parseRelationshipsPart(PackageRelationshipCollection.java:307)oggger - Parsing relationship: /xl/worksheets/_rels/sheet1.xml.rels
07:43:13.920 [main] DEBUG org.apache.poi.openxml4j.opc.PackageRelationshipCollection.parseRelationshipsPart(PackageRelationshipCollection.java:307)oggger - Parsing relationship: /_rels/.rels
07:43:13.938 [main] DEBUG org.apache.poi.openxml4j.opc.PackageRelationshipCollection.parseRelationshipsPart(PackageRelationshipCollection.java:307)oggger - Parsing relationship: /xl/_rels/workbook.xml.rels
07:43:13.939 [main] DEBUG org.apache.poi.openxml4j.opc.PackageRelationshipCollection.parseRelationshipsPart(PackageRelationshipCollection.java:307)oggger - Parsing relationship: /xl/worksheets/_rels/sheet1.xml.rels
07:43:13.940 [main] DEBUG org.apache.poi.openxml4j.opc.PackageRelationshipCollection.parseRelationshipsPart(PackageRelationshipCollection.java:307)oggger - Parsing relationship: /_rels/.rels
07:43:13.956 [main] DEBUG org.apache.poi.openxml4j.opc.PackageRelationshipCollection.parseRelationshipsPart(PackageRelationshipCollection.java:307)oggger - Parsing relationship: /xl/_rels/workbook.xml.rels
07:43:13.956 [main] DEBUG org.apache.poi.openxml4j.opc.PackageRelationshipCollection.parseRelationshipsPart(PackageRelationshipCollection.java:307)oggger - Parsing relationship: /xl/worksheets/_rels/sheet1.xml.rels
07:43:13.959 [main] DEBUG org.apache.poi.openxml4j.opc.PackageRelationshipCollection.parseRelationshipsPart(PackageRelationshipCollection.java:307)oggger - Parsing relationship: /_rels/.rels
07:43:13.974 [main] DEBUG org.apache.poi.openxml4j.opc.PackageRelationshipCollection.parseRelationshipsPart(PackageRelationshipCollection.java:307)oggger - Parsing relationship: /xl/_rels/workbook.xml.rels
07:43:13.975 [main] DEBUG org.apache.poi.openxml4j.opc.PackageRelationshipCollection.parseRelationshipsPart(PackageRelationshipCollection.java:307)oggger - Parsing relationship: /xl/worksheets/_rels/sheet1.xml.rels
07:43:13.975 [main] DEBUG org.apache.poi.openxml4j.opc.PackageRelationshipCollection.parseRelationshipsPart(PackageRelationshipCollection.java:307)oggger - Parsing relationship: /_rels/.rels
07:43:13.991 [main] DEBUG org.apache.poi.openxml4j.opc.PackageRelationshipCollection.parseRelationshipsPart(PackageRelationshipCollection.java:307)oggger - Parsing relationship: /xl/_rels/workbook.xml.rels
07:43:13.992 [main] DEBUG org.apache.poi.openxml4j.opc.PackageRelationshipCollection.parseRelationshipsPart(PackageRelationshipCollection.java:307)oggger - Parsing relationship: /xl/worksheets/_rels/sheet1.xml.rels
07:43:13.993 [main] DEBUG org.apache.poi.openxml4j.opc.PackageRelationshipCollection.parseRelationshipsPart(PackageRelationshipCollection.java:307)oggger - Parsing relationship: /_rels/.rels
07:43:14.008 [main] DEBUG org.apache.poi.openxml4j.opc.PackageRelationshipCollection.parseRelationshipsPart(PackageRelationshipCollection.java:307)oggger - Parsing relationship: /xl/_rels/workbook.xml.rels
07:43:14.009 [main] DEBUG org.apache.poi.openxml4j.opc.PackageRelationshipCollection.parseRelationshipsPart(PackageRelationshipCollection.java:307)oggger - Parsing relationship: /xl/worksheets/_rels/sheet1.xml.rels
07:43:14.010 [main] DEBUG org.apache.poi.openxml4j.opc.PackageRelationshipCollection.parseRelationshipsPart(PackageRelationshipCollection.java:307)oggger - Parsing relationship: /_rels/.rels
07:43:14.025 [main] DEBUG org.apache.poi.openxml4j.opc.PackageRelationshipCollection.parseRelationshipsPart(PackageRelationshipCollection.java:307)oggger - Parsing relationship: /xl/_rels/workbook.xml.rels
07:43:14.026 [main] DEBUG org.apache.poi.openxml4j.opc.PackageRelationshipCollection.parseRelationshipsPart(PackageRelationshipCollection.java:307)oggger - Parsing relationship: /xl/worksheets/_rels/sheet1.xml.rels
07:43:14.026 [main] DEBUG org.apache.poi.openxml4j.opc.PackageRelationshipCollection.parseRelationshipsPart(PackageRelationshipCollection.java:307)oggger - Parsing relationship: /_rels/.rels
07:43:14.043 [main] DEBUG org.apache.poi.openxml4j.opc.PackageRelationshipCollection.parseRelationshipsPart(PackageRelationshipCollection.java:307)oggger - Parsing relationship: /xl/_rels/workbook.xml.rels
07:43:14.044 [main] DEBUG org.apache.poi.openxml4j.opc.PackageRelationshipCollection.parseRelationshipsPart(PackageRelationshipCollection.java:307)oggger - Parsing relationship: /xl/worksheets/_rels/sheet1.xml.rels
07:43:14.045 [main] DEBUG org.apache.poi.openxml4j.opc.PackageRelationshipCollection.parseRelationshipsPart(PackageRelationshipCollection.java:307)oggger - Parsing relationship: /_rels/.rels
07:43:14.061 [main] DEBUG org.apache.poi.openxml4j.opc.PackageRelationshipCollection.parseRelationshipsPart(PackageRelationshipCollection.java:307)oggger - Parsing relationship: /xl/_rels/workbook.xml.rels
07:43:14.062 [main] DEBUG org.apache.poi.openxml4j.opc.PackageRelationshipCollection.parseRelationshipsPart(PackageRelationshipCollection.java:307)oggger - Parsing relationship: /xl/worksheets/_rels/sheet1.xml.rels
07:43:14.062 [main] DEBUG org.apache.poi.openxml4j.opc.PackageRelationshipCollection.parseRelationshipsPart(PackageRelationshipCollection.java:307)oggger - Parsing relationship: /_rels/.rels
07:43:14.079 [main] DEBUG org.apache.poi.openxml4j.opc.PackageRelationshipCollection.parseRelationshipsPart(PackageRelationshipCollection.java:307)oggger - Parsing relationship: /xl/_rels/workbook.xml.rels
07:43:14.080 [main] DEBUG org.apache.poi.openxml4j.opc.PackageRelationshipCollection.parseRelationshipsPart(PackageRelationshipCollection.java:307)oggger - Parsing relationship: /xl/worksheets/_rels/sheet1.xml.rels
07:43:14.080 [main] DEBUG org.apache.poi.openxml4j.opc.PackageRelationshipCollection.parseRelationshipsPart(PackageRelationshipCollection.java:307)oggger - Parsing relationship: /_rels/.rels
07:43:14.095 [main] DEBUG org.apache.poi.openxml4j.opc.PackageRelationshipCollection.parseRelationshipsPart(PackageRelationshipCollection.java:307)oggger - Parsing relationship: /xl/_rels/workbook.xml.rels
07:43:14.096 [main] DEBUG org.apache.poi.openxml4j.opc.PackageRelationshipCollection.parseRelationshipsPart(PackageRelationshipCollection.java:307)oggger - Parsing relationship: /xl/worksheets/_rels/sheet1.xml.rels
07:43:14.097 [main] DEBUG org.apache.poi.openxml4j.opc.PackageRelationshipCollection.parseRelationshipsPart(PackageRelationshipCollection.java:307)oggger - Parsing relationship: /_rels/.rels
07:43:14.110 [main] DEBUG org.apache.poi.openxml4j.opc.PackageRelationshipCollection.parseRelationshipsPart(PackageRelationshipCollection.java:307)oggger - Parsing relationship: /xl/_rels/workbook.xml.rels
07:43:14.111 [main] DEBUG org.apache.poi.openxml4j.opc.PackageRelationshipCollection.parseRelationshipsPart(PackageRelationshipCollection.java:307)oggger - Parsing relationship: /xl/worksheets/_rels/sheet1.xml.rels
07:43:14.111 [main] DEBUG org.apache.poi.openxml4j.opc.PackageRelationshipCollection.parseRelationshipsPart(PackageRelationshipCollection.java:307)oggger - Parsing relationship: /_rels/.rels
07:43:14.124 [main] DEBUG org.apache.poi.openxml4j.opc.PackageRelationshipCollection.parseRelationshipsPart(PackageRelationshipCollection.java:307)oggger - Parsing relationship: /xl/_rels/workbook.xml.rels
07:43:14.124 [main] DEBUG org.apache.poi.openxml4j.opc.PackageRelationshipCollection.parseRelationshipsPart(PackageRelationshipCollection.java:307)oggger - Parsing relationship: /xl/worksheets/_rels/sheet1.xml.rels
07:43:14.125 [main] DEBUG org.apache.poi.openxml4j.opc.PackageRelationshipCollection.parseRelationshipsPart(PackageRelationshipCollection.java:307)oggger - Parsing relationship: /_rels/.rels
07:43:14.136 [main] DEBUG org.apache.poi.openxml4j.opc.PackageRelationshipCollection.parseRelationshipsPart(PackageRelationshipCollection.java:307)oggger - Parsing relationship: /xl/_rels/workbook.xml.rels
07:43:14.137 [main] DEBUG org.apache.poi.openxml4j.opc.PackageRelationshipCollection.parseRelationshipsPart(PackageRelationshipCollection.java:307)oggger - Parsing relationship: /xl/worksheets/_rels/sheet1.xml.rels
07:43:14.137 [main] DEBUG org.apache.poi.openxml4j.opc.PackageRelationshipCollection.parseRelationshipsPart(PackageRelationshipCollection.java:307)oggger - Parsing relationship: /_rels/.rels
07:43:14.149 [main] DEBUG org.apache.poi.openxml4j.opc.PackageRelationshipCollection.parseRelationshipsPart(PackageRelationshipCollection.java:307)oggger - Parsing relationship: /xl/_rels/workbook.xml.rels
07:43:14.150 [main] DEBUG org.apache.poi.openxml4j.opc.PackageRelationshipCollection.parseRelationshipsPart(PackageRelationshipCollection.java:307)oggger - Parsing relationship: /xl/worksheets/_rels/sheet1.xml.rels
07:43:14.150 [main] DEBUG org.apache.poi.openxml4j.opc.PackageRelationshipCollection.parseRelationshipsPart(PackageRelationshipCollection.java:307)oggger - Parsing relationship: /_rels/.rels
07:43:14.164 [main] DEBUG org.apache.poi.openxml4j.opc.PackageRelationshipCollection.parseRelationshipsPart(PackageRelationshipCollection.java:307)oggger - Parsing relationship: /xl/_rels/workbook.xml.rels
07:43:14.164 [main] DEBUG org.apache.poi.openxml4j.opc.PackageRelationshipCollection.parseRelationshipsPart(PackageRelationshipCollection.java:307)oggger - Parsing relationship: /xl/worksheets/_rels/sheet1.xml.rels
07:43:14.165 [main] DEBUG org.apache.poi.openxml4j.opc.PackageRelationshipCollection.parseRelationshipsPart(PackageRelationshipCollection.java:307)oggger - Parsing relationship: /_rels/.rels
07:43:14.178 [main] DEBUG org.apache.poi.openxml4j.opc.PackageRelationshipCollection.parseRelationshipsPart(PackageRelationshipCollection.java:307)oggger - Parsing relationship: /xl/_rels/workbook.xml.rels
07:43:14.179 [main] DEBUG org.apache.poi.openxml4j.opc.PackageRelationshipCollection.parseRelationshipsPart(PackageRelationshipCollection.java:307)oggger - Parsing relationship: /xl/worksheets/_rels/sheet1.xml.rels
07:43:14.179 [main] DEBUG org.apache.poi.openxml4j.opc.PackageRelationshipCollection.parseRelationshipsPart(PackageRelationshipCollection.java:307)oggger - Parsing relationship: /_rels/.rels
07:43:14.191 [main] DEBUG org.apache.poi.openxml4j.opc.PackageRelationshipCollection.parseRelationshipsPart(PackageRelationshipCollection.java:307)oggger - Parsing relationship: /xl/_rels/workbook.xml.rels
07:43:14.191 [main] DEBUG org.apache.poi.openxml4j.opc.PackageRelationshipCollection.parseRelationshipsPart(PackageRelationshipCollection.java:307)oggger - Parsing relationship: /xl/worksheets/_rels/sheet1.xml.rels
07:43:14.192 [main] DEBUG org.apache.poi.openxml4j.opc.PackageRelationshipCollection.parseRelationshipsPart(PackageRelationshipCollection.java:307)oggger - Parsing relationship: /_rels/.rels
07:43:14.205 [main] DEBUG org.apache.poi.openxml4j.opc.PackageRelationshipCollection.parseRelationshipsPart(PackageRelationshipCollection.java:307)oggger - Parsing relationship: /xl/_rels/workbook.xml.rels
07:43:14.206 [main] DEBUG org.apache.poi.openxml4j.opc.PackageRelationshipCollection.parseRelationshipsPart(PackageRelationshipCollection.java:307)oggger - Parsing relationship: /xl/worksheets/_rels/sheet1.xml.rels
07:43:14.207 [main] DEBUG org.apache.poi.openxml4j.opc.PackageRelationshipCollection.parseRelationshipsPart(PackageRelationshipCollection.java:307)oggger - Parsing relationship: /_rels/.rels
07:43:14.219 [main] DEBUG org.apache.poi.openxml4j.opc.PackageRelationshipCollection.parseRelationshipsPart(PackageRelationshipCollection.java:307)oggger - Parsing relationship: /xl/_rels/workbook.xml.rels
07:43:14.220 [main] DEBUG org.apache.poi.openxml4j.opc.PackageRelationshipCollection.parseRelationshipsPart(PackageRelationshipCollection.java:307)oggger - Parsing relationship: /xl/worksheets/_rels/sheet1.xml.rels
07:43:14.221 [main] DEBUG org.apache.poi.openxml4j.opc.PackageRelationshipCollection.parseRelationshipsPart(PackageRelationshipCollection.java:307)oggger - Parsing relationship: /_rels/.rels
07:43:14.236 [main] DEBUG org.apache.poi.openxml4j.opc.PackageRelationshipCollection.parseRelationshipsPart(PackageRelationshipCollection.java:307)oggger - Parsing relationship: /xl/_rels/workbook.xml.rels
07:43:14.237 [main] DEBUG org.apache.poi.openxml4j.opc.PackageRelationshipCollection.parseRelationshipsPart(PackageRelationshipCollection.java:307)oggger - Parsing relationship: /xl/worksheets/_rels/sheet1.xml.rels
07:43:14.237 [main] DEBUG org.apache.poi.openxml4j.opc.PackageRelationshipCollection.parseRelationshipsPart(PackageRelationshipCollection.java:307)oggger - Parsing relationship: /_rels/.rels
07:43:14.250 [main] DEBUG org.apache.poi.openxml4j.opc.PackageRelationshipCollection.parseRelationshipsPart(PackageRelationshipCollection.java:307)oggger - Parsing relationship: /xl/_rels/workbook.xml.rels
07:43:14.250 [main] DEBUG org.apache.poi.openxml4j.opc.PackageRelationshipCollection.parseRelationshipsPart(PackageRelationshipCollection.java:307)oggger - Parsing relationship: /xl/worksheets/_rels/sheet1.xml.rels
07:43:14.251 [main] DEBUG org.apache.poi.openxml4j.opc.PackageRelationshipCollection.parseRelationshipsPart(PackageRelationshipCollection.java:307)oggger - Parsing relationship: /_rels/.rels
07:43:14.262 [main] DEBUG org.apache.poi.openxml4j.opc.PackageRelationshipCollection.parseRelationshipsPart(PackageRelationshipCollection.java:307)oggger - Parsing relationship: /xl/_rels/workbook.xml.rels
07:43:14.264 [main] DEBUG org.apache.poi.openxml4j.opc.PackageRelationshipCollection.parseRelationshipsPart(PackageRelationshipCollection.java:307)oggger - Parsing relationship: /xl/worksheets/_rels/sheet1.xml.rels
07:43:14.264 [main] DEBUG org.apache.poi.openxml4j.opc.PackageRelationshipCollection.parseRelationshipsPart(PackageRelationshipCollection.java:307)oggger - Parsing relationship: /_rels/.rels
07:43:14.277 [main] DEBUG org.apache.poi.openxml4j.opc.PackageRelationshipCollection.parseRelationshipsPart(PackageRelationshipCollection.java:307)oggger - Parsing relationship: /xl/_rels/workbook.xml.rels
07:43:14.278 [main] DEBUG org.apache.poi.openxml4j.opc.PackageRelationshipCollection.parseRelationshipsPart(PackageRelationshipCollection.java:307)oggger - Parsing relationship: /xl/worksheets/_rels/sheet1.xml.rels
07:43:14.278 [main] DEBUG org.apache.poi.openxml4j.opc.PackageRelationshipCollection.parseRelationshipsPart(PackageRelationshipCollection.java:307)oggger - Parsing relationship: /_rels/.rels
07:43:14.290 [main] DEBUG org.apache.poi.openxml4j.opc.PackageRelationshipCollection.parseRelationshipsPart(PackageRelationshipCollection.java:307)oggger - Parsing relationship: /xl/_rels/workbook.xml.rels
07:43:14.291 [main] DEBUG org.apache.poi.openxml4j.opc.PackageRelationshipCollection.parseRelationshipsPart(PackageRelationshipCollection.java:307)oggger - Parsing relationship: /xl/worksheets/_rels/sheet1.xml.rels
07:43:14.291 [main] DEBUG org.apache.poi.openxml4j.opc.PackageRelationshipCollection.parseRelationshipsPart(PackageRelationshipCollection.java:307)oggger - Parsing relationship: /_rels/.rels
07:56:52.933 [main] DEBUG org.testng.log4testng.Logger.debug(Logger.java:82)oggger - suiteXmlPath: "C:\Users\VedaB\eclipse-workspace\OpenCartV121\master.xml"
07:56:53.732 [main] INFO  org.testng.log4testng.Logger.info(Logger.java:112)oggger - [TestNG] Running:
  C:\Users\VedaB\eclipse-workspace\OpenCartV121\master.xml

07:56:58.279 [main] DEBUG org.apache.poi.openxml4j.opc.PackageRelationshipCollection.parseRelationshipsPart(PackageRelationshipCollection.java:307)oggger - Parsing relationship: /xl/_rels/workbook.xml.rels
07:56:58.290 [main] DEBUG org.apache.poi.openxml4j.opc.PackageRelationshipCollection.parseRelationshipsPart(PackageRelationshipCollection.java:307)oggger - Parsing relationship: /xl/worksheets/_rels/sheet1.xml.rels
07:56:58.292 [main] DEBUG org.apache.poi.openxml4j.opc.PackageRelationshipCollection.parseRelationshipsPart(PackageRelationshipCollection.java:307)oggger - Parsing relationship: /_rels/.rels
07:56:59.206 [main] DEBUG org.apache.poi.openxml4j.opc.PackageRelationshipCollection.parseRelationshipsPart(PackageRelationshipCollection.java:307)oggger - Parsing relationship: /xl/_rels/workbook.xml.rels
07:56:59.208 [main] DEBUG org.apache.poi.openxml4j.opc.PackageRelationshipCollection.parseRelationshipsPart(PackageRelationshipCollection.java:307)oggger - Parsing relationship: /xl/worksheets/_rels/sheet1.xml.rels
07:56:59.213 [main] DEBUG org.apache.poi.openxml4j.opc.PackageRelationshipCollection.parseRelationshipsPart(PackageRelationshipCollection.java:307)oggger - Parsing relationship: /_rels/.rels
07:56:59.322 [main] DEBUG org.apache.poi.openxml4j.opc.PackageRelationshipCollection.parseRelationshipsPart(PackageRelationshipCollection.java:307)oggger - Parsing relationship: /xl/_rels/workbook.xml.rels
07:56:59.326 [main] DEBUG org.apache.poi.openxml4j.opc.PackageRelationshipCollection.parseRelationshipsPart(PackageRelationshipCollection.java:307)oggger - Parsing relationship: /xl/worksheets/_rels/sheet1.xml.rels
07:56:59.330 [main] DEBUG org.apache.poi.openxml4j.opc.PackageRelationshipCollection.parseRelationshipsPart(PackageRelationshipCollection.java:307)oggger - Parsing relationship: /_rels/.rels
07:56:59.404 [main] DEBUG org.apache.poi.openxml4j.opc.PackageRelationshipCollection.parseRelationshipsPart(PackageRelationshipCollection.java:307)oggger - Parsing relationship: /xl/_rels/workbook.xml.rels
07:56:59.406 [main] DEBUG org.apache.poi.openxml4j.opc.PackageRelationshipCollection.parseRelationshipsPart(PackageRelationshipCollection.java:307)oggger - Parsing relationship: /xl/worksheets/_rels/sheet1.xml.rels
07:56:59.408 [main] DEBUG org.apache.poi.openxml4j.opc.PackageRelationshipCollection.parseRelationshipsPart(PackageRelationshipCollection.java:307)oggger - Parsing relationship: /_rels/.rels
07:56:59.482 [main] DEBUG org.apache.poi.openxml4j.opc.PackageRelationshipCollection.parseRelationshipsPart(PackageRelationshipCollection.java:307)oggger - Parsing relationship: /xl/_rels/workbook.xml.rels
07:56:59.485 [main] DEBUG org.apache.poi.openxml4j.opc.PackageRelationshipCollection.parseRelationshipsPart(PackageRelationshipCollection.java:307)oggger - Parsing relationship: /xl/worksheets/_rels/sheet1.xml.rels
07:56:59.489 [main] DEBUG org.apache.poi.openxml4j.opc.PackageRelationshipCollection.parseRelationshipsPart(PackageRelationshipCollection.java:307)oggger - Parsing relationship: /_rels/.rels
07:56:59.550 [main] DEBUG org.apache.poi.openxml4j.opc.PackageRelationshipCollection.parseRelationshipsPart(PackageRelationshipCollection.java:307)oggger - Parsing relationship: /xl/_rels/workbook.xml.rels
07:56:59.552 [main] DEBUG org.apache.poi.openxml4j.opc.PackageRelationshipCollection.parseRelationshipsPart(PackageRelationshipCollection.java:307)oggger - Parsing relationship: /xl/worksheets/_rels/sheet1.xml.rels
07:56:59.553 [main] DEBUG org.apache.poi.openxml4j.opc.PackageRelationshipCollection.parseRelationshipsPart(PackageRelationshipCollection.java:307)oggger - Parsing relationship: /_rels/.rels
07:56:59.578 [main] DEBUG org.apache.poi.openxml4j.opc.PackageRelationshipCollection.parseRelationshipsPart(PackageRelationshipCollection.java:307)oggger - Parsing relationship: /xl/_rels/workbook.xml.rels
07:56:59.579 [main] DEBUG org.apache.poi.openxml4j.opc.PackageRelationshipCollection.parseRelationshipsPart(PackageRelationshipCollection.java:307)oggger - Parsing relationship: /xl/worksheets/_rels/sheet1.xml.rels
07:56:59.580 [main] DEBUG org.apache.poi.openxml4j.opc.PackageRelationshipCollection.parseRelationshipsPart(PackageRelationshipCollection.java:307)oggger - Parsing relationship: /_rels/.rels
07:56:59.599 [main] DEBUG org.apache.poi.openxml4j.opc.PackageRelationshipCollection.parseRelationshipsPart(PackageRelationshipCollection.java:307)oggger - Parsing relationship: /xl/_rels/workbook.xml.rels
07:56:59.603 [main] DEBUG org.apache.poi.openxml4j.opc.PackageRelationshipCollection.parseRelationshipsPart(PackageRelationshipCollection.java:307)oggger - Parsing relationship: /xl/worksheets/_rels/sheet1.xml.rels
07:56:59.604 [main] DEBUG org.apache.poi.openxml4j.opc.PackageRelationshipCollection.parseRelationshipsPart(PackageRelationshipCollection.java:307)oggger - Parsing relationship: /_rels/.rels
07:56:59.625 [main] DEBUG org.apache.poi.openxml4j.opc.PackageRelationshipCollection.parseRelationshipsPart(PackageRelationshipCollection.java:307)oggger - Parsing relationship: /xl/_rels/workbook.xml.rels
07:56:59.627 [main] DEBUG org.apache.poi.openxml4j.opc.PackageRelationshipCollection.parseRelationshipsPart(PackageRelationshipCollection.java:307)oggger - Parsing relationship: /xl/worksheets/_rels/sheet1.xml.rels
07:56:59.628 [main] DEBUG org.apache.poi.openxml4j.opc.PackageRelationshipCollection.parseRelationshipsPart(PackageRelationshipCollection.java:307)oggger - Parsing relationship: /_rels/.rels
07:56:59.648 [main] DEBUG org.apache.poi.openxml4j.opc.PackageRelationshipCollection.parseRelationshipsPart(PackageRelationshipCollection.java:307)oggger - Parsing relationship: /xl/_rels/workbook.xml.rels
07:56:59.649 [main] DEBUG org.apache.poi.openxml4j.opc.PackageRelationshipCollection.parseRelationshipsPart(PackageRelationshipCollection.java:307)oggger - Parsing relationship: /xl/worksheets/_rels/sheet1.xml.rels
07:56:59.650 [main] DEBUG org.apache.poi.openxml4j.opc.PackageRelationshipCollection.parseRelationshipsPart(PackageRelationshipCollection.java:307)oggger - Parsing relationship: /_rels/.rels
07:56:59.676 [main] DEBUG org.apache.poi.openxml4j.opc.PackageRelationshipCollection.parseRelationshipsPart(PackageRelationshipCollection.java:307)oggger - Parsing relationship: /xl/_rels/workbook.xml.rels
07:56:59.677 [main] DEBUG org.apache.poi.openxml4j.opc.PackageRelationshipCollection.parseRelationshipsPart(PackageRelationshipCollection.java:307)oggger - Parsing relationship: /xl/worksheets/_rels/sheet1.xml.rels
07:56:59.678 [main] DEBUG org.apache.poi.openxml4j.opc.PackageRelationshipCollection.parseRelationshipsPart(PackageRelationshipCollection.java:307)oggger - Parsing relationship: /_rels/.rels
07:56:59.696 [main] DEBUG org.apache.poi.openxml4j.opc.PackageRelationshipCollection.parseRelationshipsPart(PackageRelationshipCollection.java:307)oggger - Parsing relationship: /xl/_rels/workbook.xml.rels
07:56:59.697 [main] DEBUG org.apache.poi.openxml4j.opc.PackageRelationshipCollection.parseRelationshipsPart(PackageRelationshipCollection.java:307)oggger - Parsing relationship: /xl/worksheets/_rels/sheet1.xml.rels
07:56:59.698 [main] DEBUG org.apache.poi.openxml4j.opc.PackageRelationshipCollection.parseRelationshipsPart(PackageRelationshipCollection.java:307)oggger - Parsing relationship: /_rels/.rels
07:56:59.721 [main] DEBUG org.apache.poi.openxml4j.opc.PackageRelationshipCollection.parseRelationshipsPart(PackageRelationshipCollection.java:307)oggger - Parsing relationship: /xl/_rels/workbook.xml.rels
07:56:59.722 [main] DEBUG org.apache.poi.openxml4j.opc.PackageRelationshipCollection.parseRelationshipsPart(PackageRelationshipCollection.java:307)oggger - Parsing relationship: /xl/worksheets/_rels/sheet1.xml.rels
07:56:59.723 [main] DEBUG org.apache.poi.openxml4j.opc.PackageRelationshipCollection.parseRelationshipsPart(PackageRelationshipCollection.java:307)oggger - Parsing relationship: /_rels/.rels
07:56:59.747 [main] DEBUG org.apache.poi.openxml4j.opc.PackageRelationshipCollection.parseRelationshipsPart(PackageRelationshipCollection.java:307)oggger - Parsing relationship: /xl/_rels/workbook.xml.rels
07:56:59.748 [main] DEBUG org.apache.poi.openxml4j.opc.PackageRelationshipCollection.parseRelationshipsPart(PackageRelationshipCollection.java:307)oggger - Parsing relationship: /xl/worksheets/_rels/sheet1.xml.rels
07:56:59.749 [main] DEBUG org.apache.poi.openxml4j.opc.PackageRelationshipCollection.parseRelationshipsPart(PackageRelationshipCollection.java:307)oggger - Parsing relationship: /_rels/.rels
07:56:59.773 [main] DEBUG org.apache.poi.openxml4j.opc.PackageRelationshipCollection.parseRelationshipsPart(PackageRelationshipCollection.java:307)oggger - Parsing relationship: /xl/_rels/workbook.xml.rels
07:56:59.775 [main] DEBUG org.apache.poi.openxml4j.opc.PackageRelationshipCollection.parseRelationshipsPart(PackageRelationshipCollection.java:307)oggger - Parsing relationship: /xl/worksheets/_rels/sheet1.xml.rels
07:56:59.776 [main] DEBUG org.apache.poi.openxml4j.opc.PackageRelationshipCollection.parseRelationshipsPart(PackageRelationshipCollection.java:307)oggger - Parsing relationship: /_rels/.rels
07:56:59.799 [main] DEBUG org.apache.poi.openxml4j.opc.PackageRelationshipCollection.parseRelationshipsPart(PackageRelationshipCollection.java:307)oggger - Parsing relationship: /xl/_rels/workbook.xml.rels
07:56:59.801 [main] DEBUG org.apache.poi.openxml4j.opc.PackageRelationshipCollection.parseRelationshipsPart(PackageRelationshipCollection.java:307)oggger - Parsing relationship: /xl/worksheets/_rels/sheet1.xml.rels
07:56:59.805 [main] DEBUG org.apache.poi.openxml4j.opc.PackageRelationshipCollection.parseRelationshipsPart(PackageRelationshipCollection.java:307)oggger - Parsing relationship: /_rels/.rels
07:56:59.832 [main] DEBUG org.apache.poi.openxml4j.opc.PackageRelationshipCollection.parseRelationshipsPart(PackageRelationshipCollection.java:307)oggger - Parsing relationship: /xl/_rels/workbook.xml.rels
07:56:59.833 [main] DEBUG org.apache.poi.openxml4j.opc.PackageRelationshipCollection.parseRelationshipsPart(PackageRelationshipCollection.java:307)oggger - Parsing relationship: /xl/worksheets/_rels/sheet1.xml.rels
07:56:59.834 [main] DEBUG org.apache.poi.openxml4j.opc.PackageRelationshipCollection.parseRelationshipsPart(PackageRelationshipCollection.java:307)oggger - Parsing relationship: /_rels/.rels
07:56:59.855 [main] DEBUG org.apache.poi.openxml4j.opc.PackageRelationshipCollection.parseRelationshipsPart(PackageRelationshipCollection.java:307)oggger - Parsing relationship: /xl/_rels/workbook.xml.rels
07:56:59.856 [main] DEBUG org.apache.poi.openxml4j.opc.PackageRelationshipCollection.parseRelationshipsPart(PackageRelationshipCollection.java:307)oggger - Parsing relationship: /xl/worksheets/_rels/sheet1.xml.rels
07:56:59.857 [main] DEBUG org.apache.poi.openxml4j.opc.PackageRelationshipCollection.parseRelationshipsPart(PackageRelationshipCollection.java:307)oggger - Parsing relationship: /_rels/.rels
07:56:59.875 [main] DEBUG org.apache.poi.openxml4j.opc.PackageRelationshipCollection.parseRelationshipsPart(PackageRelationshipCollection.java:307)oggger - Parsing relationship: /xl/_rels/workbook.xml.rels
07:56:59.876 [main] DEBUG org.apache.poi.openxml4j.opc.PackageRelationshipCollection.parseRelationshipsPart(PackageRelationshipCollection.java:307)oggger - Parsing relationship: /xl/worksheets/_rels/sheet1.xml.rels
07:56:59.876 [main] DEBUG org.apache.poi.openxml4j.opc.PackageRelationshipCollection.parseRelationshipsPart(PackageRelationshipCollection.java:307)oggger - Parsing relationship: /_rels/.rels
07:56:59.895 [main] DEBUG org.apache.poi.openxml4j.opc.PackageRelationshipCollection.parseRelationshipsPart(PackageRelationshipCollection.java:307)oggger - Parsing relationship: /xl/_rels/workbook.xml.rels
07:56:59.896 [main] DEBUG org.apache.poi.openxml4j.opc.PackageRelationshipCollection.parseRelationshipsPart(PackageRelationshipCollection.java:307)oggger - Parsing relationship: /xl/worksheets/_rels/sheet1.xml.rels
07:56:59.897 [main] DEBUG org.apache.poi.openxml4j.opc.PackageRelationshipCollection.parseRelationshipsPart(PackageRelationshipCollection.java:307)oggger - Parsing relationship: /_rels/.rels
07:56:59.920 [main] DEBUG org.apache.poi.openxml4j.opc.PackageRelationshipCollection.parseRelationshipsPart(PackageRelationshipCollection.java:307)oggger - Parsing relationship: /xl/_rels/workbook.xml.rels
07:56:59.921 [main] DEBUG org.apache.poi.openxml4j.opc.PackageRelationshipCollection.parseRelationshipsPart(PackageRelationshipCollection.java:307)oggger - Parsing relationship: /xl/worksheets/_rels/sheet1.xml.rels
07:56:59.922 [main] DEBUG org.apache.poi.openxml4j.opc.PackageRelationshipCollection.parseRelationshipsPart(PackageRelationshipCollection.java:307)oggger - Parsing relationship: /_rels/.rels
07:56:59.945 [main] DEBUG org.apache.poi.openxml4j.opc.PackageRelationshipCollection.parseRelationshipsPart(PackageRelationshipCollection.java:307)oggger - Parsing relationship: /xl/_rels/workbook.xml.rels
07:56:59.946 [main] DEBUG org.apache.poi.openxml4j.opc.PackageRelationshipCollection.parseRelationshipsPart(PackageRelationshipCollection.java:307)oggger - Parsing relationship: /xl/worksheets/_rels/sheet1.xml.rels
07:56:59.948 [main] DEBUG org.apache.poi.openxml4j.opc.PackageRelationshipCollection.parseRelationshipsPart(PackageRelationshipCollection.java:307)oggger - Parsing relationship: /_rels/.rels
07:56:59.976 [main] DEBUG org.apache.poi.openxml4j.opc.PackageRelationshipCollection.parseRelationshipsPart(PackageRelationshipCollection.java:307)oggger - Parsing relationship: /xl/_rels/workbook.xml.rels
07:56:59.977 [main] DEBUG org.apache.poi.openxml4j.opc.PackageRelationshipCollection.parseRelationshipsPart(PackageRelationshipCollection.java:307)oggger - Parsing relationship: /xl/worksheets/_rels/sheet1.xml.rels
07:56:59.977 [main] DEBUG org.apache.poi.openxml4j.opc.PackageRelationshipCollection.parseRelationshipsPart(PackageRelationshipCollection.java:307)oggger - Parsing relationship: /_rels/.rels
07:57:00.012 [main] INFO  testClasses.TC003_LoginDDT.testLoginDDT(TC003_LoginDDT.java:26)oggger - ******Tesing TC003_LoginDDT started*******
07:57:00.643 [main] INFO  testClasses.TC003_LoginDDT.testLoginDDT(TC003_LoginDDT.java:32)oggger - ******On login page *******
07:57:00.848 [main] INFO  testClasses.TC003_LoginDDT.testLoginDDT(TC003_LoginDDT.java:38)oggger - ******on my account page*******
07:57:03.191 [main] ERROR testClasses.TC003_LoginDDT.testLoginDDT(TC003_LoginDDT.java:65)oggger - ****Error Logs****unknown error: unhandled inspector error: {"code":-32000,"message":"Node with given id does not belong to the document"}
  (Session info: chrome=152.0.7977.83)
Build info: version: '4.48.0', revision: '27f5213 27f5213055e28398a5105b7892b7a3bb2012a6ef'
System info: os.name: 'Windows Server 2025', os.arch: 'amd64', os.version: '10.0', java.version: '17.0.20.1'
Driver info: org.openqa.selenium.chrome.ChromeDriver
Command: [1400ed77cfab65724a65370ed0da330d, clickElement {id=f.6A4FE0F95F8000E88E81C3A9543D148C.d.F55F5B3A369452E488ABDB79E8673CC6.e.100}]
Capabilities {acceptInsecureCerts: false, browserName: chrome, browserVersion: 152.0.7977.83, chrome: {chromedriverVersion: 152.0.7977.82 (d04cdb24d67b..., userDataDir: C:\Users\LOCAL_~1\Temp\scop...}, fedcm:accounts: true, goog:chromeOptions: {debuggerAddress: localhost:53777}, goog:processID: 8640, networkConnectionEnabled: false, pageLoadStrategy: normal, platformName: windows, proxy: Proxy(), se:cdp: ws://localhost:53777/devtoo..., se:cdpVersion: 152.0.7977.83, setWindowRect: true, strictFileInteractability: false, timeouts: {implicit: 0, pageLoad: 300000, script: 30000}, unhandledPromptBehavior: dismiss and notify, webauthn:extension:credBlob: true, webauthn:extension:largeBlob: true, webauthn:extension:minPinLength: true, webauthn:extension:prf: true, webauthn:virtualAuthenticators: true}
Element: [[ChromeDriver: chrome on windows (1400ed77cfab65724a65370ed0da330d)] -> xpath: //span[text()='My Account']]
Session ID: 1400ed77cfab65724a65370ed0da330d
07:57:03.200 [main] ERROR baseTest.BaseTest.captureBrowserConsoleLogs(BaseTest.java:131)oggger - --- CAPTURING CHROME BROWSER CONSOLE LOGS ---
07:57:03.211 [main] INFO  testClasses.TC003_LoginDDT.testLoginDDT(TC003_LoginDDT.java:26)oggger - ******Tesing TC003_LoginDDT started*******
07:57:13.296 [main] ERROR testClasses.TC003_LoginDDT.testLoginDDT(TC003_LoginDDT.java:65)oggger - ****Error Logs****no such element: Unable to locate element: {"method":"xpath","selector":"//a[text()='Login']"}
  (Session info: chrome=152.0.7977.83)
For documentation on this error, please visit: https://www.selenium.dev/documentation/webdriver/troubleshooting/errors#nosuchelementexception
Build info: version: '4.48.0', revision: '27f5213 27f5213055e28398a5105b7892b7a3bb2012a6ef'
System info: os.name: 'Windows Server 2025', os.arch: 'amd64', os.version: '10.0', java.version: '17.0.20.1'
Driver info: org.openqa.selenium.chrome.ChromeDriver
Command: [1400ed77cfab65724a65370ed0da330d, findElement {value=//a[text()='Login'], using=xpath}]
Capabilities {acceptInsecureCerts: false, browserName: chrome, browserVersion: 152.0.7977.83, chrome: {chromedriverVersion: 152.0.7977.82 (d04cdb24d67b..., userDataDir: C:\Users\LOCAL_~1\Temp\scop...}, fedcm:accounts: true, goog:chromeOptions: {debuggerAddress: localhost:53777}, goog:processID: 8640, networkConnectionEnabled: false, pageLoadStrategy: normal, platformName: windows, proxy: Proxy(), se:cdp: ws://localhost:53777/devtoo..., se:cdpVersion: 152.0.7977.83, setWindowRect: true, strictFileInteractability: false, timeouts: {implicit: 0, pageLoad: 300000, script: 30000}, unhandledPromptBehavior: dismiss and notify, webauthn:extension:credBlob: true, webauthn:extension:largeBlob: true, webauthn:extension:minPinLength: true, webauthn:extension:prf: true, webauthn:virtualAuthenticators: true}
Session ID: 1400ed77cfab65724a65370ed0da330d
07:57:13.298 [main] ERROR baseTest.BaseTest.captureBrowserConsoleLogs(BaseTest.java:131)oggger - --- CAPTURING CHROME BROWSER CONSOLE LOGS ---
07:57:13.302 [main] INFO  testClasses.TC003_LoginDDT.testLoginDDT(TC003_LoginDDT.java:26)oggger - ******Tesing TC003_LoginDDT started*******
07:57:23.397 [main] ERROR testClasses.TC003_LoginDDT.testLoginDDT(TC003_LoginDDT.java:65)oggger - ****Error Logs****no such element: Unable to locate element: {"method":"xpath","selector":"//a[text()='Login']"}
  (Session info: chrome=152.0.7977.83)
For documentation on this error, please visit: https://www.selenium.dev/documentation/webdriver/troubleshooting/errors#nosuchelementexception
Build info: version: '4.48.0', revision: '27f5213 27f5213055e28398a5105b7892b7a3bb2012a6ef'
System info: os.name: 'Windows Server 2025', os.arch: 'amd64', os.version: '10.0', java.version: '17.0.20.1'
Driver info: org.openqa.selenium.chrome.ChromeDriver
Command: [1400ed77cfab65724a65370ed0da330d, findElement {value=//a[text()='Login'], using=xpath}]
Capabilities {acceptInsecureCerts: false, browserName: chrome, browserVersion: 152.0.7977.83, chrome: {chromedriverVersion: 152.0.7977.82 (d04cdb24d67b..., userDataDir: C:\Users\LOCAL_~1\Temp\scop...}, fedcm:accounts: true, goog:chromeOptions: {debuggerAddress: localhost:53777}, goog:processID: 8640, networkConnectionEnabled: false, pageLoadStrategy: normal, platformName: windows, proxy: Proxy(), se:cdp: ws://localhost:53777/devtoo..., se:cdpVersion: 152.0.7977.83, setWindowRect: true, strictFileInteractability: false, timeouts: {implicit: 0, pageLoad: 300000, script: 30000}, unhandledPromptBehavior: dismiss and notify, webauthn:extension:credBlob: true, webauthn:extension:largeBlob: true, webauthn:extension:minPinLength: true, webauthn:extension:prf: true, webauthn:virtualAuthenticators: true}
Session ID: 1400ed77cfab65724a65370ed0da330d
07:57:23.402 [main] ERROR baseTest.BaseTest.captureBrowserConsoleLogs(BaseTest.java:131)oggger - --- CAPTURING CHROME BROWSER CONSOLE LOGS ---
07:57:23.411 [main] INFO  testClasses.TC003_LoginDDT.testLoginDDT(TC003_LoginDDT.java:26)oggger - ******Tesing TC003_LoginDDT started*******
07:57:45.306 [main] DEBUG org.testng.log4testng.Logger.debug(Logger.java:82)oggger - suiteXmlPath: "C:\Users\VedaB\eclipse-workspace\OpenCartV121\master.xml"
07:57:46.108 [main] INFO  org.testng.log4testng.Logger.info(Logger.java:112)oggger - [TestNG] Running:
  C:\Users\VedaB\eclipse-workspace\OpenCartV121\master.xml

07:57:50.865 [main] DEBUG org.apache.poi.openxml4j.opc.PackageRelationshipCollection.parseRelationshipsPart(PackageRelationshipCollection.java:307)oggger - Parsing relationship: /xl/_rels/workbook.xml.rels
07:57:50.878 [main] DEBUG org.apache.poi.openxml4j.opc.PackageRelationshipCollection.parseRelationshipsPart(PackageRelationshipCollection.java:307)oggger - Parsing relationship: /xl/worksheets/_rels/sheet1.xml.rels
07:57:50.880 [main] DEBUG org.apache.poi.openxml4j.opc.PackageRelationshipCollection.parseRelationshipsPart(PackageRelationshipCollection.java:307)oggger - Parsing relationship: /_rels/.rels
07:57:51.901 [main] DEBUG org.apache.poi.openxml4j.opc.PackageRelationshipCollection.parseRelationshipsPart(PackageRelationshipCollection.java:307)oggger - Parsing relationship: /xl/_rels/workbook.xml.rels
07:57:51.902 [main] DEBUG org.apache.poi.openxml4j.opc.PackageRelationshipCollection.parseRelationshipsPart(PackageRelationshipCollection.java:307)oggger - Parsing relationship: /xl/worksheets/_rels/sheet1.xml.rels
07:57:51.904 [main] DEBUG org.apache.poi.openxml4j.opc.PackageRelationshipCollection.parseRelationshipsPart(PackageRelationshipCollection.java:307)oggger - Parsing relationship: /_rels/.rels
07:57:51.939 [main] DEBUG org.apache.poi.openxml4j.opc.PackageRelationshipCollection.parseRelationshipsPart(PackageRelationshipCollection.java:307)oggger - Parsing relationship: /xl/_rels/workbook.xml.rels
07:57:51.940 [main] DEBUG org.apache.poi.openxml4j.opc.PackageRelationshipCollection.parseRelationshipsPart(PackageRelationshipCollection.java:307)oggger - Parsing relationship: /xl/worksheets/_rels/sheet1.xml.rels
07:57:51.941 [main] DEBUG org.apache.poi.openxml4j.opc.PackageRelationshipCollection.parseRelationshipsPart(PackageRelationshipCollection.java:307)oggger - Parsing relationship: /_rels/.rels
07:57:51.978 [main] DEBUG org.apache.poi.openxml4j.opc.PackageRelationshipCollection.parseRelationshipsPart(PackageRelationshipCollection.java:307)oggger - Parsing relationship: /xl/_rels/workbook.xml.rels
07:57:51.979 [main] DEBUG org.apache.poi.openxml4j.opc.PackageRelationshipCollection.parseRelationshipsPart(PackageRelationshipCollection.java:307)oggger - Parsing relationship: /xl/worksheets/_rels/sheet1.xml.rels
07:57:51.981 [main] DEBUG org.apache.poi.openxml4j.opc.PackageRelationshipCollection.parseRelationshipsPart(PackageRelationshipCollection.java:307)oggger - Parsing relationship: /_rels/.rels
07:57:52.007 [main] DEBUG org.apache.poi.openxml4j.opc.PackageRelationshipCollection.parseRelationshipsPart(PackageRelationshipCollection.java:307)oggger - Parsing relationship: /xl/_rels/workbook.xml.rels
07:57:52.008 [main] DEBUG org.apache.poi.openxml4j.opc.PackageRelationshipCollection.parseRelationshipsPart(PackageRelationshipCollection.java:307)oggger - Parsing relationship: /xl/worksheets/_rels/sheet1.xml.rels
07:57:52.009 [main] DEBUG org.apache.poi.openxml4j.opc.PackageRelationshipCollection.parseRelationshipsPart(PackageRelationshipCollection.java:307)oggger - Parsing relationship: /_rels/.rels
07:57:52.036 [main] DEBUG org.apache.poi.openxml4j.opc.PackageRelationshipCollection.parseRelationshipsPart(PackageRelationshipCollection.java:307)oggger - Parsing relationship: /xl/_rels/workbook.xml.rels
07:57:52.037 [main] DEBUG org.apache.poi.openxml4j.opc.PackageRelationshipCollection.parseRelationshipsPart(PackageRelationshipCollection.java:307)oggger - Parsing relationship: /xl/worksheets/_rels/sheet1.xml.rels
07:57:52.042 [main] DEBUG org.apache.poi.openxml4j.opc.PackageRelationshipCollection.parseRelationshipsPart(PackageRelationshipCollection.java:307)oggger - Parsing relationship: /_rels/.rels
07:57:52.066 [main] DEBUG org.apache.poi.openxml4j.opc.PackageRelationshipCollection.parseRelationshipsPart(PackageRelationshipCollection.java:307)oggger - Parsing relationship: /xl/_rels/workbook.xml.rels
07:57:52.067 [main] DEBUG org.apache.poi.openxml4j.opc.PackageRelationshipCollection.parseRelationshipsPart(PackageRelationshipCollection.java:307)oggger - Parsing relationship: /xl/worksheets/_rels/sheet1.xml.rels
07:57:52.068 [main] DEBUG org.apache.poi.openxml4j.opc.PackageRelationshipCollection.parseRelationshipsPart(PackageRelationshipCollection.java:307)oggger - Parsing relationship: /_rels/.rels
07:57:52.102 [main] DEBUG org.apache.poi.openxml4j.opc.PackageRelationshipCollection.parseRelationshipsPart(PackageRelationshipCollection.java:307)oggger - Parsing relationship: /xl/_rels/workbook.xml.rels
07:57:52.103 [main] DEBUG org.apache.poi.openxml4j.opc.PackageRelationshipCollection.parseRelationshipsPart(PackageRelationshipCollection.java:307)oggger - Parsing relationship: /xl/worksheets/_rels/sheet1.xml.rels
07:57:52.105 [main] DEBUG org.apache.poi.openxml4j.opc.PackageRelationshipCollection.parseRelationshipsPart(PackageRelationshipCollection.java:307)oggger - Parsing relationship: /_rels/.rels
07:57:52.126 [main] DEBUG org.apache.poi.openxml4j.opc.PackageRelationshipCollection.parseRelationshipsPart(PackageRelationshipCollection.java:307)oggger - Parsing relationship: /xl/_rels/workbook.xml.rels
07:57:52.128 [main] DEBUG org.apache.poi.openxml4j.opc.PackageRelationshipCollection.parseRelationshipsPart(PackageRelationshipCollection.java:307)oggger - Parsing relationship: /xl/worksheets/_rels/sheet1.xml.rels
07:57:52.129 [main] DEBUG org.apache.poi.openxml4j.opc.PackageRelationshipCollection.parseRelationshipsPart(PackageRelationshipCollection.java:307)oggger - Parsing relationship: /_rels/.rels
07:57:52.149 [main] DEBUG org.apache.poi.openxml4j.opc.PackageRelationshipCollection.parseRelationshipsPart(PackageRelationshipCollection.java:307)oggger - Parsing relationship: /xl/_rels/workbook.xml.rels
07:57:52.150 [main] DEBUG org.apache.poi.openxml4j.opc.PackageRelationshipCollection.parseRelationshipsPart(PackageRelationshipCollection.java:307)oggger - Parsing relationship: /xl/worksheets/_rels/sheet1.xml.rels
07:57:52.152 [main] DEBUG org.apache.poi.openxml4j.opc.PackageRelationshipCollection.parseRelationshipsPart(PackageRelationshipCollection.java:307)oggger - Parsing relationship: /_rels/.rels
07:57:52.169 [main] DEBUG org.apache.poi.openxml4j.opc.PackageRelationshipCollection.parseRelationshipsPart(PackageRelationshipCollection.java:307)oggger - Parsing relationship: /xl/_rels/workbook.xml.rels
07:57:52.170 [main] DEBUG org.apache.poi.openxml4j.opc.PackageRelationshipCollection.parseRelationshipsPart(PackageRelationshipCollection.java:307)oggger - Parsing relationship: /xl/worksheets/_rels/sheet1.xml.rels
07:57:52.170 [main] DEBUG org.apache.poi.openxml4j.opc.PackageRelationshipCollection.parseRelationshipsPart(PackageRelationshipCollection.java:307)oggger - Parsing relationship: /_rels/.rels
07:57:52.189 [main] DEBUG org.apache.poi.openxml4j.opc.PackageRelationshipCollection.parseRelationshipsPart(PackageRelationshipCollection.java:307)oggger - Parsing relationship: /xl/_rels/workbook.xml.rels
07:57:52.190 [main] DEBUG org.apache.poi.openxml4j.opc.PackageRelationshipCollection.parseRelationshipsPart(PackageRelationshipCollection.java:307)oggger - Parsing relationship: /xl/worksheets/_rels/sheet1.xml.rels
07:57:52.190 [main] DEBUG org.apache.poi.openxml4j.opc.PackageRelationshipCollection.parseRelationshipsPart(PackageRelationshipCollection.java:307)oggger - Parsing relationship: /_rels/.rels
07:57:52.208 [main] DEBUG org.apache.poi.openxml4j.opc.PackageRelationshipCollection.parseRelationshipsPart(PackageRelationshipCollection.java:307)oggger - Parsing relationship: /xl/_rels/workbook.xml.rels
07:57:52.209 [main] DEBUG org.apache.poi.openxml4j.opc.PackageRelationshipCollection.parseRelationshipsPart(PackageRelationshipCollection.java:307)oggger - Parsing relationship: /xl/worksheets/_rels/sheet1.xml.rels
07:57:52.210 [main] DEBUG org.apache.poi.openxml4j.opc.PackageRelationshipCollection.parseRelationshipsPart(PackageRelationshipCollection.java:307)oggger - Parsing relationship: /_rels/.rels
07:57:52.233 [main] DEBUG org.apache.poi.openxml4j.opc.PackageRelationshipCollection.parseRelationshipsPart(PackageRelationshipCollection.java:307)oggger - Parsing relationship: /xl/_rels/workbook.xml.rels
07:57:52.234 [main] DEBUG org.apache.poi.openxml4j.opc.PackageRelationshipCollection.parseRelationshipsPart(PackageRelationshipCollection.java:307)oggger - Parsing relationship: /xl/worksheets/_rels/sheet1.xml.rels
07:57:52.235 [main] DEBUG org.apache.poi.openxml4j.opc.PackageRelationshipCollection.parseRelationshipsPart(PackageRelationshipCollection.java:307)oggger - Parsing relationship: /_rels/.rels
07:57:52.253 [main] DEBUG org.apache.poi.openxml4j.opc.PackageRelationshipCollection.parseRelationshipsPart(PackageRelationshipCollection.java:307)oggger - Parsing relationship: /xl/_rels/workbook.xml.rels
07:57:52.254 [main] DEBUG org.apache.poi.openxml4j.opc.PackageRelationshipCollection.parseRelationshipsPart(PackageRelationshipCollection.java:307)oggger - Parsing relationship: /xl/worksheets/_rels/sheet1.xml.rels
07:57:52.255 [main] DEBUG org.apache.poi.openxml4j.opc.PackageRelationshipCollection.parseRelationshipsPart(PackageRelationshipCollection.java:307)oggger - Parsing relationship: /_rels/.rels
07:57:52.276 [main] DEBUG org.apache.poi.openxml4j.opc.PackageRelationshipCollection.parseRelationshipsPart(PackageRelationshipCollection.java:307)oggger - Parsing relationship: /xl/_rels/workbook.xml.rels
07:57:52.277 [main] DEBUG org.apache.poi.openxml4j.opc.PackageRelationshipCollection.parseRelationshipsPart(PackageRelationshipCollection.java:307)oggger - Parsing relationship: /xl/worksheets/_rels/sheet1.xml.rels
07:57:52.278 [main] DEBUG org.apache.poi.openxml4j.opc.PackageRelationshipCollection.parseRelationshipsPart(PackageRelationshipCollection.java:307)oggger - Parsing relationship: /_rels/.rels
07:57:52.307 [main] DEBUG org.apache.poi.openxml4j.opc.PackageRelationshipCollection.parseRelationshipsPart(PackageRelationshipCollection.java:307)oggger - Parsing relationship: /xl/_rels/workbook.xml.rels
07:57:52.308 [main] DEBUG org.apache.poi.openxml4j.opc.PackageRelationshipCollection.parseRelationshipsPart(PackageRelationshipCollection.java:307)oggger - Parsing relationship: /xl/worksheets/_rels/sheet1.xml.rels
07:57:52.308 [main] DEBUG org.apache.poi.openxml4j.opc.PackageRelationshipCollection.parseRelationshipsPart(PackageRelationshipCollection.java:307)oggger - Parsing relationship: /_rels/.rels
07:57:52.325 [main] DEBUG org.apache.poi.openxml4j.opc.PackageRelationshipCollection.parseRelationshipsPart(PackageRelationshipCollection.java:307)oggger - Parsing relationship: /xl/_rels/workbook.xml.rels
07:57:52.326 [main] DEBUG org.apache.poi.openxml4j.opc.PackageRelationshipCollection.parseRelationshipsPart(PackageRelationshipCollection.java:307)oggger - Parsing relationship: /xl/worksheets/_rels/sheet1.xml.rels
07:57:52.327 [main] DEBUG org.apache.poi.openxml4j.opc.PackageRelationshipCollection.parseRelationshipsPart(PackageRelationshipCollection.java:307)oggger - Parsing relationship: /_rels/.rels
07:57:52.344 [main] DEBUG org.apache.poi.openxml4j.opc.PackageRelationshipCollection.parseRelationshipsPart(PackageRelationshipCollection.java:307)oggger - Parsing relationship: /xl/_rels/workbook.xml.rels
07:57:52.345 [main] DEBUG org.apache.poi.openxml4j.opc.PackageRelationshipCollection.parseRelationshipsPart(PackageRelationshipCollection.java:307)oggger - Parsing relationship: /xl/worksheets/_rels/sheet1.xml.rels
07:57:52.346 [main] DEBUG org.apache.poi.openxml4j.opc.PackageRelationshipCollection.parseRelationshipsPart(PackageRelationshipCollection.java:307)oggger - Parsing relationship: /_rels/.rels
07:57:52.362 [main] DEBUG org.apache.poi.openxml4j.opc.PackageRelationshipCollection.parseRelationshipsPart(PackageRelationshipCollection.java:307)oggger - Parsing relationship: /xl/_rels/workbook.xml.rels
07:57:52.363 [main] DEBUG org.apache.poi.openxml4j.opc.PackageRelationshipCollection.parseRelationshipsPart(PackageRelationshipCollection.java:307)oggger - Parsing relationship: /xl/worksheets/_rels/sheet1.xml.rels
07:57:52.364 [main] DEBUG org.apache.poi.openxml4j.opc.PackageRelationshipCollection.parseRelationshipsPart(PackageRelationshipCollection.java:307)oggger - Parsing relationship: /_rels/.rels
07:57:52.380 [main] DEBUG org.apache.poi.openxml4j.opc.PackageRelationshipCollection.parseRelationshipsPart(PackageRelationshipCollection.java:307)oggger - Parsing relationship: /xl/_rels/workbook.xml.rels
07:57:52.380 [main] DEBUG org.apache.poi.openxml4j.opc.PackageRelationshipCollection.parseRelationshipsPart(PackageRelationshipCollection.java:307)oggger - Parsing relationship: /xl/worksheets/_rels/sheet1.xml.rels
07:57:52.381 [main] DEBUG org.apache.poi.openxml4j.opc.PackageRelationshipCollection.parseRelationshipsPart(PackageRelationshipCollection.java:307)oggger - Parsing relationship: /_rels/.rels
07:57:52.399 [main] DEBUG org.apache.poi.openxml4j.opc.PackageRelationshipCollection.parseRelationshipsPart(PackageRelationshipCollection.java:307)oggger - Parsing relationship: /xl/_rels/workbook.xml.rels
07:57:52.400 [main] DEBUG org.apache.poi.openxml4j.opc.PackageRelationshipCollection.parseRelationshipsPart(PackageRelationshipCollection.java:307)oggger - Parsing relationship: /xl/worksheets/_rels/sheet1.xml.rels
07:57:52.401 [main] DEBUG org.apache.poi.openxml4j.opc.PackageRelationshipCollection.parseRelationshipsPart(PackageRelationshipCollection.java:307)oggger - Parsing relationship: /_rels/.rels
07:57:52.424 [main] DEBUG org.apache.poi.openxml4j.opc.PackageRelationshipCollection.parseRelationshipsPart(PackageRelationshipCollection.java:307)oggger - Parsing relationship: /xl/_rels/workbook.xml.rels
07:57:52.425 [main] DEBUG org.apache.poi.openxml4j.opc.PackageRelationshipCollection.parseRelationshipsPart(PackageRelationshipCollection.java:307)oggger - Parsing relationship: /xl/worksheets/_rels/sheet1.xml.rels
07:57:52.426 [main] DEBUG org.apache.poi.openxml4j.opc.PackageRelationshipCollection.parseRelationshipsPart(PackageRelationshipCollection.java:307)oggger - Parsing relationship: /_rels/.rels
07:57:52.459 [main] INFO  testClasses.TC003_LoginDDT.testLoginDDT(TC003_LoginDDT.java:26)oggger - ******Tesing TC003_LoginDDT started*******
07:57:52.975 [main] INFO  testClasses.TC003_LoginDDT.testLoginDDT(TC003_LoginDDT.java:32)oggger - ******On login page *******
07:57:53.164 [main] INFO  testClasses.TC003_LoginDDT.testLoginDDT(TC003_LoginDDT.java:38)oggger - ******on my account page*******
07:57:54.636 [main] ERROR testClasses.TC003_LoginDDT.testLoginDDT(TC003_LoginDDT.java:65)oggger - ****Error Logs****stale element reference: stale element not found
  (Session info: chrome=152.0.7977.83)
For documentation on this error, please visit: https://www.selenium.dev/documentation/webdriver/troubleshooting/errors#staleelementreferenceexception
Build info: version: '4.48.0', revision: '27f5213 27f5213055e28398a5105b7892b7a3bb2012a6ef'
System info: os.name: 'Windows Server 2025', os.arch: 'amd64', os.version: '10.0', java.version: '17.0.20.1'
Driver info: org.openqa.selenium.chrome.ChromeDriver
Command: [b24c4d5755795fd6569c9adae2ff5665, clickElement {id=f.FC4E9734F0DB618E87A6FB9B88C98A7D.d.C93FDF452C425E166C3A4ACBC4E25074.e.106}]
Capabilities {acceptInsecureCerts: false, browserName: chrome, browserVersion: 152.0.7977.83, chrome: {chromedriverVersion: 152.0.7977.82 (d04cdb24d67b..., userDataDir: C:\Users\LOCAL_~1\Temp\scop...}, fedcm:accounts: true, goog:chromeOptions: {debuggerAddress: localhost:51224}, goog:processID: 9900, networkConnectionEnabled: false, pageLoadStrategy: normal, platformName: windows, proxy: Proxy(), se:cdp: ws://localhost:51224/devtoo..., se:cdpVersion: 152.0.7977.83, setWindowRect: true, strictFileInteractability: false, timeouts: {implicit: 0, pageLoad: 300000, script: 30000}, unhandledPromptBehavior: dismiss and notify, webauthn:extension:credBlob: true, webauthn:extension:largeBlob: true, webauthn:extension:minPinLength: true, webauthn:extension:prf: true, webauthn:virtualAuthenticators: true}
Element: [[ChromeDriver: chrome on windows (b24c4d5755795fd6569c9adae2ff5665)] -> xpath: //span[text()='My Account']]
Session ID: b24c4d5755795fd6569c9adae2ff5665
07:57:54.644 [main] ERROR baseTest.BaseTest.captureBrowserConsoleLogs(BaseTest.java:131)oggger - --- CAPTURING CHROME BROWSER CONSOLE LOGS ---
07:57:54.658 [main] INFO  testClasses.TC003_LoginDDT.testLoginDDT(TC003_LoginDDT.java:26)oggger - ******Tesing TC003_LoginDDT started*******
07:58:04.725 [main] ERROR testClasses.TC003_LoginDDT.testLoginDDT(TC003_LoginDDT.java:65)oggger - ****Error Logs****no such element: Unable to locate element: {"method":"xpath","selector":"//a[text()='Login']"}
  (Session info: chrome=152.0.7977.83)
For documentation on this error, please visit: https://www.selenium.dev/documentation/webdriver/troubleshooting/errors#nosuchelementexception
Build info: version: '4.48.0', revision: '27f5213 27f5213055e28398a5105b7892b7a3bb2012a6ef'
System info: os.name: 'Windows Server 2025', os.arch: 'amd64', os.version: '10.0', java.version: '17.0.20.1'
Driver info: org.openqa.selenium.chrome.ChromeDriver
Command: [b24c4d5755795fd6569c9adae2ff5665, findElement {using=xpath, value=//a[text()='Login']}]
Capabilities {acceptInsecureCerts: false, browserName: chrome, browserVersion: 152.0.7977.83, chrome: {chromedriverVersion: 152.0.7977.82 (d04cdb24d67b..., userDataDir: C:\Users\LOCAL_~1\Temp\scop...}, fedcm:accounts: true, goog:chromeOptions: {debuggerAddress: localhost:51224}, goog:processID: 9900, networkConnectionEnabled: false, pageLoadStrategy: normal, platformName: windows, proxy: Proxy(), se:cdp: ws://localhost:51224/devtoo..., se:cdpVersion: 152.0.7977.83, setWindowRect: true, strictFileInteractability: false, timeouts: {implicit: 0, pageLoad: 300000, script: 30000}, unhandledPromptBehavior: dismiss and notify, webauthn:extension:credBlob: true, webauthn:extension:largeBlob: true, webauthn:extension:minPinLength: true, webauthn:extension:prf: true, webauthn:virtualAuthenticators: true}
Session ID: b24c4d5755795fd6569c9adae2ff5665
07:58:04.725 [main] ERROR baseTest.BaseTest.captureBrowserConsoleLogs(BaseTest.java:131)oggger - --- CAPTURING CHROME BROWSER CONSOLE LOGS ---
07:58:04.738 [main] INFO  testClasses.TC003_LoginDDT.testLoginDDT(TC003_LoginDDT.java:26)oggger - ******Tesing TC003_LoginDDT started*******
07:58:14.791 [main] ERROR testClasses.TC003_LoginDDT.testLoginDDT(TC003_LoginDDT.java:65)oggger - ****Error Logs****no such element: Unable to locate element: {"method":"xpath","selector":"//a[text()='Login']"}
  (Session info: chrome=152.0.7977.83)
For documentation on this error, please visit: https://www.selenium.dev/documentation/webdriver/troubleshooting/errors#nosuchelementexception
Build info: version: '4.48.0', revision: '27f5213 27f5213055e28398a5105b7892b7a3bb2012a6ef'
System info: os.name: 'Windows Server 2025', os.arch: 'amd64', os.version: '10.0', java.version: '17.0.20.1'
Driver info: org.openqa.selenium.chrome.ChromeDriver
Command: [b24c4d5755795fd6569c9adae2ff5665, findElement {using=xpath, value=//a[text()='Login']}]
Capabilities {acceptInsecureCerts: false, browserName: chrome, browserVersion: 152.0.7977.83, chrome: {chromedriverVersion: 152.0.7977.82 (d04cdb24d67b..., userDataDir: C:\Users\LOCAL_~1\Temp\scop...}, fedcm:accounts: true, goog:chromeOptions: {debuggerAddress: localhost:51224}, goog:processID: 9900, networkConnectionEnabled: false, pageLoadStrategy: normal, platformName: windows, proxy: Proxy(), se:cdp: ws://localhost:51224/devtoo..., se:cdpVersion: 152.0.7977.83, setWindowRect: true, strictFileInteractability: false, timeouts: {implicit: 0, pageLoad: 300000, script: 30000}, unhandledPromptBehavior: dismiss and notify, webauthn:extension:credBlob: true, webauthn:extension:largeBlob: true, webauthn:extension:minPinLength: true, webauthn:extension:prf: true, webauthn:virtualAuthenticators: true}
Session ID: b24c4d5755795fd6569c9adae2ff5665
07:58:14.794 [main] ERROR baseTest.BaseTest.captureBrowserConsoleLogs(BaseTest.java:131)oggger - --- CAPTURING CHROME BROWSER CONSOLE LOGS ---
07:58:14.798 [main] INFO  testClasses.TC003_LoginDDT.testLoginDDT(TC003_LoginDDT.java:26)oggger - ******Tesing TC003_LoginDDT started*******
07:58:24.887 [main] ERROR testClasses.TC003_LoginDDT.testLoginDDT(TC003_LoginDDT.java:65)oggger - ****Error Logs****no such element: Unable to locate element: {"method":"xpath","selector":"//a[text()='Login']"}
  (Session info: chrome=152.0.7977.83)
For documentation on this error, please visit: https://www.selenium.dev/documentation/webdriver/troubleshooting/errors#nosuchelementexception
Build info: version: '4.48.0', revision: '27f5213 27f5213055e28398a5105b7892b7a3bb2012a6ef'
System info: os.name: 'Windows Server 2025', os.arch: 'amd64', os.version: '10.0', java.version: '17.0.20.1'
Driver info: org.openqa.selenium.chrome.ChromeDriver
Command: [b24c4d5755795fd6569c9adae2ff5665, findElement {using=xpath, value=//a[text()='Login']}]
Capabilities {acceptInsecureCerts: false, browserName: chrome, browserVersion: 152.0.7977.83, chrome: {chromedriverVersion: 152.0.7977.82 (d04cdb24d67b..., userDataDir: C:\Users\LOCAL_~1\Temp\scop...}, fedcm:accounts: true, goog:chromeOptions: {debuggerAddress: localhost:51224}, goog:processID: 9900, networkConnectionEnabled: false, pageLoadStrategy: normal, platformName: windows, proxy: Proxy(), se:cdp: ws://localhost:51224/devtoo..., se:cdpVersion: 152.0.7977.83, setWindowRect: true, strictFileInteractability: false, timeouts: {implicit: 0, pageLoad: 300000, script: 30000}, unhandledPromptBehavior: dismiss and notify, webauthn:extension:credBlob: true, webauthn:extension:largeBlob: true, webauthn:extension:minPinLength: true, webauthn:extension:prf: true, webauthn:virtualAuthenticators: true}
Session ID: b24c4d5755795fd6569c9adae2ff5665
07:58:24.891 [main] ERROR baseTest.BaseTest.captureBrowserConsoleLogs(BaseTest.java:131)oggger - --- CAPTURING CHROME BROWSER CONSOLE LOGS ---
07:58:24.894 [main] INFO  testClasses.TC003_LoginDDT.testLoginDDT(TC003_LoginDDT.java:26)oggger - ******Tesing TC003_LoginDDT started*******
07:58:34.965 [main] ERROR testClasses.TC003_LoginDDT.testLoginDDT(TC003_LoginDDT.java:65)oggger - ****Error Logs****no such element: Unable to locate element: {"method":"xpath","selector":"//a[text()='Login']"}
  (Session info: chrome=152.0.7977.83)
For documentation on this error, please visit: https://www.selenium.dev/documentation/webdriver/troubleshooting/errors#nosuchelementexception
Build info: version: '4.48.0', revision: '27f5213 27f5213055e28398a5105b7892b7a3bb2012a6ef'
System info: os.name: 'Windows Server 2025', os.arch: 'amd64', os.version: '10.0', java.version: '17.0.20.1'
Driver info: org.openqa.selenium.chrome.ChromeDriver
Command: [b24c4d5755795fd6569c9adae2ff5665, findElement {using=xpath, value=//a[text()='Login']}]
Capabilities {acceptInsecureCerts: false, browserName: chrome, browserVersion: 152.0.7977.83, chrome: {chromedriverVersion: 152.0.7977.82 (d04cdb24d67b..., userDataDir: C:\Users\LOCAL_~1\Temp\scop...}, fedcm:accounts: true, goog:chromeOptions: {debuggerAddress: localhost:51224}, goog:processID: 9900, networkConnectionEnabled: false, pageLoadStrategy: normal, platformName: windows, proxy: Proxy(), se:cdp: ws://localhost:51224/devtoo..., se:cdpVersion: 152.0.7977.83, setWindowRect: true, strictFileInteractability: false, timeouts: {implicit: 0, pageLoad: 300000, script: 30000}, unhandledPromptBehavior: dismiss and notify, webauthn:extension:credBlob: true, webauthn:extension:largeBlob: true, webauthn:extension:minPinLength: true, webauthn:extension:prf: true, webauthn:virtualAuthenticators: true}
Session ID: b24c4d5755795fd6569c9adae2ff5665
07:58:34.965 [main] ERROR baseTest.BaseTest.captureBrowserConsoleLogs(BaseTest.java:131)oggger - --- CAPTURING CHROME BROWSER CONSOLE LOGS ---
08:08:13.504 [main] DEBUG org.testng.log4testng.Logger.debug(Logger.java:82)oggger - suiteXmlPath: "C:\Users\VedaB\eclipse-workspace\OpenCartV121\master.xml"
08:08:14.285 [main] INFO  org.testng.log4testng.Logger.info(Logger.java:112)oggger - [TestNG] Running:
  C:\Users\VedaB\eclipse-workspace\OpenCartV121\master.xml

08:08:18.902 [main] DEBUG org.apache.poi.openxml4j.opc.PackageRelationshipCollection.parseRelationshipsPart(PackageRelationshipCollection.java:307)oggger - Parsing relationship: /xl/_rels/workbook.xml.rels
08:08:18.906 [main] DEBUG org.apache.poi.openxml4j.opc.PackageRelationshipCollection.parseRelationshipsPart(PackageRelationshipCollection.java:307)oggger - Parsing relationship: /xl/worksheets/_rels/sheet1.xml.rels
08:08:18.907 [main] DEBUG org.apache.poi.openxml4j.opc.PackageRelationshipCollection.parseRelationshipsPart(PackageRelationshipCollection.java:307)oggger - Parsing relationship: /_rels/.rels
08:08:19.840 [main] DEBUG org.apache.poi.openxml4j.opc.PackageRelationshipCollection.parseRelationshipsPart(PackageRelationshipCollection.java:307)oggger - Parsing relationship: /xl/_rels/workbook.xml.rels
08:08:19.842 [main] DEBUG org.apache.poi.openxml4j.opc.PackageRelationshipCollection.parseRelationshipsPart(PackageRelationshipCollection.java:307)oggger - Parsing relationship: /xl/worksheets/_rels/sheet1.xml.rels
08:08:19.843 [main] DEBUG org.apache.poi.openxml4j.opc.PackageRelationshipCollection.parseRelationshipsPart(PackageRelationshipCollection.java:307)oggger - Parsing relationship: /_rels/.rels
08:08:19.918 [main] DEBUG org.apache.poi.openxml4j.opc.PackageRelationshipCollection.parseRelationshipsPart(PackageRelationshipCollection.java:307)oggger - Parsing relationship: /xl/_rels/workbook.xml.rels
08:08:19.920 [main] DEBUG org.apache.poi.openxml4j.opc.PackageRelationshipCollection.parseRelationshipsPart(PackageRelationshipCollection.java:307)oggger - Parsing relationship: /xl/worksheets/_rels/sheet1.xml.rels
08:08:19.921 [main] DEBUG org.apache.poi.openxml4j.opc.PackageRelationshipCollection.parseRelationshipsPart(PackageRelationshipCollection.java:307)oggger - Parsing relationship: /_rels/.rels
08:08:19.968 [main] DEBUG org.apache.poi.openxml4j.opc.PackageRelationshipCollection.parseRelationshipsPart(PackageRelationshipCollection.java:307)oggger - Parsing relationship: /xl/_rels/workbook.xml.rels
08:08:19.969 [main] DEBUG org.apache.poi.openxml4j.opc.PackageRelationshipCollection.parseRelationshipsPart(PackageRelationshipCollection.java:307)oggger - Parsing relationship: /xl/worksheets/_rels/sheet1.xml.rels
08:08:19.970 [main] DEBUG org.apache.poi.openxml4j.opc.PackageRelationshipCollection.parseRelationshipsPart(PackageRelationshipCollection.java:307)oggger - Parsing relationship: /_rels/.rels
08:08:20.006 [main] DEBUG org.apache.poi.openxml4j.opc.PackageRelationshipCollection.parseRelationshipsPart(PackageRelationshipCollection.java:307)oggger - Parsing relationship: /xl/_rels/workbook.xml.rels
08:08:20.007 [main] DEBUG org.apache.poi.openxml4j.opc.PackageRelationshipCollection.parseRelationshipsPart(PackageRelationshipCollection.java:307)oggger - Parsing relationship: /xl/worksheets/_rels/sheet1.xml.rels
08:08:20.008 [main] DEBUG org.apache.poi.openxml4j.opc.PackageRelationshipCollection.parseRelationshipsPart(PackageRelationshipCollection.java:307)oggger - Parsing relationship: /_rels/.rels
08:08:20.040 [main] DEBUG org.apache.poi.openxml4j.opc.PackageRelationshipCollection.parseRelationshipsPart(PackageRelationshipCollection.java:307)oggger - Parsing relationship: /xl/_rels/workbook.xml.rels
08:08:20.041 [main] DEBUG org.apache.poi.openxml4j.opc.PackageRelationshipCollection.parseRelationshipsPart(PackageRelationshipCollection.java:307)oggger - Parsing relationship: /xl/worksheets/_rels/sheet1.xml.rels
08:08:20.042 [main] DEBUG org.apache.poi.openxml4j.opc.PackageRelationshipCollection.parseRelationshipsPart(PackageRelationshipCollection.java:307)oggger - Parsing relationship: /_rels/.rels
08:08:20.073 [main] DEBUG org.apache.poi.openxml4j.opc.PackageRelationshipCollection.parseRelationshipsPart(PackageRelationshipCollection.java:307)oggger - Parsing relationship: /xl/_rels/workbook.xml.rels
08:08:20.076 [main] DEBUG org.apache.poi.openxml4j.opc.PackageRelationshipCollection.parseRelationshipsPart(PackageRelationshipCollection.java:307)oggger - Parsing relationship: /xl/worksheets/_rels/sheet1.xml.rels
08:08:20.077 [main] DEBUG org.apache.poi.openxml4j.opc.PackageRelationshipCollection.parseRelationshipsPart(PackageRelationshipCollection.java:307)oggger - Parsing relationship: /_rels/.rels
08:08:20.116 [main] DEBUG org.apache.poi.openxml4j.opc.PackageRelationshipCollection.parseRelationshipsPart(PackageRelationshipCollection.java:307)oggger - Parsing relationship: /xl/_rels/workbook.xml.rels
08:08:20.117 [main] DEBUG org.apache.poi.openxml4j.opc.PackageRelationshipCollection.parseRelationshipsPart(PackageRelationshipCollection.java:307)oggger - Parsing relationship: /xl/worksheets/_rels/sheet1.xml.rels
08:08:20.118 [main] DEBUG org.apache.poi.openxml4j.opc.PackageRelationshipCollection.parseRelationshipsPart(PackageRelationshipCollection.java:307)oggger - Parsing relationship: /_rels/.rels
08:08:20.154 [main] DEBUG org.apache.poi.openxml4j.opc.PackageRelationshipCollection.parseRelationshipsPart(PackageRelationshipCollection.java:307)oggger - Parsing relationship: /xl/_rels/workbook.xml.rels
08:08:20.156 [main] DEBUG org.apache.poi.openxml4j.opc.PackageRelationshipCollection.parseRelationshipsPart(PackageRelationshipCollection.java:307)oggger - Parsing relationship: /xl/worksheets/_rels/sheet1.xml.rels
08:08:20.162 [main] DEBUG org.apache.poi.openxml4j.opc.PackageRelationshipCollection.parseRelationshipsPart(PackageRelationshipCollection.java:307)oggger - Parsing relationship: /_rels/.rels
08:08:20.215 [main] DEBUG org.apache.poi.openxml4j.opc.PackageRelationshipCollection.parseRelationshipsPart(PackageRelationshipCollection.java:307)oggger - Parsing relationship: /xl/_rels/workbook.xml.rels
08:08:20.217 [main] DEBUG org.apache.poi.openxml4j.opc.PackageRelationshipCollection.parseRelationshipsPart(PackageRelationshipCollection.java:307)oggger - Parsing relationship: /xl/worksheets/_rels/sheet1.xml.rels
08:08:20.220 [main] DEBUG org.apache.poi.openxml4j.opc.PackageRelationshipCollection.parseRelationshipsPart(PackageRelationshipCollection.java:307)oggger - Parsing relationship: /_rels/.rels
08:08:20.270 [main] DEBUG org.apache.poi.openxml4j.opc.PackageRelationshipCollection.parseRelationshipsPart(PackageRelationshipCollection.java:307)oggger - Parsing relationship: /xl/_rels/workbook.xml.rels
08:08:20.271 [main] DEBUG org.apache.poi.openxml4j.opc.PackageRelationshipCollection.parseRelationshipsPart(PackageRelationshipCollection.java:307)oggger - Parsing relationship: /xl/worksheets/_rels/sheet1.xml.rels
08:08:20.272 [main] DEBUG org.apache.poi.openxml4j.opc.PackageRelationshipCollection.parseRelationshipsPart(PackageRelationshipCollection.java:307)oggger - Parsing relationship: /_rels/.rels
08:08:20.313 [main] DEBUG org.apache.poi.openxml4j.opc.PackageRelationshipCollection.parseRelationshipsPart(PackageRelationshipCollection.java:307)oggger - Parsing relationship: /xl/_rels/workbook.xml.rels
08:08:20.314 [main] DEBUG org.apache.poi.openxml4j.opc.PackageRelationshipCollection.parseRelationshipsPart(PackageRelationshipCollection.java:307)oggger - Parsing relationship: /xl/worksheets/_rels/sheet1.xml.rels
08:08:20.317 [main] DEBUG org.apache.poi.openxml4j.opc.PackageRelationshipCollection.parseRelationshipsPart(PackageRelationshipCollection.java:307)oggger - Parsing relationship: /_rels/.rels
08:08:20.357 [main] DEBUG org.apache.poi.openxml4j.opc.PackageRelationshipCollection.parseRelationshipsPart(PackageRelationshipCollection.java:307)oggger - Parsing relationship: /xl/_rels/workbook.xml.rels
08:08:20.363 [main] DEBUG org.apache.poi.openxml4j.opc.PackageRelationshipCollection.parseRelationshipsPart(PackageRelationshipCollection.java:307)oggger - Parsing relationship: /xl/worksheets/_rels/sheet1.xml.rels
08:08:20.367 [main] DEBUG org.apache.poi.openxml4j.opc.PackageRelationshipCollection.parseRelationshipsPart(PackageRelationshipCollection.java:307)oggger - Parsing relationship: /_rels/.rels
08:08:20.397 [main] DEBUG org.apache.poi.openxml4j.opc.PackageRelationshipCollection.parseRelationshipsPart(PackageRelationshipCollection.java:307)oggger - Parsing relationship: /xl/_rels/workbook.xml.rels
08:08:20.398 [main] DEBUG org.apache.poi.openxml4j.opc.PackageRelationshipCollection.parseRelationshipsPart(PackageRelationshipCollection.java:307)oggger - Parsing relationship: /xl/worksheets/_rels/sheet1.xml.rels
08:08:20.400 [main] DEBUG org.apache.poi.openxml4j.opc.PackageRelationshipCollection.parseRelationshipsPart(PackageRelationshipCollection.java:307)oggger - Parsing relationship: /_rels/.rels
08:08:20.428 [main] DEBUG org.apache.poi.openxml4j.opc.PackageRelationshipCollection.parseRelationshipsPart(PackageRelationshipCollection.java:307)oggger - Parsing relationship: /xl/_rels/workbook.xml.rels
08:08:20.430 [main] DEBUG org.apache.poi.openxml4j.opc.PackageRelationshipCollection.parseRelationshipsPart(PackageRelationshipCollection.java:307)oggger - Parsing relationship: /xl/worksheets/_rels/sheet1.xml.rels
08:08:20.431 [main] DEBUG org.apache.poi.openxml4j.opc.PackageRelationshipCollection.parseRelationshipsPart(PackageRelationshipCollection.java:307)oggger - Parsing relationship: /_rels/.rels
08:08:20.459 [main] DEBUG org.apache.poi.openxml4j.opc.PackageRelationshipCollection.parseRelationshipsPart(PackageRelationshipCollection.java:307)oggger - Parsing relationship: /xl/_rels/workbook.xml.rels
08:08:20.460 [main] DEBUG org.apache.poi.openxml4j.opc.PackageRelationshipCollection.parseRelationshipsPart(PackageRelationshipCollection.java:307)oggger - Parsing relationship: /xl/worksheets/_rels/sheet1.xml.rels
08:08:20.461 [main] DEBUG org.apache.poi.openxml4j.opc.PackageRelationshipCollection.parseRelationshipsPart(PackageRelationshipCollection.java:307)oggger - Parsing relationship: /_rels/.rels
08:08:20.493 [main] DEBUG org.apache.poi.openxml4j.opc.PackageRelationshipCollection.parseRelationshipsPart(PackageRelationshipCollection.java:307)oggger - Parsing relationship: /xl/_rels/workbook.xml.rels
08:08:20.495 [main] DEBUG org.apache.poi.openxml4j.opc.PackageRelationshipCollection.parseRelationshipsPart(PackageRelationshipCollection.java:307)oggger - Parsing relationship: /xl/worksheets/_rels/sheet1.xml.rels
08:08:20.496 [main] DEBUG org.apache.poi.openxml4j.opc.PackageRelationshipCollection.parseRelationshipsPart(PackageRelationshipCollection.java:307)oggger - Parsing relationship: /_rels/.rels
08:08:20.533 [main] DEBUG org.apache.poi.openxml4j.opc.PackageRelationshipCollection.parseRelationshipsPart(PackageRelationshipCollection.java:307)oggger - Parsing relationship: /xl/_rels/workbook.xml.rels
08:08:20.535 [main] DEBUG org.apache.poi.openxml4j.opc.PackageRelationshipCollection.parseRelationshipsPart(PackageRelationshipCollection.java:307)oggger - Parsing relationship: /xl/worksheets/_rels/sheet1.xml.rels
08:08:20.536 [main] DEBUG org.apache.poi.openxml4j.opc.PackageRelationshipCollection.parseRelationshipsPart(PackageRelationshipCollection.java:307)oggger - Parsing relationship: /_rels/.rels
08:08:20.557 [main] DEBUG org.apache.poi.openxml4j.opc.PackageRelationshipCollection.parseRelationshipsPart(PackageRelationshipCollection.java:307)oggger - Parsing relationship: /xl/_rels/workbook.xml.rels
08:08:20.557 [main] DEBUG org.apache.poi.openxml4j.opc.PackageRelationshipCollection.parseRelationshipsPart(PackageRelationshipCollection.java:307)oggger - Parsing relationship: /xl/worksheets/_rels/sheet1.xml.rels
08:08:20.558 [main] DEBUG org.apache.poi.openxml4j.opc.PackageRelationshipCollection.parseRelationshipsPart(PackageRelationshipCollection.java:307)oggger - Parsing relationship: /_rels/.rels
08:08:20.574 [main] DEBUG org.apache.poi.openxml4j.opc.PackageRelationshipCollection.parseRelationshipsPart(PackageRelationshipCollection.java:307)oggger - Parsing relationship: /xl/_rels/workbook.xml.rels
08:08:20.575 [main] DEBUG org.apache.poi.openxml4j.opc.PackageRelationshipCollection.parseRelationshipsPart(PackageRelationshipCollection.java:307)oggger - Parsing relationship: /xl/worksheets/_rels/sheet1.xml.rels
08:08:20.576 [main] DEBUG org.apache.poi.openxml4j.opc.PackageRelationshipCollection.parseRelationshipsPart(PackageRelationshipCollection.java:307)oggger - Parsing relationship: /_rels/.rels
08:08:20.598 [main] DEBUG org.apache.poi.openxml4j.opc.PackageRelationshipCollection.parseRelationshipsPart(PackageRelationshipCollection.java:307)oggger - Parsing relationship: /xl/_rels/workbook.xml.rels
08:08:20.598 [main] DEBUG org.apache.poi.openxml4j.opc.PackageRelationshipCollection.parseRelationshipsPart(PackageRelationshipCollection.java:307)oggger - Parsing relationship: /xl/worksheets/_rels/sheet1.xml.rels
08:08:20.598 [main] DEBUG org.apache.poi.openxml4j.opc.PackageRelationshipCollection.parseRelationshipsPart(PackageRelationshipCollection.java:307)oggger - Parsing relationship: /_rels/.rels
08:08:20.614 [main] DEBUG org.apache.poi.openxml4j.opc.PackageRelationshipCollection.parseRelationshipsPart(PackageRelationshipCollection.java:307)oggger - Parsing relationship: /xl/_rels/workbook.xml.rels
08:08:20.615 [main] DEBUG org.apache.poi.openxml4j.opc.PackageRelationshipCollection.parseRelationshipsPart(PackageRelationshipCollection.java:307)oggger - Parsing relationship: /xl/worksheets/_rels/sheet1.xml.rels
08:08:20.615 [main] DEBUG org.apache.poi.openxml4j.opc.PackageRelationshipCollection.parseRelationshipsPart(PackageRelationshipCollection.java:307)oggger - Parsing relationship: /_rels/.rels
08:08:20.630 [main] DEBUG org.apache.poi.openxml4j.opc.PackageRelationshipCollection.parseRelationshipsPart(PackageRelationshipCollection.java:307)oggger - Parsing relationship: /xl/_rels/workbook.xml.rels
08:08:20.631 [main] DEBUG org.apache.poi.openxml4j.opc.PackageRelationshipCollection.parseRelationshipsPart(PackageRelationshipCollection.java:307)oggger - Parsing relationship: /xl/worksheets/_rels/sheet1.xml.rels
08:08:20.632 [main] DEBUG org.apache.poi.openxml4j.opc.PackageRelationshipCollection.parseRelationshipsPart(PackageRelationshipCollection.java:307)oggger - Parsing relationship: /_rels/.rels
08:08:20.661 [main] INFO  testClasses.TC003_LoginDDT.testLoginDDT(TC003_LoginDDT.java:26)oggger - ******Tesing TC003_LoginDDT started*******
08:08:21.137 [main] INFO  testClasses.TC003_LoginDDT.testLoginDDT(TC003_LoginDDT.java:32)oggger - ******On login page *******
08:08:21.332 [main] INFO  testClasses.TC003_LoginDDT.testLoginDDT(TC003_LoginDDT.java:38)oggger - ******on my account page*******
08:08:23.010 [main] ERROR testClasses.TC003_LoginDDT.testLoginDDT(TC003_LoginDDT.java:65)oggger - ****Error Logs****stale element reference: stale element not found
  (Session info: chrome=152.0.7977.83)
For documentation on this error, please visit: https://www.selenium.dev/documentation/webdriver/troubleshooting/errors#staleelementreferenceexception
Build info: version: '4.48.0', revision: '27f5213 27f5213055e28398a5105b7892b7a3bb2012a6ef'
System info: os.name: 'Windows Server 2025', os.arch: 'amd64', os.version: '10.0', java.version: '17.0.20.1'
Driver info: org.openqa.selenium.chrome.ChromeDriver
Command: [e3e51b3e56c1dc78ee60d30c1d2ada13, clickElement {id=f.C40FD11A1D20F3E0250E52758E93038C.d.ABAFFB23532305CC529389822B142DE6.e.100}]
Capabilities {acceptInsecureCerts: false, browserName: chrome, browserVersion: 152.0.7977.83, chrome: {chromedriverVersion: 152.0.7977.82 (d04cdb24d67b..., userDataDir: C:\Users\LOCAL_~1\Temp\scop...}, fedcm:accounts: true, goog:chromeOptions: {debuggerAddress: localhost:58012}, goog:processID: 17804, networkConnectionEnabled: false, pageLoadStrategy: normal, platformName: windows, proxy: Proxy(), se:cdp: ws://localhost:58012/devtoo..., se:cdpVersion: 152.0.7977.83, setWindowRect: true, strictFileInteractability: false, timeouts: {implicit: 0, pageLoad: 300000, script: 30000}, unhandledPromptBehavior: dismiss and notify, webauthn:extension:credBlob: true, webauthn:extension:largeBlob: true, webauthn:extension:minPinLength: true, webauthn:extension:prf: true, webauthn:virtualAuthenticators: true}
Element: [[ChromeDriver: chrome on windows (e3e51b3e56c1dc78ee60d30c1d2ada13)] -> xpath: //span[text()='My Account']]
Session ID: e3e51b3e56c1dc78ee60d30c1d2ada13
08:08:23.016 [main] ERROR baseTest.BaseTest.captureBrowserConsoleLogs(BaseTest.java:131)oggger - --- CAPTURING CHROME BROWSER CONSOLE LOGS ---
08:08:23.026 [main] INFO  testClasses.TC003_LoginDDT.testLoginDDT(TC003_LoginDDT.java:26)oggger - ******Tesing TC003_LoginDDT started*******
08:08:33.106 [main] ERROR testClasses.TC003_LoginDDT.testLoginDDT(TC003_LoginDDT.java:65)oggger - ****Error Logs****no such element: Unable to locate element: {"method":"xpath","selector":"//a[text()='Login']"}
  (Session info: chrome=152.0.7977.83)
For documentation on this error, please visit: https://www.selenium.dev/documentation/webdriver/troubleshooting/errors#nosuchelementexception
Build info: version: '4.48.0', revision: '27f5213 27f5213055e28398a5105b7892b7a3bb2012a6ef'
System info: os.name: 'Windows Server 2025', os.arch: 'amd64', os.version: '10.0', java.version: '17.0.20.1'
Driver info: org.openqa.selenium.chrome.ChromeDriver
Command: [e3e51b3e56c1dc78ee60d30c1d2ada13, findElement {value=//a[text()='Login'], using=xpath}]
Capabilities {acceptInsecureCerts: false, browserName: chrome, browserVersion: 152.0.7977.83, chrome: {chromedriverVersion: 152.0.7977.82 (d04cdb24d67b..., userDataDir: C:\Users\LOCAL_~1\Temp\scop...}, fedcm:accounts: true, goog:chromeOptions: {debuggerAddress: localhost:58012}, goog:processID: 17804, networkConnectionEnabled: false, pageLoadStrategy: normal, platformName: windows, proxy: Proxy(), se:cdp: ws://localhost:58012/devtoo..., se:cdpVersion: 152.0.7977.83, setWindowRect: true, strictFileInteractability: false, timeouts: {implicit: 0, pageLoad: 300000, script: 30000}, unhandledPromptBehavior: dismiss and notify, webauthn:extension:credBlob: true, webauthn:extension:largeBlob: true, webauthn:extension:minPinLength: true, webauthn:extension:prf: true, webauthn:virtualAuthenticators: true}
Session ID: e3e51b3e56c1dc78ee60d30c1d2ada13
08:08:33.106 [main] ERROR baseTest.BaseTest.captureBrowserConsoleLogs(BaseTest.java:131)oggger - --- CAPTURING CHROME BROWSER CONSOLE LOGS ---
08:08:33.119 [main] INFO  testClasses.TC003_LoginDDT.testLoginDDT(TC003_LoginDDT.java:26)oggger - ******Tesing TC003_LoginDDT started*******
08:08:43.204 [main] ERROR testClasses.TC003_LoginDDT.testLoginDDT(TC003_LoginDDT.java:65)oggger - ****Error Logs****no such element: Unable to locate element: {"method":"xpath","selector":"//a[text()='Login']"}
  (Session info: chrome=152.0.7977.83)
For documentation on this error, please visit: https://www.selenium.dev/documentation/webdriver/troubleshooting/errors#nosuchelementexception
Build info: version: '4.48.0', revision: '27f5213 27f5213055e28398a5105b7892b7a3bb2012a6ef'
System info: os.name: 'Windows Server 2025', os.arch: 'amd64', os.version: '10.0', java.version: '17.0.20.1'
Driver info: org.openqa.selenium.chrome.ChromeDriver
Command: [e3e51b3e56c1dc78ee60d30c1d2ada13, findElement {value=//a[text()='Login'], using=xpath}]
Capabilities {acceptInsecureCerts: false, browserName: chrome, browserVersion: 152.0.7977.83, chrome: {chromedriverVersion: 152.0.7977.82 (d04cdb24d67b..., userDataDir: C:\Users\LOCAL_~1\Temp\scop...}, fedcm:accounts: true, goog:chromeOptions: {debuggerAddress: localhost:58012}, goog:processID: 17804, networkConnectionEnabled: false, pageLoadStrategy: normal, platformName: windows, proxy: Proxy(), se:cdp: ws://localhost:58012/devtoo..., se:cdpVersion: 152.0.7977.83, setWindowRect: true, strictFileInteractability: false, timeouts: {implicit: 0, pageLoad: 300000, script: 30000}, unhandledPromptBehavior: dismiss and notify, webauthn:extension:credBlob: true, webauthn:extension:largeBlob: true, webauthn:extension:minPinLength: true, webauthn:extension:prf: true, webauthn:virtualAuthenticators: true}
Session ID: e3e51b3e56c1dc78ee60d30c1d2ada13
08:08:43.204 [main] ERROR baseTest.BaseTest.captureBrowserConsoleLogs(BaseTest.java:131)oggger - --- CAPTURING CHROME BROWSER CONSOLE LOGS ---
08:08:43.212 [main] INFO  testClasses.TC003_LoginDDT.testLoginDDT(TC003_LoginDDT.java:26)oggger - ******Tesing TC003_LoginDDT started*******
08:08:53.284 [main] ERROR testClasses.TC003_LoginDDT.testLoginDDT(TC003_LoginDDT.java:65)oggger - ****Error Logs****no such element: Unable to locate element: {"method":"xpath","selector":"//a[text()='Login']"}
  (Session info: chrome=152.0.7977.83)
For documentation on this error, please visit: https://www.selenium.dev/documentation/webdriver/troubleshooting/errors#nosuchelementexception
Build info: version: '4.48.0', revision: '27f5213 27f5213055e28398a5105b7892b7a3bb2012a6ef'
System info: os.name: 'Windows Server 2025', os.arch: 'amd64', os.version: '10.0', java.version: '17.0.20.1'
Driver info: org.openqa.selenium.chrome.ChromeDriver
Command: [e3e51b3e56c1dc78ee60d30c1d2ada13, findElement {value=//a[text()='Login'], using=xpath}]
Capabilities {acceptInsecureCerts: false, browserName: chrome, browserVersion: 152.0.7977.83, chrome: {chromedriverVersion: 152.0.7977.82 (d04cdb24d67b..., userDataDir: C:\Users\LOCAL_~1\Temp\scop...}, fedcm:accounts: true, goog:chromeOptions: {debuggerAddress: localhost:58012}, goog:processID: 17804, networkConnectionEnabled: false, pageLoadStrategy: normal, platformName: windows, proxy: Proxy(), se:cdp: ws://localhost:58012/devtoo..., se:cdpVersion: 152.0.7977.83, setWindowRect: true, strictFileInteractability: false, timeouts: {implicit: 0, pageLoad: 300000, script: 30000}, unhandledPromptBehavior: dismiss and notify, webauthn:extension:credBlob: true, webauthn:extension:largeBlob: true, webauthn:extension:minPinLength: true, webauthn:extension:prf: true, webauthn:virtualAuthenticators: true}
Session ID: e3e51b3e56c1dc78ee60d30c1d2ada13
08:08:53.284 [main] ERROR baseTest.BaseTest.captureBrowserConsoleLogs(BaseTest.java:131)oggger - --- CAPTURING CHROME BROWSER CONSOLE LOGS ---
08:08:53.295 [main] INFO  testClasses.TC003_LoginDDT.testLoginDDT(TC003_LoginDDT.java:26)oggger - ******Tesing TC003_LoginDDT started*******
08:09:03.363 [main] ERROR testClasses.TC003_LoginDDT.testLoginDDT(TC003_LoginDDT.java:65)oggger - ****Error Logs****no such element: Unable to locate element: {"method":"xpath","selector":"//a[text()='Login']"}
  (Session info: chrome=152.0.7977.83)
For documentation on this error, please visit: https://www.selenium.dev/documentation/webdriver/troubleshooting/errors#nosuchelementexception
Build info: version: '4.48.0', revision: '27f5213 27f5213055e28398a5105b7892b7a3bb2012a6ef'
System info: os.name: 'Windows Server 2025', os.arch: 'amd64', os.version: '10.0', java.version: '17.0.20.1'
Driver info: org.openqa.selenium.chrome.ChromeDriver
Command: [e3e51b3e56c1dc78ee60d30c1d2ada13, findElement {value=//a[text()='Login'], using=xpath}]
Capabilities {acceptInsecureCerts: false, browserName: chrome, browserVersion: 152.0.7977.83, chrome: {chromedriverVersion: 152.0.7977.82 (d04cdb24d67b..., userDataDir: C:\Users\LOCAL_~1\Temp\scop...}, fedcm:accounts: true, goog:chromeOptions: {debuggerAddress: localhost:58012}, goog:processID: 17804, networkConnectionEnabled: false, pageLoadStrategy: normal, platformName: windows, proxy: Proxy(), se:cdp: ws://localhost:58012/devtoo..., se:cdpVersion: 152.0.7977.83, setWindowRect: true, strictFileInteractability: false, timeouts: {implicit: 0, pageLoad: 300000, script: 30000}, unhandledPromptBehavior: dismiss and notify, webauthn:extension:credBlob: true, webauthn:extension:largeBlob: true, webauthn:extension:minPinLength: true, webauthn:extension:prf: true, webauthn:virtualAuthenticators: true}
Session ID: e3e51b3e56c1dc78ee60d30c1d2ada13
08:09:03.363 [main] ERROR baseTest.BaseTest.captureBrowserConsoleLogs(BaseTest.java:131)oggger - --- CAPTURING CHROME BROWSER CONSOLE LOGS ---
08:10:19.047 [main] DEBUG org.testng.log4testng.Logger.debug(Logger.java:82)oggger - suiteXmlPath: "C:\Users\VedaB\eclipse-workspace\OpenCartV121\master.xml"
08:10:19.835 [main] INFO  org.testng.log4testng.Logger.info(Logger.java:112)oggger - [TestNG] Running:
  C:\Users\VedaB\eclipse-workspace\OpenCartV121\master.xml

08:10:24.438 [main] DEBUG org.apache.poi.openxml4j.opc.PackageRelationshipCollection.parseRelationshipsPart(PackageRelationshipCollection.java:307)oggger - Parsing relationship: /xl/_rels/workbook.xml.rels
08:10:24.447 [main] DEBUG org.apache.poi.openxml4j.opc.PackageRelationshipCollection.parseRelationshipsPart(PackageRelationshipCollection.java:307)oggger - Parsing relationship: /xl/worksheets/_rels/sheet1.xml.rels
08:10:24.467 [main] DEBUG org.apache.poi.openxml4j.opc.PackageRelationshipCollection.parseRelationshipsPart(PackageRelationshipCollection.java:307)oggger - Parsing relationship: /_rels/.rels
08:10:25.556 [main] DEBUG org.apache.poi.openxml4j.opc.PackageRelationshipCollection.parseRelationshipsPart(PackageRelationshipCollection.java:307)oggger - Parsing relationship: /xl/_rels/workbook.xml.rels
08:10:25.558 [main] DEBUG org.apache.poi.openxml4j.opc.PackageRelationshipCollection.parseRelationshipsPart(PackageRelationshipCollection.java:307)oggger - Parsing relationship: /xl/worksheets/_rels/sheet1.xml.rels
08:10:25.560 [main] DEBUG org.apache.poi.openxml4j.opc.PackageRelationshipCollection.parseRelationshipsPart(PackageRelationshipCollection.java:307)oggger - Parsing relationship: /_rels/.rels
08:10:25.597 [main] DEBUG org.apache.poi.openxml4j.opc.PackageRelationshipCollection.parseRelationshipsPart(PackageRelationshipCollection.java:307)oggger - Parsing relationship: /xl/_rels/workbook.xml.rels
08:10:25.600 [main] DEBUG org.apache.poi.openxml4j.opc.PackageRelationshipCollection.parseRelationshipsPart(PackageRelationshipCollection.java:307)oggger - Parsing relationship: /xl/worksheets/_rels/sheet1.xml.rels
08:10:25.601 [main] DEBUG org.apache.poi.openxml4j.opc.PackageRelationshipCollection.parseRelationshipsPart(PackageRelationshipCollection.java:307)oggger - Parsing relationship: /_rels/.rels
08:10:25.639 [main] DEBUG org.apache.poi.openxml4j.opc.PackageRelationshipCollection.parseRelationshipsPart(PackageRelationshipCollection.java:307)oggger - Parsing relationship: /xl/_rels/workbook.xml.rels
08:10:25.640 [main] DEBUG org.apache.poi.openxml4j.opc.PackageRelationshipCollection.parseRelationshipsPart(PackageRelationshipCollection.java:307)oggger - Parsing relationship: /xl/worksheets/_rels/sheet1.xml.rels
08:10:25.641 [main] DEBUG org.apache.poi.openxml4j.opc.PackageRelationshipCollection.parseRelationshipsPart(PackageRelationshipCollection.java:307)oggger - Parsing relationship: /_rels/.rels
08:10:25.672 [main] DEBUG org.apache.poi.openxml4j.opc.PackageRelationshipCollection.parseRelationshipsPart(PackageRelationshipCollection.java:307)oggger - Parsing relationship: /xl/_rels/workbook.xml.rels
08:10:25.673 [main] DEBUG org.apache.poi.openxml4j.opc.PackageRelationshipCollection.parseRelationshipsPart(PackageRelationshipCollection.java:307)oggger - Parsing relationship: /xl/worksheets/_rels/sheet1.xml.rels
08:10:25.674 [main] DEBUG org.apache.poi.openxml4j.opc.PackageRelationshipCollection.parseRelationshipsPart(PackageRelationshipCollection.java:307)oggger - Parsing relationship: /_rels/.rels
08:10:25.705 [main] DEBUG org.apache.poi.openxml4j.opc.PackageRelationshipCollection.parseRelationshipsPart(PackageRelationshipCollection.java:307)oggger - Parsing relationship: /xl/_rels/workbook.xml.rels
08:10:25.706 [main] DEBUG org.apache.poi.openxml4j.opc.PackageRelationshipCollection.parseRelationshipsPart(PackageRelationshipCollection.java:307)oggger - Parsing relationship: /xl/worksheets/_rels/sheet1.xml.rels
08:10:25.707 [main] DEBUG org.apache.poi.openxml4j.opc.PackageRelationshipCollection.parseRelationshipsPart(PackageRelationshipCollection.java:307)oggger - Parsing relationship: /_rels/.rels
08:10:25.737 [main] DEBUG org.apache.poi.openxml4j.opc.PackageRelationshipCollection.parseRelationshipsPart(PackageRelationshipCollection.java:307)oggger - Parsing relationship: /xl/_rels/workbook.xml.rels
08:10:25.738 [main] DEBUG org.apache.poi.openxml4j.opc.PackageRelationshipCollection.parseRelationshipsPart(PackageRelationshipCollection.java:307)oggger - Parsing relationship: /xl/worksheets/_rels/sheet1.xml.rels
08:10:25.739 [main] DEBUG org.apache.poi.openxml4j.opc.PackageRelationshipCollection.parseRelationshipsPart(PackageRelationshipCollection.java:307)oggger - Parsing relationship: /_rels/.rels
08:10:25.760 [main] DEBUG org.apache.poi.openxml4j.opc.PackageRelationshipCollection.parseRelationshipsPart(PackageRelationshipCollection.java:307)oggger - Parsing relationship: /xl/_rels/workbook.xml.rels
08:10:25.761 [main] DEBUG org.apache.poi.openxml4j.opc.PackageRelationshipCollection.parseRelationshipsPart(PackageRelationshipCollection.java:307)oggger - Parsing relationship: /xl/worksheets/_rels/sheet1.xml.rels
08:10:25.762 [main] DEBUG org.apache.poi.openxml4j.opc.PackageRelationshipCollection.parseRelationshipsPart(PackageRelationshipCollection.java:307)oggger - Parsing relationship: /_rels/.rels
08:10:25.783 [main] DEBUG org.apache.poi.openxml4j.opc.PackageRelationshipCollection.parseRelationshipsPart(PackageRelationshipCollection.java:307)oggger - Parsing relationship: /xl/_rels/workbook.xml.rels
08:10:25.784 [main] DEBUG org.apache.poi.openxml4j.opc.PackageRelationshipCollection.parseRelationshipsPart(PackageRelationshipCollection.java:307)oggger - Parsing relationship: /xl/worksheets/_rels/sheet1.xml.rels
08:10:25.785 [main] DEBUG org.apache.poi.openxml4j.opc.PackageRelationshipCollection.parseRelationshipsPart(PackageRelationshipCollection.java:307)oggger - Parsing relationship: /_rels/.rels
08:10:25.804 [main] DEBUG org.apache.poi.openxml4j.opc.PackageRelationshipCollection.parseRelationshipsPart(PackageRelationshipCollection.java:307)oggger - Parsing relationship: /xl/_rels/workbook.xml.rels
08:10:25.805 [main] DEBUG org.apache.poi.openxml4j.opc.PackageRelationshipCollection.parseRelationshipsPart(PackageRelationshipCollection.java:307)oggger - Parsing relationship: /xl/worksheets/_rels/sheet1.xml.rels
08:10:25.806 [main] DEBUG org.apache.poi.openxml4j.opc.PackageRelationshipCollection.parseRelationshipsPart(PackageRelationshipCollection.java:307)oggger - Parsing relationship: /_rels/.rels
08:10:25.827 [main] DEBUG org.apache.poi.openxml4j.opc.PackageRelationshipCollection.parseRelationshipsPart(PackageRelationshipCollection.java:307)oggger - Parsing relationship: /xl/_rels/workbook.xml.rels
08:10:25.828 [main] DEBUG org.apache.poi.openxml4j.opc.PackageRelationshipCollection.parseRelationshipsPart(PackageRelationshipCollection.java:307)oggger - Parsing relationship: /xl/worksheets/_rels/sheet1.xml.rels
08:10:25.829 [main] DEBUG org.apache.poi.openxml4j.opc.PackageRelationshipCollection.parseRelationshipsPart(PackageRelationshipCollection.java:307)oggger - Parsing relationship: /_rels/.rels
08:10:25.846 [main] DEBUG org.apache.poi.openxml4j.opc.PackageRelationshipCollection.parseRelationshipsPart(PackageRelationshipCollection.java:307)oggger - Parsing relationship: /xl/_rels/workbook.xml.rels
08:10:25.847 [main] DEBUG org.apache.poi.openxml4j.opc.PackageRelationshipCollection.parseRelationshipsPart(PackageRelationshipCollection.java:307)oggger - Parsing relationship: /xl/worksheets/_rels/sheet1.xml.rels
08:10:25.848 [main] DEBUG org.apache.poi.openxml4j.opc.PackageRelationshipCollection.parseRelationshipsPart(PackageRelationshipCollection.java:307)oggger - Parsing relationship: /_rels/.rels
08:10:25.865 [main] DEBUG org.apache.poi.openxml4j.opc.PackageRelationshipCollection.parseRelationshipsPart(PackageRelationshipCollection.java:307)oggger - Parsing relationship: /xl/_rels/workbook.xml.rels
08:10:25.866 [main] DEBUG org.apache.poi.openxml4j.opc.PackageRelationshipCollection.parseRelationshipsPart(PackageRelationshipCollection.java:307)oggger - Parsing relationship: /xl/worksheets/_rels/sheet1.xml.rels
08:10:25.867 [main] DEBUG org.apache.poi.openxml4j.opc.PackageRelationshipCollection.parseRelationshipsPart(PackageRelationshipCollection.java:307)oggger - Parsing relationship: /_rels/.rels
08:10:25.884 [main] DEBUG org.apache.poi.openxml4j.opc.PackageRelationshipCollection.parseRelationshipsPart(PackageRelationshipCollection.java:307)oggger - Parsing relationship: /xl/_rels/workbook.xml.rels
08:10:25.884 [main] DEBUG org.apache.poi.openxml4j.opc.PackageRelationshipCollection.parseRelationshipsPart(PackageRelationshipCollection.java:307)oggger - Parsing relationship: /xl/worksheets/_rels/sheet1.xml.rels
08:10:25.885 [main] DEBUG org.apache.poi.openxml4j.opc.PackageRelationshipCollection.parseRelationshipsPart(PackageRelationshipCollection.java:307)oggger - Parsing relationship: /_rels/.rels
08:10:25.902 [main] DEBUG org.apache.poi.openxml4j.opc.PackageRelationshipCollection.parseRelationshipsPart(PackageRelationshipCollection.java:307)oggger - Parsing relationship: /xl/_rels/workbook.xml.rels
08:10:25.903 [main] DEBUG org.apache.poi.openxml4j.opc.PackageRelationshipCollection.parseRelationshipsPart(PackageRelationshipCollection.java:307)oggger - Parsing relationship: /xl/worksheets/_rels/sheet1.xml.rels
08:10:25.905 [main] DEBUG org.apache.poi.openxml4j.opc.PackageRelationshipCollection.parseRelationshipsPart(PackageRelationshipCollection.java:307)oggger - Parsing relationship: /_rels/.rels
08:10:25.922 [main] DEBUG org.apache.poi.openxml4j.opc.PackageRelationshipCollection.parseRelationshipsPart(PackageRelationshipCollection.java:307)oggger - Parsing relationship: /xl/_rels/workbook.xml.rels
08:10:25.922 [main] DEBUG org.apache.poi.openxml4j.opc.PackageRelationshipCollection.parseRelationshipsPart(PackageRelationshipCollection.java:307)oggger - Parsing relationship: /xl/worksheets/_rels/sheet1.xml.rels
08:10:25.923 [main] DEBUG org.apache.poi.openxml4j.opc.PackageRelationshipCollection.parseRelationshipsPart(PackageRelationshipCollection.java:307)oggger - Parsing relationship: /_rels/.rels
08:10:25.950 [main] DEBUG org.apache.poi.openxml4j.opc.PackageRelationshipCollection.parseRelationshipsPart(PackageRelationshipCollection.java:307)oggger - Parsing relationship: /xl/_rels/workbook.xml.rels
08:10:25.951 [main] DEBUG org.apache.poi.openxml4j.opc.PackageRelationshipCollection.parseRelationshipsPart(PackageRelationshipCollection.java:307)oggger - Parsing relationship: /xl/worksheets/_rels/sheet1.xml.rels
08:10:25.952 [main] DEBUG org.apache.poi.openxml4j.opc.PackageRelationshipCollection.parseRelationshipsPart(PackageRelationshipCollection.java:307)oggger - Parsing relationship: /_rels/.rels
08:10:25.971 [main] DEBUG org.apache.poi.openxml4j.opc.PackageRelationshipCollection.parseRelationshipsPart(PackageRelationshipCollection.java:307)oggger - Parsing relationship: /xl/_rels/workbook.xml.rels
08:10:25.972 [main] DEBUG org.apache.poi.openxml4j.opc.PackageRelationshipCollection.parseRelationshipsPart(PackageRelationshipCollection.java:307)oggger - Parsing relationship: /xl/worksheets/_rels/sheet1.xml.rels
08:10:25.973 [main] DEBUG org.apache.poi.openxml4j.opc.PackageRelationshipCollection.parseRelationshipsPart(PackageRelationshipCollection.java:307)oggger - Parsing relationship: /_rels/.rels
08:10:25.989 [main] DEBUG org.apache.poi.openxml4j.opc.PackageRelationshipCollection.parseRelationshipsPart(PackageRelationshipCollection.java:307)oggger - Parsing relationship: /xl/_rels/workbook.xml.rels
08:10:25.990 [main] DEBUG org.apache.poi.openxml4j.opc.PackageRelationshipCollection.parseRelationshipsPart(PackageRelationshipCollection.java:307)oggger - Parsing relationship: /xl/worksheets/_rels/sheet1.xml.rels
08:10:25.990 [main] DEBUG org.apache.poi.openxml4j.opc.PackageRelationshipCollection.parseRelationshipsPart(PackageRelationshipCollection.java:307)oggger - Parsing relationship: /_rels/.rels
08:10:26.005 [main] DEBUG org.apache.poi.openxml4j.opc.PackageRelationshipCollection.parseRelationshipsPart(PackageRelationshipCollection.java:307)oggger - Parsing relationship: /xl/_rels/workbook.xml.rels
08:10:26.006 [main] DEBUG org.apache.poi.openxml4j.opc.PackageRelationshipCollection.parseRelationshipsPart(PackageRelationshipCollection.java:307)oggger - Parsing relationship: /xl/worksheets/_rels/sheet1.xml.rels
08:10:26.007 [main] DEBUG org.apache.poi.openxml4j.opc.PackageRelationshipCollection.parseRelationshipsPart(PackageRelationshipCollection.java:307)oggger - Parsing relationship: /_rels/.rels
08:10:26.024 [main] DEBUG org.apache.poi.openxml4j.opc.PackageRelationshipCollection.parseRelationshipsPart(PackageRelationshipCollection.java:307)oggger - Parsing relationship: /xl/_rels/workbook.xml.rels
08:10:26.025 [main] DEBUG org.apache.poi.openxml4j.opc.PackageRelationshipCollection.parseRelationshipsPart(PackageRelationshipCollection.java:307)oggger - Parsing relationship: /xl/worksheets/_rels/sheet1.xml.rels
08:10:26.026 [main] DEBUG org.apache.poi.openxml4j.opc.PackageRelationshipCollection.parseRelationshipsPart(PackageRelationshipCollection.java:307)oggger - Parsing relationship: /_rels/.rels
08:10:26.043 [main] DEBUG org.apache.poi.openxml4j.opc.PackageRelationshipCollection.parseRelationshipsPart(PackageRelationshipCollection.java:307)oggger - Parsing relationship: /xl/_rels/workbook.xml.rels
08:10:26.044 [main] DEBUG org.apache.poi.openxml4j.opc.PackageRelationshipCollection.parseRelationshipsPart(PackageRelationshipCollection.java:307)oggger - Parsing relationship: /xl/worksheets/_rels/sheet1.xml.rels
08:10:26.045 [main] DEBUG org.apache.poi.openxml4j.opc.PackageRelationshipCollection.parseRelationshipsPart(PackageRelationshipCollection.java:307)oggger - Parsing relationship: /_rels/.rels
08:10:26.061 [main] DEBUG org.apache.poi.openxml4j.opc.PackageRelationshipCollection.parseRelationshipsPart(PackageRelationshipCollection.java:307)oggger - Parsing relationship: /xl/_rels/workbook.xml.rels
08:10:26.062 [main] DEBUG org.apache.poi.openxml4j.opc.PackageRelationshipCollection.parseRelationshipsPart(PackageRelationshipCollection.java:307)oggger - Parsing relationship: /xl/worksheets/_rels/sheet1.xml.rels
08:10:26.062 [main] DEBUG org.apache.poi.openxml4j.opc.PackageRelationshipCollection.parseRelationshipsPart(PackageRelationshipCollection.java:307)oggger - Parsing relationship: /_rels/.rels
08:10:26.095 [main] INFO  testClasses.TC003_LoginDDT.testLoginDDT(TC003_LoginDDT.java:26)oggger - ******Tesing TC003_LoginDDT started*******
08:10:26.578 [main] INFO  testClasses.TC003_LoginDDT.testLoginDDT(TC003_LoginDDT.java:32)oggger - ******On login page *******
08:10:26.763 [main] INFO  testClasses.TC003_LoginDDT.testLoginDDT(TC003_LoginDDT.java:38)oggger - ******on my account page*******
08:10:28.034 [main] ERROR testClasses.TC003_LoginDDT.testLoginDDT(TC003_LoginDDT.java:65)oggger - ****Error Logs****stale element reference: stale element not found
  (Session info: chrome=152.0.7977.83)
For documentation on this error, please visit: https://www.selenium.dev/documentation/webdriver/troubleshooting/errors#staleelementreferenceexception
Build info: version: '4.48.0', revision: '27f5213 27f5213055e28398a5105b7892b7a3bb2012a6ef'
System info: os.name: 'Windows Server 2025', os.arch: 'amd64', os.version: '10.0', java.version: '17.0.20.1'
Driver info: org.openqa.selenium.chrome.ChromeDriver
Command: [0bd6127799681eed8111c50d9f051e10, clickElement {id=f.AF38DA614F1A8AB823457EE8895B9A24.d.CD091A9ED1AD8D0D49786F69BCE6569E.e.106}]
Capabilities {acceptInsecureCerts: false, browserName: chrome, browserVersion: 152.0.7977.83, chrome: {chromedriverVersion: 152.0.7977.82 (d04cdb24d67b..., userDataDir: C:\Users\LOCAL_~1\Temp\scop...}, fedcm:accounts: true, goog:chromeOptions: {debuggerAddress: localhost:61966}, goog:processID: 18784, networkConnectionEnabled: false, pageLoadStrategy: normal, platformName: windows, proxy: Proxy(), se:cdp: ws://localhost:61966/devtoo..., se:cdpVersion: 152.0.7977.83, setWindowRect: true, strictFileInteractability: false, timeouts: {implicit: 0, pageLoad: 300000, script: 30000}, unhandledPromptBehavior: dismiss and notify, webauthn:extension:credBlob: true, webauthn:extension:largeBlob: true, webauthn:extension:minPinLength: true, webauthn:extension:prf: true, webauthn:virtualAuthenticators: true}
Element: [[ChromeDriver: chrome on windows (0bd6127799681eed8111c50d9f051e10)] -> xpath: //span[text()='My Account']]
Session ID: 0bd6127799681eed8111c50d9f051e10
08:10:28.040 [main] ERROR baseTest.BaseTest.captureBrowserConsoleLogs(BaseTest.java:131)oggger - --- CAPTURING CHROME BROWSER CONSOLE LOGS ---
08:10:28.051 [main] INFO  testClasses.TC003_LoginDDT.testLoginDDT(TC003_LoginDDT.java:26)oggger - ******Tesing TC003_LoginDDT started*******
08:10:38.162 [main] ERROR testClasses.TC003_LoginDDT.testLoginDDT(TC003_LoginDDT.java:65)oggger - ****Error Logs****no such element: Unable to locate element: {"method":"xpath","selector":"//a[text()='Login']"}
  (Session info: chrome=152.0.7977.83)
For documentation on this error, please visit: https://www.selenium.dev/documentation/webdriver/troubleshooting/errors#nosuchelementexception
Build info: version: '4.48.0', revision: '27f5213 27f5213055e28398a5105b7892b7a3bb2012a6ef'
System info: os.name: 'Windows Server 2025', os.arch: 'amd64', os.version: '10.0', java.version: '17.0.20.1'
Driver info: org.openqa.selenium.chrome.ChromeDriver
Command: [0bd6127799681eed8111c50d9f051e10, findElement {using=xpath, value=//a[text()='Login']}]
Capabilities {acceptInsecureCerts: false, browserName: chrome, browserVersion: 152.0.7977.83, chrome: {chromedriverVersion: 152.0.7977.82 (d04cdb24d67b..., userDataDir: C:\Users\LOCAL_~1\Temp\scop...}, fedcm:accounts: true, goog:chromeOptions: {debuggerAddress: localhost:61966}, goog:processID: 18784, networkConnectionEnabled: false, pageLoadStrategy: normal, platformName: windows, proxy: Proxy(), se:cdp: ws://localhost:61966/devtoo..., se:cdpVersion: 152.0.7977.83, setWindowRect: true, strictFileInteractability: false, timeouts: {implicit: 0, pageLoad: 300000, script: 30000}, unhandledPromptBehavior: dismiss and notify, webauthn:extension:credBlob: true, webauthn:extension:largeBlob: true, webauthn:extension:minPinLength: true, webauthn:extension:prf: true, webauthn:virtualAuthenticators: true}
Session ID: 0bd6127799681eed8111c50d9f051e10
08:10:38.169 [main] ERROR baseTest.BaseTest.captureBrowserConsoleLogs(BaseTest.java:131)oggger - --- CAPTURING CHROME BROWSER CONSOLE LOGS ---
08:10:38.175 [main] INFO  testClasses.TC003_LoginDDT.testLoginDDT(TC003_LoginDDT.java:26)oggger - ******Tesing TC003_LoginDDT started*******
08:10:48.225 [main] ERROR testClasses.TC003_LoginDDT.testLoginDDT(TC003_LoginDDT.java:65)oggger - ****Error Logs****no such element: Unable to locate element: {"method":"xpath","selector":"//a[text()='Login']"}
  (Session info: chrome=152.0.7977.83)
For documentation on this error, please visit: https://www.selenium.dev/documentation/webdriver/troubleshooting/errors#nosuchelementexception
Build info: version: '4.48.0', revision: '27f5213 27f5213055e28398a5105b7892b7a3bb2012a6ef'
System info: os.name: 'Windows Server 2025', os.arch: 'amd64', os.version: '10.0', java.version: '17.0.20.1'
Driver info: org.openqa.selenium.chrome.ChromeDriver
Command: [0bd6127799681eed8111c50d9f051e10, findElement {using=xpath, value=//a[text()='Login']}]
Capabilities {acceptInsecureCerts: false, browserName: chrome, browserVersion: 152.0.7977.83, chrome: {chromedriverVersion: 152.0.7977.82 (d04cdb24d67b..., userDataDir: C:\Users\LOCAL_~1\Temp\scop...}, fedcm:accounts: true, goog:chromeOptions: {debuggerAddress: localhost:61966}, goog:processID: 18784, networkConnectionEnabled: false, pageLoadStrategy: normal, platformName: windows, proxy: Proxy(), se:cdp: ws://localhost:61966/devtoo..., se:cdpVersion: 152.0.7977.83, setWindowRect: true, strictFileInteractability: false, timeouts: {implicit: 0, pageLoad: 300000, script: 30000}, unhandledPromptBehavior: dismiss and notify, webauthn:extension:credBlob: true, webauthn:extension:largeBlob: true, webauthn:extension:minPinLength: true, webauthn:extension:prf: true, webauthn:virtualAuthenticators: true}
Session ID: 0bd6127799681eed8111c50d9f051e10
08:10:48.228 [main] ERROR baseTest.BaseTest.captureBrowserConsoleLogs(BaseTest.java:131)oggger - --- CAPTURING CHROME BROWSER CONSOLE LOGS ---
08:10:48.232 [main] INFO  testClasses.TC003_LoginDDT.testLoginDDT(TC003_LoginDDT.java:26)oggger - ******Tesing TC003_LoginDDT started*******
08:10:58.317 [main] ERROR testClasses.TC003_LoginDDT.testLoginDDT(TC003_LoginDDT.java:65)oggger - ****Error Logs****no such element: Unable to locate element: {"method":"xpath","selector":"//a[text()='Login']"}
  (Session info: chrome=152.0.7977.83)
For documentation on this error, please visit: https://www.selenium.dev/documentation/webdriver/troubleshooting/errors#nosuchelementexception
Build info: version: '4.48.0', revision: '27f5213 27f5213055e28398a5105b7892b7a3bb2012a6ef'
System info: os.name: 'Windows Server 2025', os.arch: 'amd64', os.version: '10.0', java.version: '17.0.20.1'
Driver info: org.openqa.selenium.chrome.ChromeDriver
Command: [0bd6127799681eed8111c50d9f051e10, findElement {using=xpath, value=//a[text()='Login']}]
Capabilities {acceptInsecureCerts: false, browserName: chrome, browserVersion: 152.0.7977.83, chrome: {chromedriverVersion: 152.0.7977.82 (d04cdb24d67b..., userDataDir: C:\Users\LOCAL_~1\Temp\scop...}, fedcm:accounts: true, goog:chromeOptions: {debuggerAddress: localhost:61966}, goog:processID: 18784, networkConnectionEnabled: false, pageLoadStrategy: normal, platformName: windows, proxy: Proxy(), se:cdp: ws://localhost:61966/devtoo..., se:cdpVersion: 152.0.7977.83, setWindowRect: true, strictFileInteractability: false, timeouts: {implicit: 0, pageLoad: 300000, script: 30000}, unhandledPromptBehavior: dismiss and notify, webauthn:extension:credBlob: true, webauthn:extension:largeBlob: true, webauthn:extension:minPinLength: true, webauthn:extension:prf: true, webauthn:virtualAuthenticators: true}
Session ID: 0bd6127799681eed8111c50d9f051e10
08:10:58.321 [main] ERROR baseTest.BaseTest.captureBrowserConsoleLogs(BaseTest.java:131)oggger - --- CAPTURING CHROME BROWSER CONSOLE LOGS ---
08:10:58.324 [main] INFO  testClasses.TC003_LoginDDT.testLoginDDT(TC003_LoginDDT.java:26)oggger - ******Tesing TC003_LoginDDT started*******
08:11:08.390 [main] ERROR testClasses.TC003_LoginDDT.testLoginDDT(TC003_LoginDDT.java:65)oggger - ****Error Logs****no such element: Unable to locate element: {"method":"xpath","selector":"//a[text()='Login']"}
  (Session info: chrome=152.0.7977.83)
For documentation on this error, please visit: https://www.selenium.dev/documentation/webdriver/troubleshooting/errors#nosuchelementexception
Build info: version: '4.48.0', revision: '27f5213 27f5213055e28398a5105b7892b7a3bb2012a6ef'
System info: os.name: 'Windows Server 2025', os.arch: 'amd64', os.version: '10.0', java.version: '17.0.20.1'
Driver info: org.openqa.selenium.chrome.ChromeDriver
Command: [0bd6127799681eed8111c50d9f051e10, findElement {using=xpath, value=//a[text()='Login']}]
Capabilities {acceptInsecureCerts: false, browserName: chrome, browserVersion: 152.0.7977.83, chrome: {chromedriverVersion: 152.0.7977.82 (d04cdb24d67b..., userDataDir: C:\Users\LOCAL_~1\Temp\scop...}, fedcm:accounts: true, goog:chromeOptions: {debuggerAddress: localhost:61966}, goog:processID: 18784, networkConnectionEnabled: false, pageLoadStrategy: normal, platformName: windows, proxy: Proxy(), se:cdp: ws://localhost:61966/devtoo..., se:cdpVersion: 152.0.7977.83, setWindowRect: true, strictFileInteractability: false, timeouts: {implicit: 0, pageLoad: 300000, script: 30000}, unhandledPromptBehavior: dismiss and notify, webauthn:extension:credBlob: true, webauthn:extension:largeBlob: true, webauthn:extension:minPinLength: true, webauthn:extension:prf: true, webauthn:virtualAuthenticators: true}
Session ID: 0bd6127799681eed8111c50d9f051e10
08:11:08.393 [main] ERROR baseTest.BaseTest.captureBrowserConsoleLogs(BaseTest.java:131)oggger - --- CAPTURING CHROME BROWSER CONSOLE LOGS ---
08:11:33.426 [main] DEBUG org.testng.log4testng.Logger.debug(Logger.java:82)oggger - suiteXmlPath: "C:\Users\VedaB\eclipse-workspace\OpenCartV121\master.xml"
08:11:34.160 [main] INFO  org.testng.log4testng.Logger.info(Logger.java:112)oggger - [TestNG] Running:
  C:\Users\VedaB\eclipse-workspace\OpenCartV121\master.xml

08:11:38.601 [main] DEBUG org.apache.poi.openxml4j.opc.PackageRelationshipCollection.parseRelationshipsPart(PackageRelationshipCollection.java:307)oggger - Parsing relationship: /xl/_rels/workbook.xml.rels
08:11:38.604 [main] DEBUG org.apache.poi.openxml4j.opc.PackageRelationshipCollection.parseRelationshipsPart(PackageRelationshipCollection.java:307)oggger - Parsing relationship: /xl/worksheets/_rels/sheet1.xml.rels
08:11:38.607 [main] DEBUG org.apache.poi.openxml4j.opc.PackageRelationshipCollection.parseRelationshipsPart(PackageRelationshipCollection.java:307)oggger - Parsing relationship: /_rels/.rels
08:11:39.549 [main] DEBUG org.apache.poi.openxml4j.opc.PackageRelationshipCollection.parseRelationshipsPart(PackageRelationshipCollection.java:307)oggger - Parsing relationship: /xl/_rels/workbook.xml.rels
08:11:39.551 [main] DEBUG org.apache.poi.openxml4j.opc.PackageRelationshipCollection.parseRelationshipsPart(PackageRelationshipCollection.java:307)oggger - Parsing relationship: /xl/worksheets/_rels/sheet1.xml.rels
08:11:39.551 [main] DEBUG org.apache.poi.openxml4j.opc.PackageRelationshipCollection.parseRelationshipsPart(PackageRelationshipCollection.java:307)oggger - Parsing relationship: /_rels/.rels
08:11:39.584 [main] DEBUG org.apache.poi.openxml4j.opc.PackageRelationshipCollection.parseRelationshipsPart(PackageRelationshipCollection.java:307)oggger - Parsing relationship: /xl/_rels/workbook.xml.rels
08:11:39.586 [main] DEBUG org.apache.poi.openxml4j.opc.PackageRelationshipCollection.parseRelationshipsPart(PackageRelationshipCollection.java:307)oggger - Parsing relationship: /xl/worksheets/_rels/sheet1.xml.rels
08:11:39.588 [main] DEBUG org.apache.poi.openxml4j.opc.PackageRelationshipCollection.parseRelationshipsPart(PackageRelationshipCollection.java:307)oggger - Parsing relationship: /_rels/.rels
08:11:39.628 [main] DEBUG org.apache.poi.openxml4j.opc.PackageRelationshipCollection.parseRelationshipsPart(PackageRelationshipCollection.java:307)oggger - Parsing relationship: /xl/_rels/workbook.xml.rels
08:11:39.630 [main] DEBUG org.apache.poi.openxml4j.opc.PackageRelationshipCollection.parseRelationshipsPart(PackageRelationshipCollection.java:307)oggger - Parsing relationship: /xl/worksheets/_rels/sheet1.xml.rels
08:11:39.630 [main] DEBUG org.apache.poi.openxml4j.opc.PackageRelationshipCollection.parseRelationshipsPart(PackageRelationshipCollection.java:307)oggger - Parsing relationship: /_rels/.rels
08:11:39.656 [main] DEBUG org.apache.poi.openxml4j.opc.PackageRelationshipCollection.parseRelationshipsPart(PackageRelationshipCollection.java:307)oggger - Parsing relationship: /xl/_rels/workbook.xml.rels
08:11:39.661 [main] DEBUG org.apache.poi.openxml4j.opc.PackageRelationshipCollection.parseRelationshipsPart(PackageRelationshipCollection.java:307)oggger - Parsing relationship: /xl/worksheets/_rels/sheet1.xml.rels
08:11:39.663 [main] DEBUG org.apache.poi.openxml4j.opc.PackageRelationshipCollection.parseRelationshipsPart(PackageRelationshipCollection.java:307)oggger - Parsing relationship: /_rels/.rels
08:11:39.688 [main] DEBUG org.apache.poi.openxml4j.opc.PackageRelationshipCollection.parseRelationshipsPart(PackageRelationshipCollection.java:307)oggger - Parsing relationship: /xl/_rels/workbook.xml.rels
08:11:39.690 [main] DEBUG org.apache.poi.openxml4j.opc.PackageRelationshipCollection.parseRelationshipsPart(PackageRelationshipCollection.java:307)oggger - Parsing relationship: /xl/worksheets/_rels/sheet1.xml.rels
08:11:39.690 [main] DEBUG org.apache.poi.openxml4j.opc.PackageRelationshipCollection.parseRelationshipsPart(PackageRelationshipCollection.java:307)oggger - Parsing relationship: /_rels/.rels
08:11:39.715 [main] DEBUG org.apache.poi.openxml4j.opc.PackageRelationshipCollection.parseRelationshipsPart(PackageRelationshipCollection.java:307)oggger - Parsing relationship: /xl/_rels/workbook.xml.rels
08:11:39.717 [main] DEBUG org.apache.poi.openxml4j.opc.PackageRelationshipCollection.parseRelationshipsPart(PackageRelationshipCollection.java:307)oggger - Parsing relationship: /xl/worksheets/_rels/sheet1.xml.rels
08:11:39.717 [main] DEBUG org.apache.poi.openxml4j.opc.PackageRelationshipCollection.parseRelationshipsPart(PackageRelationshipCollection.java:307)oggger - Parsing relationship: /_rels/.rels
08:11:39.743 [main] DEBUG org.apache.poi.openxml4j.opc.PackageRelationshipCollection.parseRelationshipsPart(PackageRelationshipCollection.java:307)oggger - Parsing relationship: /xl/_rels/workbook.xml.rels
08:11:39.745 [main] DEBUG org.apache.poi.openxml4j.opc.PackageRelationshipCollection.parseRelationshipsPart(PackageRelationshipCollection.java:307)oggger - Parsing relationship: /xl/worksheets/_rels/sheet1.xml.rels
08:11:39.745 [main] DEBUG org.apache.poi.openxml4j.opc.PackageRelationshipCollection.parseRelationshipsPart(PackageRelationshipCollection.java:307)oggger - Parsing relationship: /_rels/.rels
08:11:39.767 [main] DEBUG org.apache.poi.openxml4j.opc.PackageRelationshipCollection.parseRelationshipsPart(PackageRelationshipCollection.java:307)oggger - Parsing relationship: /xl/_rels/workbook.xml.rels
08:11:39.767 [main] DEBUG org.apache.poi.openxml4j.opc.PackageRelationshipCollection.parseRelationshipsPart(PackageRelationshipCollection.java:307)oggger - Parsing relationship: /xl/worksheets/_rels/sheet1.xml.rels
08:11:39.769 [main] DEBUG org.apache.poi.openxml4j.opc.PackageRelationshipCollection.parseRelationshipsPart(PackageRelationshipCollection.java:307)oggger - Parsing relationship: /_rels/.rels
08:11:39.790 [main] DEBUG org.apache.poi.openxml4j.opc.PackageRelationshipCollection.parseRelationshipsPart(PackageRelationshipCollection.java:307)oggger - Parsing relationship: /xl/_rels/workbook.xml.rels
08:11:39.790 [main] DEBUG org.apache.poi.openxml4j.opc.PackageRelationshipCollection.parseRelationshipsPart(PackageRelationshipCollection.java:307)oggger - Parsing relationship: /xl/worksheets/_rels/sheet1.xml.rels
08:11:39.792 [main] DEBUG org.apache.poi.openxml4j.opc.PackageRelationshipCollection.parseRelationshipsPart(PackageRelationshipCollection.java:307)oggger - Parsing relationship: /_rels/.rels
08:11:39.810 [main] DEBUG org.apache.poi.openxml4j.opc.PackageRelationshipCollection.parseRelationshipsPart(PackageRelationshipCollection.java:307)oggger - Parsing relationship: /xl/_rels/workbook.xml.rels
08:11:39.812 [main] DEBUG org.apache.poi.openxml4j.opc.PackageRelationshipCollection.parseRelationshipsPart(PackageRelationshipCollection.java:307)oggger - Parsing relationship: /xl/worksheets/_rels/sheet1.xml.rels
08:11:39.812 [main] DEBUG org.apache.poi.openxml4j.opc.PackageRelationshipCollection.parseRelationshipsPart(PackageRelationshipCollection.java:307)oggger - Parsing relationship: /_rels/.rels
08:11:39.838 [main] DEBUG org.apache.poi.openxml4j.opc.PackageRelationshipCollection.parseRelationshipsPart(PackageRelationshipCollection.java:307)oggger - Parsing relationship: /xl/_rels/workbook.xml.rels
08:11:39.838 [main] DEBUG org.apache.poi.openxml4j.opc.PackageRelationshipCollection.parseRelationshipsPart(PackageRelationshipCollection.java:307)oggger - Parsing relationship: /xl/worksheets/_rels/sheet1.xml.rels
08:11:39.840 [main] DEBUG org.apache.poi.openxml4j.opc.PackageRelationshipCollection.parseRelationshipsPart(PackageRelationshipCollection.java:307)oggger - Parsing relationship: /_rels/.rels
08:11:39.865 [main] DEBUG org.apache.poi.openxml4j.opc.PackageRelationshipCollection.parseRelationshipsPart(PackageRelationshipCollection.java:307)oggger - Parsing relationship: /xl/_rels/workbook.xml.rels
08:11:39.867 [main] DEBUG org.apache.poi.openxml4j.opc.PackageRelationshipCollection.parseRelationshipsPart(PackageRelationshipCollection.java:307)oggger - Parsing relationship: /xl/worksheets/_rels/sheet1.xml.rels
08:11:39.869 [main] DEBUG org.apache.poi.openxml4j.opc.PackageRelationshipCollection.parseRelationshipsPart(PackageRelationshipCollection.java:307)oggger - Parsing relationship: /_rels/.rels
08:11:39.906 [main] DEBUG org.apache.poi.openxml4j.opc.PackageRelationshipCollection.parseRelationshipsPart(PackageRelationshipCollection.java:307)oggger - Parsing relationship: /xl/_rels/workbook.xml.rels
08:11:39.906 [main] DEBUG org.apache.poi.openxml4j.opc.PackageRelationshipCollection.parseRelationshipsPart(PackageRelationshipCollection.java:307)oggger - Parsing relationship: /xl/worksheets/_rels/sheet1.xml.rels
08:11:39.908 [main] DEBUG org.apache.poi.openxml4j.opc.PackageRelationshipCollection.parseRelationshipsPart(PackageRelationshipCollection.java:307)oggger - Parsing relationship: /_rels/.rels
08:11:39.940 [main] DEBUG org.apache.poi.openxml4j.opc.PackageRelationshipCollection.parseRelationshipsPart(PackageRelationshipCollection.java:307)oggger - Parsing relationship: /xl/_rels/workbook.xml.rels
08:11:39.942 [main] DEBUG org.apache.poi.openxml4j.opc.PackageRelationshipCollection.parseRelationshipsPart(PackageRelationshipCollection.java:307)oggger - Parsing relationship: /xl/worksheets/_rels/sheet1.xml.rels
08:11:39.943 [main] DEBUG org.apache.poi.openxml4j.opc.PackageRelationshipCollection.parseRelationshipsPart(PackageRelationshipCollection.java:307)oggger - Parsing relationship: /_rels/.rels
08:11:39.981 [main] DEBUG org.apache.poi.openxml4j.opc.PackageRelationshipCollection.parseRelationshipsPart(PackageRelationshipCollection.java:307)oggger - Parsing relationship: /xl/_rels/workbook.xml.rels
08:11:39.982 [main] DEBUG org.apache.poi.openxml4j.opc.PackageRelationshipCollection.parseRelationshipsPart(PackageRelationshipCollection.java:307)oggger - Parsing relationship: /xl/worksheets/_rels/sheet1.xml.rels
08:11:39.983 [main] DEBUG org.apache.poi.openxml4j.opc.PackageRelationshipCollection.parseRelationshipsPart(PackageRelationshipCollection.java:307)oggger - Parsing relationship: /_rels/.rels
08:11:40.038 [main] DEBUG org.apache.poi.openxml4j.opc.PackageRelationshipCollection.parseRelationshipsPart(PackageRelationshipCollection.java:307)oggger - Parsing relationship: /xl/_rels/workbook.xml.rels
08:11:40.039 [main] DEBUG org.apache.poi.openxml4j.opc.PackageRelationshipCollection.parseRelationshipsPart(PackageRelationshipCollection.java:307)oggger - Parsing relationship: /xl/worksheets/_rels/sheet1.xml.rels
08:11:40.040 [main] DEBUG org.apache.poi.openxml4j.opc.PackageRelationshipCollection.parseRelationshipsPart(PackageRelationshipCollection.java:307)oggger - Parsing relationship: /_rels/.rels
08:11:40.060 [main] DEBUG org.apache.poi.openxml4j.opc.PackageRelationshipCollection.parseRelationshipsPart(PackageRelationshipCollection.java:307)oggger - Parsing relationship: /xl/_rels/workbook.xml.rels
08:11:40.062 [main] DEBUG org.apache.poi.openxml4j.opc.PackageRelationshipCollection.parseRelationshipsPart(PackageRelationshipCollection.java:307)oggger - Parsing relationship: /xl/worksheets/_rels/sheet1.xml.rels
08:11:40.063 [main] DEBUG org.apache.poi.openxml4j.opc.PackageRelationshipCollection.parseRelationshipsPart(PackageRelationshipCollection.java:307)oggger - Parsing relationship: /_rels/.rels
08:11:40.128 [main] DEBUG org.apache.poi.openxml4j.opc.PackageRelationshipCollection.parseRelationshipsPart(PackageRelationshipCollection.java:307)oggger - Parsing relationship: /xl/_rels/workbook.xml.rels
08:11:40.129 [main] DEBUG org.apache.poi.openxml4j.opc.PackageRelationshipCollection.parseRelationshipsPart(PackageRelationshipCollection.java:307)oggger - Parsing relationship: /xl/worksheets/_rels/sheet1.xml.rels
08:11:40.130 [main] DEBUG org.apache.poi.openxml4j.opc.PackageRelationshipCollection.parseRelationshipsPart(PackageRelationshipCollection.java:307)oggger - Parsing relationship: /_rels/.rels
08:11:40.145 [main] DEBUG org.apache.poi.openxml4j.opc.PackageRelationshipCollection.parseRelationshipsPart(PackageRelationshipCollection.java:307)oggger - Parsing relationship: /xl/_rels/workbook.xml.rels
08:11:40.146 [main] DEBUG org.apache.poi.openxml4j.opc.PackageRelationshipCollection.parseRelationshipsPart(PackageRelationshipCollection.java:307)oggger - Parsing relationship: /xl/worksheets/_rels/sheet1.xml.rels
08:11:40.146 [main] DEBUG org.apache.poi.openxml4j.opc.PackageRelationshipCollection.parseRelationshipsPart(PackageRelationshipCollection.java:307)oggger - Parsing relationship: /_rels/.rels
08:11:40.163 [main] DEBUG org.apache.poi.openxml4j.opc.PackageRelationshipCollection.parseRelationshipsPart(PackageRelationshipCollection.java:307)oggger - Parsing relationship: /xl/_rels/workbook.xml.rels
08:11:40.164 [main] DEBUG org.apache.poi.openxml4j.opc.PackageRelationshipCollection.parseRelationshipsPart(PackageRelationshipCollection.java:307)oggger - Parsing relationship: /xl/worksheets/_rels/sheet1.xml.rels
08:11:40.165 [main] DEBUG org.apache.poi.openxml4j.opc.PackageRelationshipCollection.parseRelationshipsPart(PackageRelationshipCollection.java:307)oggger - Parsing relationship: /_rels/.rels
08:11:40.180 [main] DEBUG org.apache.poi.openxml4j.opc.PackageRelationshipCollection.parseRelationshipsPart(PackageRelationshipCollection.java:307)oggger - Parsing relationship: /xl/_rels/workbook.xml.rels
08:11:40.181 [main] DEBUG org.apache.poi.openxml4j.opc.PackageRelationshipCollection.parseRelationshipsPart(PackageRelationshipCollection.java:307)oggger - Parsing relationship: /xl/worksheets/_rels/sheet1.xml.rels
08:11:40.183 [main] DEBUG org.apache.poi.openxml4j.opc.PackageRelationshipCollection.parseRelationshipsPart(PackageRelationshipCollection.java:307)oggger - Parsing relationship: /_rels/.rels
08:11:40.197 [main] DEBUG org.apache.poi.openxml4j.opc.PackageRelationshipCollection.parseRelationshipsPart(PackageRelationshipCollection.java:307)oggger - Parsing relationship: /xl/_rels/workbook.xml.rels
08:11:40.199 [main] DEBUG org.apache.poi.openxml4j.opc.PackageRelationshipCollection.parseRelationshipsPart(PackageRelationshipCollection.java:307)oggger - Parsing relationship: /xl/worksheets/_rels/sheet1.xml.rels
08:11:40.199 [main] DEBUG org.apache.poi.openxml4j.opc.PackageRelationshipCollection.parseRelationshipsPart(PackageRelationshipCollection.java:307)oggger - Parsing relationship: /_rels/.rels
08:11:40.229 [main] INFO  testClasses.TC003_LoginDDT.testLoginDDT(TC003_LoginDDT.java:26)oggger - ******Tesing TC003_LoginDDT started*******
08:11:40.765 [main] INFO  testClasses.TC003_LoginDDT.testLoginDDT(TC003_LoginDDT.java:32)oggger - ******On login page *******
08:11:40.959 [main] INFO  testClasses.TC003_LoginDDT.testLoginDDT(TC003_LoginDDT.java:38)oggger - ******on my account page*******
08:11:44.007 [main] INFO  testClasses.TC003_LoginDDT.testLoginDDT(TC003_LoginDDT.java:71)oggger - ********Testing TC003_LoginDDT completed********
08:11:44.014 [main] INFO  testClasses.TC003_LoginDDT.testLoginDDT(TC003_LoginDDT.java:26)oggger - ******Tesing TC003_LoginDDT started*******
08:11:44.466 [main] INFO  testClasses.TC003_LoginDDT.testLoginDDT(TC003_LoginDDT.java:32)oggger - ******On login page *******
08:11:44.634 [main] INFO  testClasses.TC003_LoginDDT.testLoginDDT(TC003_LoginDDT.java:38)oggger - ******on my account page*******
08:11:54.667 [main] INFO  testClasses.TC003_LoginDDT.testLoginDDT(TC003_LoginDDT.java:71)oggger - ********Testing TC003_LoginDDT completed********
08:11:54.677 [main] INFO  testClasses.TC003_LoginDDT.testLoginDDT(TC003_LoginDDT.java:26)oggger - ******Tesing TC003_LoginDDT started*******
08:11:55.101 [main] INFO  testClasses.TC003_LoginDDT.testLoginDDT(TC003_LoginDDT.java:32)oggger - ******On login page *******
08:11:55.276 [main] INFO  testClasses.TC003_LoginDDT.testLoginDDT(TC003_LoginDDT.java:38)oggger - ******on my account page*******
08:11:57.106 [main] INFO  testClasses.TC003_LoginDDT.testLoginDDT(TC003_LoginDDT.java:71)oggger - ********Testing TC003_LoginDDT completed********
08:11:57.115 [main] INFO  testClasses.TC003_LoginDDT.testLoginDDT(TC003_LoginDDT.java:26)oggger - ******Tesing TC003_LoginDDT started*******
08:11:57.523 [main] INFO  testClasses.TC003_LoginDDT.testLoginDDT(TC003_LoginDDT.java:32)oggger - ******On login page *******
08:11:57.708 [main] INFO  testClasses.TC003_LoginDDT.testLoginDDT(TC003_LoginDDT.java:38)oggger - ******on my account page*******
08:11:59.547 [main] ERROR testClasses.TC003_LoginDDT.testLoginDDT(TC003_LoginDDT.java:66)oggger - ****Error Logs****expected [true] but found [false]
08:11:59.552 [main] ERROR baseTest.BaseTest.captureBrowserConsoleLogs(BaseTest.java:131)oggger - --- CAPTURING CHROME BROWSER CONSOLE LOGS ---
08:11:59.560 [main] INFO  testClasses.TC003_LoginDDT.testLoginDDT(TC003_LoginDDT.java:26)oggger - ******Tesing TC003_LoginDDT started*******
08:11:59.962 [main] INFO  testClasses.TC003_LoginDDT.testLoginDDT(TC003_LoginDDT.java:32)oggger - ******On login page *******
08:12:00.149 [main] INFO  testClasses.TC003_LoginDDT.testLoginDDT(TC003_LoginDDT.java:38)oggger - ******on my account page*******
08:12:10.165 [main] ERROR testClasses.TC003_LoginDDT.testLoginDDT(TC003_LoginDDT.java:66)oggger - ****Error Logs****expected [true] but found [false]
08:12:10.172 [main] ERROR baseTest.BaseTest.captureBrowserConsoleLogs(BaseTest.java:131)oggger - --- CAPTURING CHROME BROWSER CONSOLE LOGS ---
08:15:54.572 [main] DEBUG org.testng.log4testng.Logger.debug(Logger.java:82)oggger - suiteXmlPath: "C:\Users\VedaB\eclipse-workspace\OpenCartV121\master.xml"
08:15:55.343 [main] INFO  org.testng.log4testng.Logger.info(Logger.java:112)oggger - [TestNG] Running:
  C:\Users\VedaB\eclipse-workspace\OpenCartV121\master.xml

08:16:00.200 [main] DEBUG org.apache.poi.openxml4j.opc.PackageRelationshipCollection.parseRelationshipsPart(PackageRelationshipCollection.java:307)oggger - Parsing relationship: /xl/_rels/workbook.xml.rels
08:16:00.206 [main] DEBUG org.apache.poi.openxml4j.opc.PackageRelationshipCollection.parseRelationshipsPart(PackageRelationshipCollection.java:307)oggger - Parsing relationship: /xl/worksheets/_rels/sheet1.xml.rels
08:16:00.220 [main] DEBUG org.apache.poi.openxml4j.opc.PackageRelationshipCollection.parseRelationshipsPart(PackageRelationshipCollection.java:307)oggger - Parsing relationship: /xl/worksheets/_rels/sheet2.xml.rels
08:16:00.226 [main] DEBUG org.apache.poi.openxml4j.opc.PackageRelationshipCollection.parseRelationshipsPart(PackageRelationshipCollection.java:307)oggger - Parsing relationship: /_rels/.rels
08:16:01.099 [main] DEBUG org.apache.poi.openxml4j.opc.PackageRelationshipCollection.parseRelationshipsPart(PackageRelationshipCollection.java:307)oggger - Parsing relationship: /xl/_rels/workbook.xml.rels
08:16:01.103 [main] DEBUG org.apache.poi.openxml4j.opc.PackageRelationshipCollection.parseRelationshipsPart(PackageRelationshipCollection.java:307)oggger - Parsing relationship: /xl/worksheets/_rels/sheet1.xml.rels
08:16:01.107 [main] DEBUG org.apache.poi.openxml4j.opc.PackageRelationshipCollection.parseRelationshipsPart(PackageRelationshipCollection.java:307)oggger - Parsing relationship: /xl/worksheets/_rels/sheet2.xml.rels
08:16:01.109 [main] DEBUG org.apache.poi.openxml4j.opc.PackageRelationshipCollection.parseRelationshipsPart(PackageRelationshipCollection.java:307)oggger - Parsing relationship: /_rels/.rels
08:16:01.179 [main] DEBUG org.apache.poi.openxml4j.opc.PackageRelationshipCollection.parseRelationshipsPart(PackageRelationshipCollection.java:307)oggger - Parsing relationship: /xl/_rels/workbook.xml.rels
08:16:01.180 [main] DEBUG org.apache.poi.openxml4j.opc.PackageRelationshipCollection.parseRelationshipsPart(PackageRelationshipCollection.java:307)oggger - Parsing relationship: /xl/worksheets/_rels/sheet1.xml.rels
08:16:01.183 [main] DEBUG org.apache.poi.openxml4j.opc.PackageRelationshipCollection.parseRelationshipsPart(PackageRelationshipCollection.java:307)oggger - Parsing relationship: /xl/worksheets/_rels/sheet2.xml.rels
08:16:01.187 [main] DEBUG org.apache.poi.openxml4j.opc.PackageRelationshipCollection.parseRelationshipsPart(PackageRelationshipCollection.java:307)oggger - Parsing relationship: /_rels/.rels
08:16:01.245 [main] DEBUG org.apache.poi.openxml4j.opc.PackageRelationshipCollection.parseRelationshipsPart(PackageRelationshipCollection.java:307)oggger - Parsing relationship: /xl/_rels/workbook.xml.rels
08:16:01.248 [main] DEBUG org.apache.poi.openxml4j.opc.PackageRelationshipCollection.parseRelationshipsPart(PackageRelationshipCollection.java:307)oggger - Parsing relationship: /xl/worksheets/_rels/sheet1.xml.rels
08:16:01.249 [main] DEBUG org.apache.poi.openxml4j.opc.PackageRelationshipCollection.parseRelationshipsPart(PackageRelationshipCollection.java:307)oggger - Parsing relationship: /xl/worksheets/_rels/sheet2.xml.rels
08:16:01.250 [main] DEBUG org.apache.poi.openxml4j.opc.PackageRelationshipCollection.parseRelationshipsPart(PackageRelationshipCollection.java:307)oggger - Parsing relationship: /_rels/.rels
08:16:01.297 [main] DEBUG org.apache.poi.openxml4j.opc.PackageRelationshipCollection.parseRelationshipsPart(PackageRelationshipCollection.java:307)oggger - Parsing relationship: /xl/_rels/workbook.xml.rels
08:16:01.298 [main] DEBUG org.apache.poi.openxml4j.opc.PackageRelationshipCollection.parseRelationshipsPart(PackageRelationshipCollection.java:307)oggger - Parsing relationship: /xl/worksheets/_rels/sheet1.xml.rels
08:16:01.299 [main] DEBUG org.apache.poi.openxml4j.opc.PackageRelationshipCollection.parseRelationshipsPart(PackageRelationshipCollection.java:307)oggger - Parsing relationship: /xl/worksheets/_rels/sheet2.xml.rels
08:16:01.299 [main] DEBUG org.apache.poi.openxml4j.opc.PackageRelationshipCollection.parseRelationshipsPart(PackageRelationshipCollection.java:307)oggger - Parsing relationship: /_rels/.rels
08:16:01.324 [main] DEBUG org.apache.poi.openxml4j.opc.PackageRelationshipCollection.parseRelationshipsPart(PackageRelationshipCollection.java:307)oggger - Parsing relationship: /xl/_rels/workbook.xml.rels
08:16:01.325 [main] DEBUG org.apache.poi.openxml4j.opc.PackageRelationshipCollection.parseRelationshipsPart(PackageRelationshipCollection.java:307)oggger - Parsing relationship: /xl/worksheets/_rels/sheet1.xml.rels
08:16:01.326 [main] DEBUG org.apache.poi.openxml4j.opc.PackageRelationshipCollection.parseRelationshipsPart(PackageRelationshipCollection.java:307)oggger - Parsing relationship: /xl/worksheets/_rels/sheet2.xml.rels
08:16:01.326 [main] DEBUG org.apache.poi.openxml4j.opc.PackageRelationshipCollection.parseRelationshipsPart(PackageRelationshipCollection.java:307)oggger - Parsing relationship: /_rels/.rels
08:16:01.353 [main] DEBUG org.apache.poi.openxml4j.opc.PackageRelationshipCollection.parseRelationshipsPart(PackageRelationshipCollection.java:307)oggger - Parsing relationship: /xl/_rels/workbook.xml.rels
08:16:01.354 [main] DEBUG org.apache.poi.openxml4j.opc.PackageRelationshipCollection.parseRelationshipsPart(PackageRelationshipCollection.java:307)oggger - Parsing relationship: /xl/worksheets/_rels/sheet1.xml.rels
08:16:01.354 [main] DEBUG org.apache.poi.openxml4j.opc.PackageRelationshipCollection.parseRelationshipsPart(PackageRelationshipCollection.java:307)oggger - Parsing relationship: /xl/worksheets/_rels/sheet2.xml.rels
08:16:01.355 [main] DEBUG org.apache.poi.openxml4j.opc.PackageRelationshipCollection.parseRelationshipsPart(PackageRelationshipCollection.java:307)oggger - Parsing relationship: /_rels/.rels
08:16:01.376 [main] DEBUG org.apache.poi.openxml4j.opc.PackageRelationshipCollection.parseRelationshipsPart(PackageRelationshipCollection.java:307)oggger - Parsing relationship: /xl/_rels/workbook.xml.rels
08:16:01.378 [main] DEBUG org.apache.poi.openxml4j.opc.PackageRelationshipCollection.parseRelationshipsPart(PackageRelationshipCollection.java:307)oggger - Parsing relationship: /xl/worksheets/_rels/sheet1.xml.rels
08:16:01.378 [main] DEBUG org.apache.poi.openxml4j.opc.PackageRelationshipCollection.parseRelationshipsPart(PackageRelationshipCollection.java:307)oggger - Parsing relationship: /xl/worksheets/_rels/sheet2.xml.rels
08:16:01.379 [main] DEBUG org.apache.poi.openxml4j.opc.PackageRelationshipCollection.parseRelationshipsPart(PackageRelationshipCollection.java:307)oggger - Parsing relationship: /_rels/.rels
08:16:01.406 [main] DEBUG org.apache.poi.openxml4j.opc.PackageRelationshipCollection.parseRelationshipsPart(PackageRelationshipCollection.java:307)oggger - Parsing relationship: /xl/_rels/workbook.xml.rels
08:16:01.407 [main] DEBUG org.apache.poi.openxml4j.opc.PackageRelationshipCollection.parseRelationshipsPart(PackageRelationshipCollection.java:307)oggger - Parsing relationship: /xl/worksheets/_rels/sheet1.xml.rels
08:16:01.408 [main] DEBUG org.apache.poi.openxml4j.opc.PackageRelationshipCollection.parseRelationshipsPart(PackageRelationshipCollection.java:307)oggger - Parsing relationship: /xl/worksheets/_rels/sheet2.xml.rels
08:16:01.409 [main] DEBUG org.apache.poi.openxml4j.opc.PackageRelationshipCollection.parseRelationshipsPart(PackageRelationshipCollection.java:307)oggger - Parsing relationship: /_rels/.rels
08:16:01.432 [main] DEBUG org.apache.poi.openxml4j.opc.PackageRelationshipCollection.parseRelationshipsPart(PackageRelationshipCollection.java:307)oggger - Parsing relationship: /xl/_rels/workbook.xml.rels
08:16:01.433 [main] DEBUG org.apache.poi.openxml4j.opc.PackageRelationshipCollection.parseRelationshipsPart(PackageRelationshipCollection.java:307)oggger - Parsing relationship: /xl/worksheets/_rels/sheet1.xml.rels
08:16:01.434 [main] DEBUG org.apache.poi.openxml4j.opc.PackageRelationshipCollection.parseRelationshipsPart(PackageRelationshipCollection.java:307)oggger - Parsing relationship: /xl/worksheets/_rels/sheet2.xml.rels
08:16:01.434 [main] DEBUG org.apache.poi.openxml4j.opc.PackageRelationshipCollection.parseRelationshipsPart(PackageRelationshipCollection.java:307)oggger - Parsing relationship: /_rels/.rels
08:16:01.455 [main] DEBUG org.apache.poi.openxml4j.opc.PackageRelationshipCollection.parseRelationshipsPart(PackageRelationshipCollection.java:307)oggger - Parsing relationship: /xl/_rels/workbook.xml.rels
08:16:01.456 [main] DEBUG org.apache.poi.openxml4j.opc.PackageRelationshipCollection.parseRelationshipsPart(PackageRelationshipCollection.java:307)oggger - Parsing relationship: /xl/worksheets/_rels/sheet1.xml.rels
08:16:01.456 [main] DEBUG org.apache.poi.openxml4j.opc.PackageRelationshipCollection.parseRelationshipsPart(PackageRelationshipCollection.java:307)oggger - Parsing relationship: /xl/worksheets/_rels/sheet2.xml.rels
08:16:01.457 [main] DEBUG org.apache.poi.openxml4j.opc.PackageRelationshipCollection.parseRelationshipsPart(PackageRelationshipCollection.java:307)oggger - Parsing relationship: /_rels/.rels
08:16:01.478 [main] DEBUG org.apache.poi.openxml4j.opc.PackageRelationshipCollection.parseRelationshipsPart(PackageRelationshipCollection.java:307)oggger - Parsing relationship: /xl/_rels/workbook.xml.rels
08:16:01.479 [main] DEBUG org.apache.poi.openxml4j.opc.PackageRelationshipCollection.parseRelationshipsPart(PackageRelationshipCollection.java:307)oggger - Parsing relationship: /xl/worksheets/_rels/sheet1.xml.rels
08:16:01.480 [main] DEBUG org.apache.poi.openxml4j.opc.PackageRelationshipCollection.parseRelationshipsPart(PackageRelationshipCollection.java:307)oggger - Parsing relationship: /xl/worksheets/_rels/sheet2.xml.rels
08:16:01.481 [main] DEBUG org.apache.poi.openxml4j.opc.PackageRelationshipCollection.parseRelationshipsPart(PackageRelationshipCollection.java:307)oggger - Parsing relationship: /_rels/.rels
08:16:01.503 [main] DEBUG org.apache.poi.openxml4j.opc.PackageRelationshipCollection.parseRelationshipsPart(PackageRelationshipCollection.java:307)oggger - Parsing relationship: /xl/_rels/workbook.xml.rels
08:16:01.506 [main] DEBUG org.apache.poi.openxml4j.opc.PackageRelationshipCollection.parseRelationshipsPart(PackageRelationshipCollection.java:307)oggger - Parsing relationship: /xl/worksheets/_rels/sheet1.xml.rels
08:16:01.507 [main] DEBUG org.apache.poi.openxml4j.opc.PackageRelationshipCollection.parseRelationshipsPart(PackageRelationshipCollection.java:307)oggger - Parsing relationship: /xl/worksheets/_rels/sheet2.xml.rels
08:16:01.508 [main] DEBUG org.apache.poi.openxml4j.opc.PackageRelationshipCollection.parseRelationshipsPart(PackageRelationshipCollection.java:307)oggger - Parsing relationship: /_rels/.rels
08:16:01.529 [main] DEBUG org.apache.poi.openxml4j.opc.PackageRelationshipCollection.parseRelationshipsPart(PackageRelationshipCollection.java:307)oggger - Parsing relationship: /xl/_rels/workbook.xml.rels
08:16:01.530 [main] DEBUG org.apache.poi.openxml4j.opc.PackageRelationshipCollection.parseRelationshipsPart(PackageRelationshipCollection.java:307)oggger - Parsing relationship: /xl/worksheets/_rels/sheet1.xml.rels
08:16:01.531 [main] DEBUG org.apache.poi.openxml4j.opc.PackageRelationshipCollection.parseRelationshipsPart(PackageRelationshipCollection.java:307)oggger - Parsing relationship: /xl/worksheets/_rels/sheet2.xml.rels
08:16:01.532 [main] DEBUG org.apache.poi.openxml4j.opc.PackageRelationshipCollection.parseRelationshipsPart(PackageRelationshipCollection.java:307)oggger - Parsing relationship: /_rels/.rels
08:16:01.554 [main] DEBUG org.apache.poi.openxml4j.opc.PackageRelationshipCollection.parseRelationshipsPart(PackageRelationshipCollection.java:307)oggger - Parsing relationship: /xl/_rels/workbook.xml.rels
08:16:01.554 [main] DEBUG org.apache.poi.openxml4j.opc.PackageRelationshipCollection.parseRelationshipsPart(PackageRelationshipCollection.java:307)oggger - Parsing relationship: /xl/worksheets/_rels/sheet1.xml.rels
08:16:01.555 [main] DEBUG org.apache.poi.openxml4j.opc.PackageRelationshipCollection.parseRelationshipsPart(PackageRelationshipCollection.java:307)oggger - Parsing relationship: /xl/worksheets/_rels/sheet2.xml.rels
08:16:01.556 [main] DEBUG org.apache.poi.openxml4j.opc.PackageRelationshipCollection.parseRelationshipsPart(PackageRelationshipCollection.java:307)oggger - Parsing relationship: /_rels/.rels
08:16:01.576 [main] DEBUG org.apache.poi.openxml4j.opc.PackageRelationshipCollection.parseRelationshipsPart(PackageRelationshipCollection.java:307)oggger - Parsing relationship: /xl/_rels/workbook.xml.rels
08:16:01.578 [main] DEBUG org.apache.poi.openxml4j.opc.PackageRelationshipCollection.parseRelationshipsPart(PackageRelationshipCollection.java:307)oggger - Parsing relationship: /xl/worksheets/_rels/sheet1.xml.rels
08:16:01.579 [main] DEBUG org.apache.poi.openxml4j.opc.PackageRelationshipCollection.parseRelationshipsPart(PackageRelationshipCollection.java:307)oggger - Parsing relationship: /xl/worksheets/_rels/sheet2.xml.rels
08:16:01.579 [main] DEBUG org.apache.poi.openxml4j.opc.PackageRelationshipCollection.parseRelationshipsPart(PackageRelationshipCollection.java:307)oggger - Parsing relationship: /_rels/.rels
08:16:01.606 [main] DEBUG org.apache.poi.openxml4j.opc.PackageRelationshipCollection.parseRelationshipsPart(PackageRelationshipCollection.java:307)oggger - Parsing relationship: /xl/_rels/workbook.xml.rels
08:16:01.607 [main] DEBUG org.apache.poi.openxml4j.opc.PackageRelationshipCollection.parseRelationshipsPart(PackageRelationshipCollection.java:307)oggger - Parsing relationship: /xl/worksheets/_rels/sheet1.xml.rels
08:16:01.607 [main] DEBUG org.apache.poi.openxml4j.opc.PackageRelationshipCollection.parseRelationshipsPart(PackageRelationshipCollection.java:307)oggger - Parsing relationship: /xl/worksheets/_rels/sheet2.xml.rels
08:16:01.608 [main] DEBUG org.apache.poi.openxml4j.opc.PackageRelationshipCollection.parseRelationshipsPart(PackageRelationshipCollection.java:307)oggger - Parsing relationship: /_rels/.rels
08:16:01.629 [main] DEBUG org.apache.poi.openxml4j.opc.PackageRelationshipCollection.parseRelationshipsPart(PackageRelationshipCollection.java:307)oggger - Parsing relationship: /xl/_rels/workbook.xml.rels
08:16:01.630 [main] DEBUG org.apache.poi.openxml4j.opc.PackageRelationshipCollection.parseRelationshipsPart(PackageRelationshipCollection.java:307)oggger - Parsing relationship: /xl/worksheets/_rels/sheet1.xml.rels
08:16:01.631 [main] DEBUG org.apache.poi.openxml4j.opc.PackageRelationshipCollection.parseRelationshipsPart(PackageRelationshipCollection.java:307)oggger - Parsing relationship: /xl/worksheets/_rels/sheet2.xml.rels
08:16:01.631 [main] DEBUG org.apache.poi.openxml4j.opc.PackageRelationshipCollection.parseRelationshipsPart(PackageRelationshipCollection.java:307)oggger - Parsing relationship: /_rels/.rels
08:16:01.653 [main] DEBUG org.apache.poi.openxml4j.opc.PackageRelationshipCollection.parseRelationshipsPart(PackageRelationshipCollection.java:307)oggger - Parsing relationship: /xl/_rels/workbook.xml.rels
08:16:01.654 [main] DEBUG org.apache.poi.openxml4j.opc.PackageRelationshipCollection.parseRelationshipsPart(PackageRelationshipCollection.java:307)oggger - Parsing relationship: /xl/worksheets/_rels/sheet1.xml.rels
08:16:01.657 [main] DEBUG org.apache.poi.openxml4j.opc.PackageRelationshipCollection.parseRelationshipsPart(PackageRelationshipCollection.java:307)oggger - Parsing relationship: /xl/worksheets/_rels/sheet2.xml.rels
08:16:01.657 [main] DEBUG org.apache.poi.openxml4j.opc.PackageRelationshipCollection.parseRelationshipsPart(PackageRelationshipCollection.java:307)oggger - Parsing relationship: /_rels/.rels
08:16:01.676 [main] DEBUG org.apache.poi.openxml4j.opc.PackageRelationshipCollection.parseRelationshipsPart(PackageRelationshipCollection.java:307)oggger - Parsing relationship: /xl/_rels/workbook.xml.rels
08:16:01.677 [main] DEBUG org.apache.poi.openxml4j.opc.PackageRelationshipCollection.parseRelationshipsPart(PackageRelationshipCollection.java:307)oggger - Parsing relationship: /xl/worksheets/_rels/sheet1.xml.rels
08:16:01.678 [main] DEBUG org.apache.poi.openxml4j.opc.PackageRelationshipCollection.parseRelationshipsPart(PackageRelationshipCollection.java:307)oggger - Parsing relationship: /xl/worksheets/_rels/sheet2.xml.rels
08:16:01.679 [main] DEBUG org.apache.poi.openxml4j.opc.PackageRelationshipCollection.parseRelationshipsPart(PackageRelationshipCollection.java:307)oggger - Parsing relationship: /_rels/.rels
08:16:01.697 [main] DEBUG org.apache.poi.openxml4j.opc.PackageRelationshipCollection.parseRelationshipsPart(PackageRelationshipCollection.java:307)oggger - Parsing relationship: /xl/_rels/workbook.xml.rels
08:16:01.698 [main] DEBUG org.apache.poi.openxml4j.opc.PackageRelationshipCollection.parseRelationshipsPart(PackageRelationshipCollection.java:307)oggger - Parsing relationship: /xl/worksheets/_rels/sheet1.xml.rels
08:16:01.698 [main] DEBUG org.apache.poi.openxml4j.opc.PackageRelationshipCollection.parseRelationshipsPart(PackageRelationshipCollection.java:307)oggger - Parsing relationship: /xl/worksheets/_rels/sheet2.xml.rels
08:16:01.699 [main] DEBUG org.apache.poi.openxml4j.opc.PackageRelationshipCollection.parseRelationshipsPart(PackageRelationshipCollection.java:307)oggger - Parsing relationship: /_rels/.rels
08:16:01.728 [main] DEBUG org.apache.poi.openxml4j.opc.PackageRelationshipCollection.parseRelationshipsPart(PackageRelationshipCollection.java:307)oggger - Parsing relationship: /xl/_rels/workbook.xml.rels
08:16:01.729 [main] DEBUG org.apache.poi.openxml4j.opc.PackageRelationshipCollection.parseRelationshipsPart(PackageRelationshipCollection.java:307)oggger - Parsing relationship: /xl/worksheets/_rels/sheet1.xml.rels
08:16:01.729 [main] DEBUG org.apache.poi.openxml4j.opc.PackageRelationshipCollection.parseRelationshipsPart(PackageRelationshipCollection.java:307)oggger - Parsing relationship: /xl/worksheets/_rels/sheet2.xml.rels
08:16:01.730 [main] DEBUG org.apache.poi.openxml4j.opc.PackageRelationshipCollection.parseRelationshipsPart(PackageRelationshipCollection.java:307)oggger - Parsing relationship: /_rels/.rels
08:16:01.746 [main] DEBUG org.apache.poi.openxml4j.opc.PackageRelationshipCollection.parseRelationshipsPart(PackageRelationshipCollection.java:307)oggger - Parsing relationship: /xl/_rels/workbook.xml.rels
08:16:01.747 [main] DEBUG org.apache.poi.openxml4j.opc.PackageRelationshipCollection.parseRelationshipsPart(PackageRelationshipCollection.java:307)oggger - Parsing relationship: /xl/worksheets/_rels/sheet1.xml.rels
08:16:01.748 [main] DEBUG org.apache.poi.openxml4j.opc.PackageRelationshipCollection.parseRelationshipsPart(PackageRelationshipCollection.java:307)oggger - Parsing relationship: /xl/worksheets/_rels/sheet2.xml.rels
08:16:01.748 [main] DEBUG org.apache.poi.openxml4j.opc.PackageRelationshipCollection.parseRelationshipsPart(PackageRelationshipCollection.java:307)oggger - Parsing relationship: /_rels/.rels
08:16:01.782 [main] INFO  testClasses.TC003_LoginDDT.testLoginDDT(TC003_LoginDDT.java:26)oggger - ******Tesing TC003_LoginDDT started*******
08:16:02.338 [main] INFO  testClasses.TC003_LoginDDT.testLoginDDT(TC003_LoginDDT.java:32)oggger - ******On login page *******
08:16:02.527 [main] INFO  testClasses.TC003_LoginDDT.testLoginDDT(TC003_LoginDDT.java:38)oggger - ******on my account page*******
08:16:04.760 [main] INFO  testClasses.TC003_LoginDDT.testLoginDDT(TC003_LoginDDT.java:70)oggger - ********Testing TC003_LoginDDT completed********
08:16:04.766 [main] INFO  testClasses.TC003_LoginDDT.testLoginDDT(TC003_LoginDDT.java:26)oggger - ******Tesing TC003_LoginDDT started*******
08:16:05.180 [main] INFO  testClasses.TC003_LoginDDT.testLoginDDT(TC003_LoginDDT.java:32)oggger - ******On login page *******
08:16:05.349 [main] INFO  testClasses.TC003_LoginDDT.testLoginDDT(TC003_LoginDDT.java:38)oggger - ******on my account page*******
08:16:15.373 [main] INFO  testClasses.TC003_LoginDDT.testLoginDDT(TC003_LoginDDT.java:70)oggger - ********Testing TC003_LoginDDT completed********
08:16:15.385 [main] INFO  testClasses.TC003_LoginDDT.testLoginDDT(TC003_LoginDDT.java:26)oggger - ******Tesing TC003_LoginDDT started*******
08:16:15.822 [main] INFO  testClasses.TC003_LoginDDT.testLoginDDT(TC003_LoginDDT.java:32)oggger - ******On login page *******
08:16:17.163 [main] INFO  testClasses.TC003_LoginDDT.testLoginDDT(TC003_LoginDDT.java:38)oggger - ******on my account page*******
08:16:17.775 [main] INFO  testClasses.TC003_LoginDDT.testLoginDDT(TC003_LoginDDT.java:70)oggger - ********Testing TC003_LoginDDT completed********
08:16:17.785 [main] INFO  testClasses.TC003_LoginDDT.testLoginDDT(TC003_LoginDDT.java:26)oggger - ******Tesing TC003_LoginDDT started*******
08:16:18.200 [main] INFO  testClasses.TC003_LoginDDT.testLoginDDT(TC003_LoginDDT.java:32)oggger - ******On login page *******
08:16:18.361 [main] INFO  testClasses.TC003_LoginDDT.testLoginDDT(TC003_LoginDDT.java:38)oggger - ******on my account page*******
08:16:20.184 [main] ERROR testClasses.TC003_LoginDDT.testLoginDDT(TC003_LoginDDT.java:65)oggger - ****Error Logs****expected [true] but found [false]
08:16:20.190 [main] ERROR baseTest.BaseTest.captureBrowserConsoleLogs(BaseTest.java:131)oggger - --- CAPTURING CHROME BROWSER CONSOLE LOGS ---
08:16:20.204 [main] INFO  testClasses.TC003_LoginDDT.testLoginDDT(TC003_LoginDDT.java:26)oggger - ******Tesing TC003_LoginDDT started*******
08:16:20.599 [main] INFO  testClasses.TC003_LoginDDT.testLoginDDT(TC003_LoginDDT.java:32)oggger - ******On login page *******
08:16:20.768 [main] INFO  testClasses.TC003_LoginDDT.testLoginDDT(TC003_LoginDDT.java:38)oggger - ******on my account page*******
08:16:30.817 [main] ERROR testClasses.TC003_LoginDDT.testLoginDDT(TC003_LoginDDT.java:65)oggger - ****Error Logs****expected [true] but found [false]
08:16:30.817 [main] ERROR baseTest.BaseTest.captureBrowserConsoleLogs(BaseTest.java:131)oggger - --- CAPTURING CHROME BROWSER CONSOLE LOGS ---
08:27:12.162 [main] DEBUG org.testng.log4testng.Logger.debug(Logger.java:82)oggger - suiteXmlPath: "C:\Users\VedaB\eclipse-workspace\OpenCartV121\master.xml"
08:27:12.998 [main] INFO  org.testng.log4testng.Logger.info(Logger.java:112)oggger - [TestNG] Running:
  C:\Users\VedaB\eclipse-workspace\OpenCartV121\master.xml

08:27:17.238 [main] DEBUG org.apache.poi.openxml4j.opc.PackageRelationshipCollection.parseRelationshipsPart(PackageRelationshipCollection.java:307)oggger - Parsing relationship: /xl/_rels/workbook.xml.rels
08:27:17.241 [main] DEBUG org.apache.poi.openxml4j.opc.PackageRelationshipCollection.parseRelationshipsPart(PackageRelationshipCollection.java:307)oggger - Parsing relationship: /xl/worksheets/_rels/sheet1.xml.rels
08:27:17.243 [main] DEBUG org.apache.poi.openxml4j.opc.PackageRelationshipCollection.parseRelationshipsPart(PackageRelationshipCollection.java:307)oggger - Parsing relationship: /xl/worksheets/_rels/sheet2.xml.rels
08:27:17.245 [main] DEBUG org.apache.poi.openxml4j.opc.PackageRelationshipCollection.parseRelationshipsPart(PackageRelationshipCollection.java:307)oggger - Parsing relationship: /_rels/.rels
08:27:18.143 [main] DEBUG org.apache.poi.openxml4j.opc.PackageRelationshipCollection.parseRelationshipsPart(PackageRelationshipCollection.java:307)oggger - Parsing relationship: /xl/_rels/workbook.xml.rels
08:27:18.146 [main] DEBUG org.apache.poi.openxml4j.opc.PackageRelationshipCollection.parseRelationshipsPart(PackageRelationshipCollection.java:307)oggger - Parsing relationship: /xl/worksheets/_rels/sheet1.xml.rels
08:27:18.148 [main] DEBUG org.apache.poi.openxml4j.opc.PackageRelationshipCollection.parseRelationshipsPart(PackageRelationshipCollection.java:307)oggger - Parsing relationship: /xl/worksheets/_rels/sheet2.xml.rels
08:27:18.150 [main] DEBUG org.apache.poi.openxml4j.opc.PackageRelationshipCollection.parseRelationshipsPart(PackageRelationshipCollection.java:307)oggger - Parsing relationship: /_rels/.rels
08:27:18.194 [main] DEBUG org.apache.poi.openxml4j.opc.PackageRelationshipCollection.parseRelationshipsPart(PackageRelationshipCollection.java:307)oggger - Parsing relationship: /xl/_rels/workbook.xml.rels
08:27:18.196 [main] DEBUG org.apache.poi.openxml4j.opc.PackageRelationshipCollection.parseRelationshipsPart(PackageRelationshipCollection.java:307)oggger - Parsing relationship: /xl/worksheets/_rels/sheet1.xml.rels
08:27:18.197 [main] DEBUG org.apache.poi.openxml4j.opc.PackageRelationshipCollection.parseRelationshipsPart(PackageRelationshipCollection.java:307)oggger - Parsing relationship: /xl/worksheets/_rels/sheet2.xml.rels
08:27:18.198 [main] DEBUG org.apache.poi.openxml4j.opc.PackageRelationshipCollection.parseRelationshipsPart(PackageRelationshipCollection.java:307)oggger - Parsing relationship: /_rels/.rels
08:27:18.251 [main] DEBUG org.apache.poi.openxml4j.opc.PackageRelationshipCollection.parseRelationshipsPart(PackageRelationshipCollection.java:307)oggger - Parsing relationship: /xl/_rels/workbook.xml.rels
08:27:18.252 [main] DEBUG org.apache.poi.openxml4j.opc.PackageRelationshipCollection.parseRelationshipsPart(PackageRelationshipCollection.java:307)oggger - Parsing relationship: /xl/worksheets/_rels/sheet1.xml.rels
08:27:18.254 [main] DEBUG org.apache.poi.openxml4j.opc.PackageRelationshipCollection.parseRelationshipsPart(PackageRelationshipCollection.java:307)oggger - Parsing relationship: /xl/worksheets/_rels/sheet2.xml.rels
08:27:18.255 [main] DEBUG org.apache.poi.openxml4j.opc.PackageRelationshipCollection.parseRelationshipsPart(PackageRelationshipCollection.java:307)oggger - Parsing relationship: /_rels/.rels
08:27:18.285 [main] DEBUG org.apache.poi.openxml4j.opc.PackageRelationshipCollection.parseRelationshipsPart(PackageRelationshipCollection.java:307)oggger - Parsing relationship: /xl/_rels/workbook.xml.rels
08:27:18.286 [main] DEBUG org.apache.poi.openxml4j.opc.PackageRelationshipCollection.parseRelationshipsPart(PackageRelationshipCollection.java:307)oggger - Parsing relationship: /xl/worksheets/_rels/sheet1.xml.rels
08:27:18.287 [main] DEBUG org.apache.poi.openxml4j.opc.PackageRelationshipCollection.parseRelationshipsPart(PackageRelationshipCollection.java:307)oggger - Parsing relationship: /xl/worksheets/_rels/sheet2.xml.rels
08:27:18.287 [main] DEBUG org.apache.poi.openxml4j.opc.PackageRelationshipCollection.parseRelationshipsPart(PackageRelationshipCollection.java:307)oggger - Parsing relationship: /_rels/.rels
08:27:18.314 [main] DEBUG org.apache.poi.openxml4j.opc.PackageRelationshipCollection.parseRelationshipsPart(PackageRelationshipCollection.java:307)oggger - Parsing relationship: /xl/_rels/workbook.xml.rels
08:27:18.315 [main] DEBUG org.apache.poi.openxml4j.opc.PackageRelationshipCollection.parseRelationshipsPart(PackageRelationshipCollection.java:307)oggger - Parsing relationship: /xl/worksheets/_rels/sheet1.xml.rels
08:27:18.317 [main] DEBUG org.apache.poi.openxml4j.opc.PackageRelationshipCollection.parseRelationshipsPart(PackageRelationshipCollection.java:307)oggger - Parsing relationship: /xl/worksheets/_rels/sheet2.xml.rels
08:27:18.317 [main] DEBUG org.apache.poi.openxml4j.opc.PackageRelationshipCollection.parseRelationshipsPart(PackageRelationshipCollection.java:307)oggger - Parsing relationship: /_rels/.rels
08:27:18.348 [main] DEBUG org.apache.poi.openxml4j.opc.PackageRelationshipCollection.parseRelationshipsPart(PackageRelationshipCollection.java:307)oggger - Parsing relationship: /xl/_rels/workbook.xml.rels
08:27:18.349 [main] DEBUG org.apache.poi.openxml4j.opc.PackageRelationshipCollection.parseRelationshipsPart(PackageRelationshipCollection.java:307)oggger - Parsing relationship: /xl/worksheets/_rels/sheet1.xml.rels
08:27:18.350 [main] DEBUG org.apache.poi.openxml4j.opc.PackageRelationshipCollection.parseRelationshipsPart(PackageRelationshipCollection.java:307)oggger - Parsing relationship: /xl/worksheets/_rels/sheet2.xml.rels
08:27:18.352 [main] DEBUG org.apache.poi.openxml4j.opc.PackageRelationshipCollection.parseRelationshipsPart(PackageRelationshipCollection.java:307)oggger - Parsing relationship: /_rels/.rels
08:27:18.379 [main] DEBUG org.apache.poi.openxml4j.opc.PackageRelationshipCollection.parseRelationshipsPart(PackageRelationshipCollection.java:307)oggger - Parsing relationship: /xl/_rels/workbook.xml.rels
08:27:18.380 [main] DEBUG org.apache.poi.openxml4j.opc.PackageRelationshipCollection.parseRelationshipsPart(PackageRelationshipCollection.java:307)oggger - Parsing relationship: /xl/worksheets/_rels/sheet1.xml.rels
08:27:18.381 [main] DEBUG org.apache.poi.openxml4j.opc.PackageRelationshipCollection.parseRelationshipsPart(PackageRelationshipCollection.java:307)oggger - Parsing relationship: /xl/worksheets/_rels/sheet2.xml.rels
08:27:18.385 [main] DEBUG org.apache.poi.openxml4j.opc.PackageRelationshipCollection.parseRelationshipsPart(PackageRelationshipCollection.java:307)oggger - Parsing relationship: /_rels/.rels
08:27:18.418 [main] DEBUG org.apache.poi.openxml4j.opc.PackageRelationshipCollection.parseRelationshipsPart(PackageRelationshipCollection.java:307)oggger - Parsing relationship: /xl/_rels/workbook.xml.rels
08:27:18.419 [main] DEBUG org.apache.poi.openxml4j.opc.PackageRelationshipCollection.parseRelationshipsPart(PackageRelationshipCollection.java:307)oggger - Parsing relationship: /xl/worksheets/_rels/sheet1.xml.rels
08:27:18.420 [main] DEBUG org.apache.poi.openxml4j.opc.PackageRelationshipCollection.parseRelationshipsPart(PackageRelationshipCollection.java:307)oggger - Parsing relationship: /xl/worksheets/_rels/sheet2.xml.rels
08:27:18.421 [main] DEBUG org.apache.poi.openxml4j.opc.PackageRelationshipCollection.parseRelationshipsPart(PackageRelationshipCollection.java:307)oggger - Parsing relationship: /_rels/.rels
08:27:18.453 [main] DEBUG org.apache.poi.openxml4j.opc.PackageRelationshipCollection.parseRelationshipsPart(PackageRelationshipCollection.java:307)oggger - Parsing relationship: /xl/_rels/workbook.xml.rels
08:27:18.454 [main] DEBUG org.apache.poi.openxml4j.opc.PackageRelationshipCollection.parseRelationshipsPart(PackageRelationshipCollection.java:307)oggger - Parsing relationship: /xl/worksheets/_rels/sheet1.xml.rels
08:27:18.455 [main] DEBUG org.apache.poi.openxml4j.opc.PackageRelationshipCollection.parseRelationshipsPart(PackageRelationshipCollection.java:307)oggger - Parsing relationship: /xl/worksheets/_rels/sheet2.xml.rels
08:27:18.456 [main] DEBUG org.apache.poi.openxml4j.opc.PackageRelationshipCollection.parseRelationshipsPart(PackageRelationshipCollection.java:307)oggger - Parsing relationship: /_rels/.rels
08:27:18.482 [main] DEBUG org.apache.poi.openxml4j.opc.PackageRelationshipCollection.parseRelationshipsPart(PackageRelationshipCollection.java:307)oggger - Parsing relationship: /xl/_rels/workbook.xml.rels
08:27:18.483 [main] DEBUG org.apache.poi.openxml4j.opc.PackageRelationshipCollection.parseRelationshipsPart(PackageRelationshipCollection.java:307)oggger - Parsing relationship: /xl/worksheets/_rels/sheet1.xml.rels
08:27:18.484 [main] DEBUG org.apache.poi.openxml4j.opc.PackageRelationshipCollection.parseRelationshipsPart(PackageRelationshipCollection.java:307)oggger - Parsing relationship: /xl/worksheets/_rels/sheet2.xml.rels
08:27:18.485 [main] DEBUG org.apache.poi.openxml4j.opc.PackageRelationshipCollection.parseRelationshipsPart(PackageRelationshipCollection.java:307)oggger - Parsing relationship: /_rels/.rels
08:27:18.513 [main] DEBUG org.apache.poi.openxml4j.opc.PackageRelationshipCollection.parseRelationshipsPart(PackageRelationshipCollection.java:307)oggger - Parsing relationship: /xl/_rels/workbook.xml.rels
08:27:18.514 [main] DEBUG org.apache.poi.openxml4j.opc.PackageRelationshipCollection.parseRelationshipsPart(PackageRelationshipCollection.java:307)oggger - Parsing relationship: /xl/worksheets/_rels/sheet1.xml.rels
08:27:18.515 [main] DEBUG org.apache.poi.openxml4j.opc.PackageRelationshipCollection.parseRelationshipsPart(PackageRelationshipCollection.java:307)oggger - Parsing relationship: /xl/worksheets/_rels/sheet2.xml.rels
08:27:18.516 [main] DEBUG org.apache.poi.openxml4j.opc.PackageRelationshipCollection.parseRelationshipsPart(PackageRelationshipCollection.java:307)oggger - Parsing relationship: /_rels/.rels
08:27:18.538 [main] DEBUG org.apache.poi.openxml4j.opc.PackageRelationshipCollection.parseRelationshipsPart(PackageRelationshipCollection.java:307)oggger - Parsing relationship: /xl/_rels/workbook.xml.rels
08:27:18.540 [main] DEBUG org.apache.poi.openxml4j.opc.PackageRelationshipCollection.parseRelationshipsPart(PackageRelationshipCollection.java:307)oggger - Parsing relationship: /xl/worksheets/_rels/sheet1.xml.rels
08:27:18.541 [main] DEBUG org.apache.poi.openxml4j.opc.PackageRelationshipCollection.parseRelationshipsPart(PackageRelationshipCollection.java:307)oggger - Parsing relationship: /xl/worksheets/_rels/sheet2.xml.rels
08:27:18.542 [main] DEBUG org.apache.poi.openxml4j.opc.PackageRelationshipCollection.parseRelationshipsPart(PackageRelationshipCollection.java:307)oggger - Parsing relationship: /_rels/.rels
08:27:18.562 [main] DEBUG org.apache.poi.openxml4j.opc.PackageRelationshipCollection.parseRelationshipsPart(PackageRelationshipCollection.java:307)oggger - Parsing relationship: /xl/_rels/workbook.xml.rels
08:27:18.563 [main] DEBUG org.apache.poi.openxml4j.opc.PackageRelationshipCollection.parseRelationshipsPart(PackageRelationshipCollection.java:307)oggger - Parsing relationship: /xl/worksheets/_rels/sheet1.xml.rels
08:27:18.564 [main] DEBUG org.apache.poi.openxml4j.opc.PackageRelationshipCollection.parseRelationshipsPart(PackageRelationshipCollection.java:307)oggger - Parsing relationship: /xl/worksheets/_rels/sheet2.xml.rels
08:27:18.564 [main] DEBUG org.apache.poi.openxml4j.opc.PackageRelationshipCollection.parseRelationshipsPart(PackageRelationshipCollection.java:307)oggger - Parsing relationship: /_rels/.rels
08:27:18.585 [main] DEBUG org.apache.poi.openxml4j.opc.PackageRelationshipCollection.parseRelationshipsPart(PackageRelationshipCollection.java:307)oggger - Parsing relationship: /xl/_rels/workbook.xml.rels
08:27:18.587 [main] DEBUG org.apache.poi.openxml4j.opc.PackageRelationshipCollection.parseRelationshipsPart(PackageRelationshipCollection.java:307)oggger - Parsing relationship: /xl/worksheets/_rels/sheet1.xml.rels
08:27:18.590 [main] DEBUG org.apache.poi.openxml4j.opc.PackageRelationshipCollection.parseRelationshipsPart(PackageRelationshipCollection.java:307)oggger - Parsing relationship: /xl/worksheets/_rels/sheet2.xml.rels
08:27:18.590 [main] DEBUG org.apache.poi.openxml4j.opc.PackageRelationshipCollection.parseRelationshipsPart(PackageRelationshipCollection.java:307)oggger - Parsing relationship: /_rels/.rels
08:27:18.624 [main] DEBUG org.apache.poi.openxml4j.opc.PackageRelationshipCollection.parseRelationshipsPart(PackageRelationshipCollection.java:307)oggger - Parsing relationship: /xl/_rels/workbook.xml.rels
08:27:18.624 [main] DEBUG org.apache.poi.openxml4j.opc.PackageRelationshipCollection.parseRelationshipsPart(PackageRelationshipCollection.java:307)oggger - Parsing relationship: /xl/worksheets/_rels/sheet1.xml.rels
08:27:18.625 [main] DEBUG org.apache.poi.openxml4j.opc.PackageRelationshipCollection.parseRelationshipsPart(PackageRelationshipCollection.java:307)oggger - Parsing relationship: /xl/worksheets/_rels/sheet2.xml.rels
08:27:18.626 [main] DEBUG org.apache.poi.openxml4j.opc.PackageRelationshipCollection.parseRelationshipsPart(PackageRelationshipCollection.java:307)oggger - Parsing relationship: /_rels/.rels
08:27:18.656 [main] DEBUG org.apache.poi.openxml4j.opc.PackageRelationshipCollection.parseRelationshipsPart(PackageRelationshipCollection.java:307)oggger - Parsing relationship: /xl/_rels/workbook.xml.rels
08:27:18.657 [main] DEBUG org.apache.poi.openxml4j.opc.PackageRelationshipCollection.parseRelationshipsPart(PackageRelationshipCollection.java:307)oggger - Parsing relationship: /xl/worksheets/_rels/sheet1.xml.rels
08:27:18.659 [main] DEBUG org.apache.poi.openxml4j.opc.PackageRelationshipCollection.parseRelationshipsPart(PackageRelationshipCollection.java:307)oggger - Parsing relationship: /xl/worksheets/_rels/sheet2.xml.rels
08:27:18.662 [main] DEBUG org.apache.poi.openxml4j.opc.PackageRelationshipCollection.parseRelationshipsPart(PackageRelationshipCollection.java:307)oggger - Parsing relationship: /_rels/.rels
08:27:18.695 [main] DEBUG org.apache.poi.openxml4j.opc.PackageRelationshipCollection.parseRelationshipsPart(PackageRelationshipCollection.java:307)oggger - Parsing relationship: /xl/_rels/workbook.xml.rels
08:27:18.695 [main] DEBUG org.apache.poi.openxml4j.opc.PackageRelationshipCollection.parseRelationshipsPart(PackageRelationshipCollection.java:307)oggger - Parsing relationship: /xl/worksheets/_rels/sheet1.xml.rels
08:27:18.703 [main] DEBUG org.apache.poi.openxml4j.opc.PackageRelationshipCollection.parseRelationshipsPart(PackageRelationshipCollection.java:307)oggger - Parsing relationship: /xl/worksheets/_rels/sheet2.xml.rels
08:27:18.704 [main] DEBUG org.apache.poi.openxml4j.opc.PackageRelationshipCollection.parseRelationshipsPart(PackageRelationshipCollection.java:307)oggger - Parsing relationship: /_rels/.rels
08:27:18.723 [main] DEBUG org.apache.poi.openxml4j.opc.PackageRelationshipCollection.parseRelationshipsPart(PackageRelationshipCollection.java:307)oggger - Parsing relationship: /xl/_rels/workbook.xml.rels
08:27:18.724 [main] DEBUG org.apache.poi.openxml4j.opc.PackageRelationshipCollection.parseRelationshipsPart(PackageRelationshipCollection.java:307)oggger - Parsing relationship: /xl/worksheets/_rels/sheet1.xml.rels
08:27:18.724 [main] DEBUG org.apache.poi.openxml4j.opc.PackageRelationshipCollection.parseRelationshipsPart(PackageRelationshipCollection.java:307)oggger - Parsing relationship: /xl/worksheets/_rels/sheet2.xml.rels
08:27:18.725 [main] DEBUG org.apache.poi.openxml4j.opc.PackageRelationshipCollection.parseRelationshipsPart(PackageRelationshipCollection.java:307)oggger - Parsing relationship: /_rels/.rels
08:27:18.743 [main] DEBUG org.apache.poi.openxml4j.opc.PackageRelationshipCollection.parseRelationshipsPart(PackageRelationshipCollection.java:307)oggger - Parsing relationship: /xl/_rels/workbook.xml.rels
08:27:18.744 [main] DEBUG org.apache.poi.openxml4j.opc.PackageRelationshipCollection.parseRelationshipsPart(PackageRelationshipCollection.java:307)oggger - Parsing relationship: /xl/worksheets/_rels/sheet1.xml.rels
08:27:18.744 [main] DEBUG org.apache.poi.openxml4j.opc.PackageRelationshipCollection.parseRelationshipsPart(PackageRelationshipCollection.java:307)oggger - Parsing relationship: /xl/worksheets/_rels/sheet2.xml.rels
08:27:18.745 [main] DEBUG org.apache.poi.openxml4j.opc.PackageRelationshipCollection.parseRelationshipsPart(PackageRelationshipCollection.java:307)oggger - Parsing relationship: /_rels/.rels
08:27:18.763 [main] DEBUG org.apache.poi.openxml4j.opc.PackageRelationshipCollection.parseRelationshipsPart(PackageRelationshipCollection.java:307)oggger - Parsing relationship: /xl/_rels/workbook.xml.rels
08:27:18.763 [main] DEBUG org.apache.poi.openxml4j.opc.PackageRelationshipCollection.parseRelationshipsPart(PackageRelationshipCollection.java:307)oggger - Parsing relationship: /xl/worksheets/_rels/sheet1.xml.rels
08:27:18.764 [main] DEBUG org.apache.poi.openxml4j.opc.PackageRelationshipCollection.parseRelationshipsPart(PackageRelationshipCollection.java:307)oggger - Parsing relationship: /xl/worksheets/_rels/sheet2.xml.rels
08:27:18.765 [main] DEBUG org.apache.poi.openxml4j.opc.PackageRelationshipCollection.parseRelationshipsPart(PackageRelationshipCollection.java:307)oggger - Parsing relationship: /_rels/.rels
08:27:18.781 [main] DEBUG org.apache.poi.openxml4j.opc.PackageRelationshipCollection.parseRelationshipsPart(PackageRelationshipCollection.java:307)oggger - Parsing relationship: /xl/_rels/workbook.xml.rels
08:27:18.782 [main] DEBUG org.apache.poi.openxml4j.opc.PackageRelationshipCollection.parseRelationshipsPart(PackageRelationshipCollection.java:307)oggger - Parsing relationship: /xl/worksheets/_rels/sheet1.xml.rels
08:27:18.783 [main] DEBUG org.apache.poi.openxml4j.opc.PackageRelationshipCollection.parseRelationshipsPart(PackageRelationshipCollection.java:307)oggger - Parsing relationship: /xl/worksheets/_rels/sheet2.xml.rels
08:27:18.783 [main] DEBUG org.apache.poi.openxml4j.opc.PackageRelationshipCollection.parseRelationshipsPart(PackageRelationshipCollection.java:307)oggger - Parsing relationship: /_rels/.rels
08:27:18.801 [main] DEBUG org.apache.poi.openxml4j.opc.PackageRelationshipCollection.parseRelationshipsPart(PackageRelationshipCollection.java:307)oggger - Parsing relationship: /xl/_rels/workbook.xml.rels
08:27:18.802 [main] DEBUG org.apache.poi.openxml4j.opc.PackageRelationshipCollection.parseRelationshipsPart(PackageRelationshipCollection.java:307)oggger - Parsing relationship: /xl/worksheets/_rels/sheet1.xml.rels
08:27:18.802 [main] DEBUG org.apache.poi.openxml4j.opc.PackageRelationshipCollection.parseRelationshipsPart(PackageRelationshipCollection.java:307)oggger - Parsing relationship: /xl/worksheets/_rels/sheet2.xml.rels
08:27:18.803 [main] DEBUG org.apache.poi.openxml4j.opc.PackageRelationshipCollection.parseRelationshipsPart(PackageRelationshipCollection.java:307)oggger - Parsing relationship: /_rels/.rels
08:27:18.819 [main] DEBUG org.apache.poi.openxml4j.opc.PackageRelationshipCollection.parseRelationshipsPart(PackageRelationshipCollection.java:307)oggger - Parsing relationship: /xl/_rels/workbook.xml.rels
08:27:18.820 [main] DEBUG org.apache.poi.openxml4j.opc.PackageRelationshipCollection.parseRelationshipsPart(PackageRelationshipCollection.java:307)oggger - Parsing relationship: /xl/worksheets/_rels/sheet1.xml.rels
08:27:18.821 [main] DEBUG org.apache.poi.openxml4j.opc.PackageRelationshipCollection.parseRelationshipsPart(PackageRelationshipCollection.java:307)oggger - Parsing relationship: /xl/worksheets/_rels/sheet2.xml.rels
08:27:18.821 [main] DEBUG org.apache.poi.openxml4j.opc.PackageRelationshipCollection.parseRelationshipsPart(PackageRelationshipCollection.java:307)oggger - Parsing relationship: /_rels/.rels
08:27:18.837 [main] DEBUG org.apache.poi.openxml4j.opc.PackageRelationshipCollection.parseRelationshipsPart(PackageRelationshipCollection.java:307)oggger - Parsing relationship: /xl/_rels/workbook.xml.rels
08:27:18.838 [main] DEBUG org.apache.poi.openxml4j.opc.PackageRelationshipCollection.parseRelationshipsPart(PackageRelationshipCollection.java:307)oggger - Parsing relationship: /xl/worksheets/_rels/sheet1.xml.rels
08:27:18.841 [main] DEBUG org.apache.poi.openxml4j.opc.PackageRelationshipCollection.parseRelationshipsPart(PackageRelationshipCollection.java:307)oggger - Parsing relationship: /xl/worksheets/_rels/sheet2.xml.rels
08:27:18.842 [main] DEBUG org.apache.poi.openxml4j.opc.PackageRelationshipCollection.parseRelationshipsPart(PackageRelationshipCollection.java:307)oggger - Parsing relationship: /_rels/.rels
08:27:18.860 [main] DEBUG org.apache.poi.openxml4j.opc.PackageRelationshipCollection.parseRelationshipsPart(PackageRelationshipCollection.java:307)oggger - Parsing relationship: /xl/_rels/workbook.xml.rels
08:27:18.860 [main] DEBUG org.apache.poi.openxml4j.opc.PackageRelationshipCollection.parseRelationshipsPart(PackageRelationshipCollection.java:307)oggger - Parsing relationship: /xl/worksheets/_rels/sheet1.xml.rels
08:27:18.861 [main] DEBUG org.apache.poi.openxml4j.opc.PackageRelationshipCollection.parseRelationshipsPart(PackageRelationshipCollection.java:307)oggger - Parsing relationship: /xl/worksheets/_rels/sheet2.xml.rels
08:27:18.862 [main] DEBUG org.apache.poi.openxml4j.opc.PackageRelationshipCollection.parseRelationshipsPart(PackageRelationshipCollection.java:307)oggger - Parsing relationship: /_rels/.rels
08:27:18.876 [main] DEBUG org.apache.poi.openxml4j.opc.PackageRelationshipCollection.parseRelationshipsPart(PackageRelationshipCollection.java:307)oggger - Parsing relationship: /xl/_rels/workbook.xml.rels
08:27:18.877 [main] DEBUG org.apache.poi.openxml4j.opc.PackageRelationshipCollection.parseRelationshipsPart(PackageRelationshipCollection.java:307)oggger - Parsing relationship: /xl/worksheets/_rels/sheet1.xml.rels
08:27:18.877 [main] DEBUG org.apache.poi.openxml4j.opc.PackageRelationshipCollection.parseRelationshipsPart(PackageRelationshipCollection.java:307)oggger - Parsing relationship: /xl/worksheets/_rels/sheet2.xml.rels
08:27:18.878 [main] DEBUG org.apache.poi.openxml4j.opc.PackageRelationshipCollection.parseRelationshipsPart(PackageRelationshipCollection.java:307)oggger - Parsing relationship: /_rels/.rels
08:27:18.892 [main] DEBUG org.apache.poi.openxml4j.opc.PackageRelationshipCollection.parseRelationshipsPart(PackageRelationshipCollection.java:307)oggger - Parsing relationship: /xl/_rels/workbook.xml.rels
08:27:18.893 [main] DEBUG org.apache.poi.openxml4j.opc.PackageRelationshipCollection.parseRelationshipsPart(PackageRelationshipCollection.java:307)oggger - Parsing relationship: /xl/worksheets/_rels/sheet1.xml.rels
08:27:18.894 [main] DEBUG org.apache.poi.openxml4j.opc.PackageRelationshipCollection.parseRelationshipsPart(PackageRelationshipCollection.java:307)oggger - Parsing relationship: /xl/worksheets/_rels/sheet2.xml.rels
08:27:18.894 [main] DEBUG org.apache.poi.openxml4j.opc.PackageRelationshipCollection.parseRelationshipsPart(PackageRelationshipCollection.java:307)oggger - Parsing relationship: /_rels/.rels
08:27:18.911 [main] DEBUG org.apache.poi.openxml4j.opc.PackageRelationshipCollection.parseRelationshipsPart(PackageRelationshipCollection.java:307)oggger - Parsing relationship: /xl/_rels/workbook.xml.rels
08:27:18.912 [main] DEBUG org.apache.poi.openxml4j.opc.PackageRelationshipCollection.parseRelationshipsPart(PackageRelationshipCollection.java:307)oggger - Parsing relationship: /xl/worksheets/_rels/sheet1.xml.rels
08:27:18.912 [main] DEBUG org.apache.poi.openxml4j.opc.PackageRelationshipCollection.parseRelationshipsPart(PackageRelationshipCollection.java:307)oggger - Parsing relationship: /xl/worksheets/_rels/sheet2.xml.rels
08:27:18.913 [main] DEBUG org.apache.poi.openxml4j.opc.PackageRelationshipCollection.parseRelationshipsPart(PackageRelationshipCollection.java:307)oggger - Parsing relationship: /_rels/.rels
08:27:18.927 [main] DEBUG org.apache.poi.openxml4j.opc.PackageRelationshipCollection.parseRelationshipsPart(PackageRelationshipCollection.java:307)oggger - Parsing relationship: /xl/_rels/workbook.xml.rels
08:27:18.928 [main] DEBUG org.apache.poi.openxml4j.opc.PackageRelationshipCollection.parseRelationshipsPart(PackageRelationshipCollection.java:307)oggger - Parsing relationship: /xl/worksheets/_rels/sheet1.xml.rels
08:27:18.929 [main] DEBUG org.apache.poi.openxml4j.opc.PackageRelationshipCollection.parseRelationshipsPart(PackageRelationshipCollection.java:307)oggger - Parsing relationship: /xl/worksheets/_rels/sheet2.xml.rels
08:27:18.929 [main] DEBUG org.apache.poi.openxml4j.opc.PackageRelationshipCollection.parseRelationshipsPart(PackageRelationshipCollection.java:307)oggger - Parsing relationship: /_rels/.rels
08:27:18.944 [main] DEBUG org.apache.poi.openxml4j.opc.PackageRelationshipCollection.parseRelationshipsPart(PackageRelationshipCollection.java:307)oggger - Parsing relationship: /xl/_rels/workbook.xml.rels
08:27:18.945 [main] DEBUG org.apache.poi.openxml4j.opc.PackageRelationshipCollection.parseRelationshipsPart(PackageRelationshipCollection.java:307)oggger - Parsing relationship: /xl/worksheets/_rels/sheet1.xml.rels
08:27:18.945 [main] DEBUG org.apache.poi.openxml4j.opc.PackageRelationshipCollection.parseRelationshipsPart(PackageRelationshipCollection.java:307)oggger - Parsing relationship: /xl/worksheets/_rels/sheet2.xml.rels
08:27:18.946 [main] DEBUG org.apache.poi.openxml4j.opc.PackageRelationshipCollection.parseRelationshipsPart(PackageRelationshipCollection.java:307)oggger - Parsing relationship: /_rels/.rels
08:27:18.965 [main] DEBUG org.apache.poi.openxml4j.opc.PackageRelationshipCollection.parseRelationshipsPart(PackageRelationshipCollection.java:307)oggger - Parsing relationship: /xl/_rels/workbook.xml.rels
08:27:18.966 [main] DEBUG org.apache.poi.openxml4j.opc.PackageRelationshipCollection.parseRelationshipsPart(PackageRelationshipCollection.java:307)oggger - Parsing relationship: /xl/worksheets/_rels/sheet1.xml.rels
08:27:18.967 [main] DEBUG org.apache.poi.openxml4j.opc.PackageRelationshipCollection.parseRelationshipsPart(PackageRelationshipCollection.java:307)oggger - Parsing relationship: /xl/worksheets/_rels/sheet2.xml.rels
08:27:18.968 [main] DEBUG org.apache.poi.openxml4j.opc.PackageRelationshipCollection.parseRelationshipsPart(PackageRelationshipCollection.java:307)oggger - Parsing relationship: /_rels/.rels
08:27:18.985 [main] DEBUG org.apache.poi.openxml4j.opc.PackageRelationshipCollection.parseRelationshipsPart(PackageRelationshipCollection.java:307)oggger - Parsing relationship: /xl/_rels/workbook.xml.rels
08:27:18.985 [main] DEBUG org.apache.poi.openxml4j.opc.PackageRelationshipCollection.parseRelationshipsPart(PackageRelationshipCollection.java:307)oggger - Parsing relationship: /xl/worksheets/_rels/sheet1.xml.rels
08:27:18.986 [main] DEBUG org.apache.poi.openxml4j.opc.PackageRelationshipCollection.parseRelationshipsPart(PackageRelationshipCollection.java:307)oggger - Parsing relationship: /xl/worksheets/_rels/sheet2.xml.rels
08:27:18.987 [main] DEBUG org.apache.poi.openxml4j.opc.PackageRelationshipCollection.parseRelationshipsPart(PackageRelationshipCollection.java:307)oggger - Parsing relationship: /_rels/.rels
08:27:19.001 [main] DEBUG org.apache.poi.openxml4j.opc.PackageRelationshipCollection.parseRelationshipsPart(PackageRelationshipCollection.java:307)oggger - Parsing relationship: /xl/_rels/workbook.xml.rels
08:27:19.002 [main] DEBUG org.apache.poi.openxml4j.opc.PackageRelationshipCollection.parseRelationshipsPart(PackageRelationshipCollection.java:307)oggger - Parsing relationship: /xl/worksheets/_rels/sheet1.xml.rels
08:27:19.003 [main] DEBUG org.apache.poi.openxml4j.opc.PackageRelationshipCollection.parseRelationshipsPart(PackageRelationshipCollection.java:307)oggger - Parsing relationship: /xl/worksheets/_rels/sheet2.xml.rels
08:27:19.003 [main] DEBUG org.apache.poi.openxml4j.opc.PackageRelationshipCollection.parseRelationshipsPart(PackageRelationshipCollection.java:307)oggger - Parsing relationship: /_rels/.rels
08:27:19.017 [main] DEBUG org.apache.poi.openxml4j.opc.PackageRelationshipCollection.parseRelationshipsPart(PackageRelationshipCollection.java:307)oggger - Parsing relationship: /xl/_rels/workbook.xml.rels
08:27:19.018 [main] DEBUG org.apache.poi.openxml4j.opc.PackageRelationshipCollection.parseRelationshipsPart(PackageRelationshipCollection.java:307)oggger - Parsing relationship: /xl/worksheets/_rels/sheet1.xml.rels
08:27:19.018 [main] DEBUG org.apache.poi.openxml4j.opc.PackageRelationshipCollection.parseRelationshipsPart(PackageRelationshipCollection.java:307)oggger - Parsing relationship: /xl/worksheets/_rels/sheet2.xml.rels
08:27:19.019 [main] DEBUG org.apache.poi.openxml4j.opc.PackageRelationshipCollection.parseRelationshipsPart(PackageRelationshipCollection.java:307)oggger - Parsing relationship: /_rels/.rels
08:27:19.035 [main] DEBUG org.apache.poi.openxml4j.opc.PackageRelationshipCollection.parseRelationshipsPart(PackageRelationshipCollection.java:307)oggger - Parsing relationship: /xl/_rels/workbook.xml.rels
08:27:19.035 [main] DEBUG org.apache.poi.openxml4j.opc.PackageRelationshipCollection.parseRelationshipsPart(PackageRelationshipCollection.java:307)oggger - Parsing relationship: /xl/worksheets/_rels/sheet1.xml.rels
08:27:19.036 [main] DEBUG org.apache.poi.openxml4j.opc.PackageRelationshipCollection.parseRelationshipsPart(PackageRelationshipCollection.java:307)oggger - Parsing relationship: /xl/worksheets/_rels/sheet2.xml.rels
08:27:19.036 [main] DEBUG org.apache.poi.openxml4j.opc.PackageRelationshipCollection.parseRelationshipsPart(PackageRelationshipCollection.java:307)oggger - Parsing relationship: /_rels/.rels
08:27:19.049 [main] DEBUG org.apache.poi.openxml4j.opc.PackageRelationshipCollection.parseRelationshipsPart(PackageRelationshipCollection.java:307)oggger - Parsing relationship: /xl/_rels/workbook.xml.rels
08:27:19.050 [main] DEBUG org.apache.poi.openxml4j.opc.PackageRelationshipCollection.parseRelationshipsPart(PackageRelationshipCollection.java:307)oggger - Parsing relationship: /xl/worksheets/_rels/sheet1.xml.rels
08:27:19.051 [main] DEBUG org.apache.poi.openxml4j.opc.PackageRelationshipCollection.parseRelationshipsPart(PackageRelationshipCollection.java:307)oggger - Parsing relationship: /xl/worksheets/_rels/sheet2.xml.rels
08:27:19.052 [main] DEBUG org.apache.poi.openxml4j.opc.PackageRelationshipCollection.parseRelationshipsPart(PackageRelationshipCollection.java:307)oggger - Parsing relationship: /_rels/.rels
08:27:19.068 [main] DEBUG org.apache.poi.openxml4j.opc.PackageRelationshipCollection.parseRelationshipsPart(PackageRelationshipCollection.java:307)oggger - Parsing relationship: /xl/_rels/workbook.xml.rels
08:27:19.070 [main] DEBUG org.apache.poi.openxml4j.opc.PackageRelationshipCollection.parseRelationshipsPart(PackageRelationshipCollection.java:307)oggger - Parsing relationship: /xl/worksheets/_rels/sheet1.xml.rels
08:27:19.070 [main] DEBUG org.apache.poi.openxml4j.opc.PackageRelationshipCollection.parseRelationshipsPart(PackageRelationshipCollection.java:307)oggger - Parsing relationship: /xl/worksheets/_rels/sheet2.xml.rels
08:27:19.071 [main] DEBUG org.apache.poi.openxml4j.opc.PackageRelationshipCollection.parseRelationshipsPart(PackageRelationshipCollection.java:307)oggger - Parsing relationship: /_rels/.rels
08:27:19.084 [main] DEBUG org.apache.poi.openxml4j.opc.PackageRelationshipCollection.parseRelationshipsPart(PackageRelationshipCollection.java:307)oggger - Parsing relationship: /xl/_rels/workbook.xml.rels
08:27:19.084 [main] DEBUG org.apache.poi.openxml4j.opc.PackageRelationshipCollection.parseRelationshipsPart(PackageRelationshipCollection.java:307)oggger - Parsing relationship: /xl/worksheets/_rels/sheet1.xml.rels
08:27:19.085 [main] DEBUG org.apache.poi.openxml4j.opc.PackageRelationshipCollection.parseRelationshipsPart(PackageRelationshipCollection.java:307)oggger - Parsing relationship: /xl/worksheets/_rels/sheet2.xml.rels
08:27:19.085 [main] DEBUG org.apache.poi.openxml4j.opc.PackageRelationshipCollection.parseRelationshipsPart(PackageRelationshipCollection.java:307)oggger - Parsing relationship: /_rels/.rels
08:27:19.100 [main] DEBUG org.apache.poi.openxml4j.opc.PackageRelationshipCollection.parseRelationshipsPart(PackageRelationshipCollection.java:307)oggger - Parsing relationship: /xl/_rels/workbook.xml.rels
08:27:19.101 [main] DEBUG org.apache.poi.openxml4j.opc.PackageRelationshipCollection.parseRelationshipsPart(PackageRelationshipCollection.java:307)oggger - Parsing relationship: /xl/worksheets/_rels/sheet1.xml.rels
08:27:19.101 [main] DEBUG org.apache.poi.openxml4j.opc.PackageRelationshipCollection.parseRelationshipsPart(PackageRelationshipCollection.java:307)oggger - Parsing relationship: /xl/worksheets/_rels/sheet2.xml.rels
08:27:19.102 [main] DEBUG org.apache.poi.openxml4j.opc.PackageRelationshipCollection.parseRelationshipsPart(PackageRelationshipCollection.java:307)oggger - Parsing relationship: /_rels/.rels
08:27:19.112 [main] DEBUG org.apache.poi.openxml4j.opc.PackageRelationshipCollection.parseRelationshipsPart(PackageRelationshipCollection.java:307)oggger - Parsing relationship: /xl/_rels/workbook.xml.rels
08:27:19.112 [main] DEBUG org.apache.poi.openxml4j.opc.PackageRelationshipCollection.parseRelationshipsPart(PackageRelationshipCollection.java:307)oggger - Parsing relationship: /xl/worksheets/_rels/sheet1.xml.rels
08:27:19.112 [main] DEBUG org.apache.poi.openxml4j.opc.PackageRelationshipCollection.parseRelationshipsPart(PackageRelationshipCollection.java:307)oggger - Parsing relationship: /xl/worksheets/_rels/sheet2.xml.rels
08:27:19.113 [main] DEBUG org.apache.poi.openxml4j.opc.PackageRelationshipCollection.parseRelationshipsPart(PackageRelationshipCollection.java:307)oggger - Parsing relationship: /_rels/.rels
08:27:19.123 [main] DEBUG org.apache.poi.openxml4j.opc.PackageRelationshipCollection.parseRelationshipsPart(PackageRelationshipCollection.java:307)oggger - Parsing relationship: /xl/_rels/workbook.xml.rels
08:27:19.123 [main] DEBUG org.apache.poi.openxml4j.opc.PackageRelationshipCollection.parseRelationshipsPart(PackageRelationshipCollection.java:307)oggger - Parsing relationship: /xl/worksheets/_rels/sheet1.xml.rels
08:27:19.124 [main] DEBUG org.apache.poi.openxml4j.opc.PackageRelationshipCollection.parseRelationshipsPart(PackageRelationshipCollection.java:307)oggger - Parsing relationship: /xl/worksheets/_rels/sheet2.xml.rels
08:27:19.125 [main] DEBUG org.apache.poi.openxml4j.opc.PackageRelationshipCollection.parseRelationshipsPart(PackageRelationshipCollection.java:307)oggger - Parsing relationship: /_rels/.rels
08:27:19.145 [main] DEBUG org.apache.poi.openxml4j.opc.PackageRelationshipCollection.parseRelationshipsPart(PackageRelationshipCollection.java:307)oggger - Parsing relationship: /xl/_rels/workbook.xml.rels
08:27:19.146 [main] DEBUG org.apache.poi.openxml4j.opc.PackageRelationshipCollection.parseRelationshipsPart(PackageRelationshipCollection.java:307)oggger - Parsing relationship: /xl/worksheets/_rels/sheet1.xml.rels
08:27:19.146 [main] DEBUG org.apache.poi.openxml4j.opc.PackageRelationshipCollection.parseRelationshipsPart(PackageRelationshipCollection.java:307)oggger - Parsing relationship: /xl/worksheets/_rels/sheet2.xml.rels
08:27:19.147 [main] DEBUG org.apache.poi.openxml4j.opc.PackageRelationshipCollection.parseRelationshipsPart(PackageRelationshipCollection.java:307)oggger - Parsing relationship: /_rels/.rels
08:27:19.164 [main] DEBUG org.apache.poi.openxml4j.opc.PackageRelationshipCollection.parseRelationshipsPart(PackageRelationshipCollection.java:307)oggger - Parsing relationship: /xl/_rels/workbook.xml.rels
08:27:19.165 [main] DEBUG org.apache.poi.openxml4j.opc.PackageRelationshipCollection.parseRelationshipsPart(PackageRelationshipCollection.java:307)oggger - Parsing relationship: /xl/worksheets/_rels/sheet1.xml.rels
08:27:19.165 [main] DEBUG org.apache.poi.openxml4j.opc.PackageRelationshipCollection.parseRelationshipsPart(PackageRelationshipCollection.java:307)oggger - Parsing relationship: /xl/worksheets/_rels/sheet2.xml.rels
08:27:19.165 [main] DEBUG org.apache.poi.openxml4j.opc.PackageRelationshipCollection.parseRelationshipsPart(PackageRelationshipCollection.java:307)oggger - Parsing relationship: /_rels/.rels
08:37:21.756 [main] DEBUG org.testng.log4testng.Logger.debug(Logger.java:82)oggger - suiteXmlPath: "C:\Users\VedaB\eclipse-workspace\OpenCartV121\master.xml"
08:37:22.502 [main] INFO  org.testng.log4testng.Logger.info(Logger.java:112)oggger - [TestNG] Running:
  C:\Users\VedaB\eclipse-workspace\OpenCartV121\master.xml

08:37:27.208 [main] DEBUG org.apache.poi.openxml4j.opc.PackageRelationshipCollection.parseRelationshipsPart(PackageRelationshipCollection.java:307)oggger - Parsing relationship: /xl/_rels/workbook.xml.rels
08:37:27.229 [main] DEBUG org.apache.poi.openxml4j.opc.PackageRelationshipCollection.parseRelationshipsPart(PackageRelationshipCollection.java:307)oggger - Parsing relationship: /xl/worksheets/_rels/sheet1.xml.rels
08:37:27.235 [main] DEBUG org.apache.poi.openxml4j.opc.PackageRelationshipCollection.parseRelationshipsPart(PackageRelationshipCollection.java:307)oggger - Parsing relationship: /xl/worksheets/_rels/sheet2.xml.rels
08:37:27.255 [main] DEBUG org.apache.poi.openxml4j.opc.PackageRelationshipCollection.parseRelationshipsPart(PackageRelationshipCollection.java:307)oggger - Parsing relationship: /xl/worksheets/_rels/sheet3.xml.rels
08:37:27.264 [main] DEBUG org.apache.poi.openxml4j.opc.PackageRelationshipCollection.parseRelationshipsPart(PackageRelationshipCollection.java:307)oggger - Parsing relationship: /_rels/.rels
08:37:28.190 [main] DEBUG org.apache.poi.ooxml.POIXMLFactory.createDocumentPart(POIXMLFactory.java:65)oggger - using default POIXMLDocumentPart for http://schemas.openxmlformats.org/officeDocument/2006/relationships/printerSettings
08:37:28.394 [main] DEBUG org.apache.poi.openxml4j.opc.PackageRelationshipCollection.parseRelationshipsPart(PackageRelationshipCollection.java:307)oggger - Parsing relationship: /xl/_rels/workbook.xml.rels
08:37:28.397 [main] DEBUG org.apache.poi.openxml4j.opc.PackageRelationshipCollection.parseRelationshipsPart(PackageRelationshipCollection.java:307)oggger - Parsing relationship: /xl/worksheets/_rels/sheet1.xml.rels
08:37:28.399 [main] DEBUG org.apache.poi.openxml4j.opc.PackageRelationshipCollection.parseRelationshipsPart(PackageRelationshipCollection.java:307)oggger - Parsing relationship: /xl/worksheets/_rels/sheet2.xml.rels
08:37:28.400 [main] DEBUG org.apache.poi.openxml4j.opc.PackageRelationshipCollection.parseRelationshipsPart(PackageRelationshipCollection.java:307)oggger - Parsing relationship: /xl/worksheets/_rels/sheet3.xml.rels
08:37:28.402 [main] DEBUG org.apache.poi.openxml4j.opc.PackageRelationshipCollection.parseRelationshipsPart(PackageRelationshipCollection.java:307)oggger - Parsing relationship: /_rels/.rels
08:37:28.425 [main] DEBUG org.apache.poi.ooxml.POIXMLFactory.createDocumentPart(POIXMLFactory.java:65)oggger - using default POIXMLDocumentPart for http://schemas.openxmlformats.org/officeDocument/2006/relationships/printerSettings
08:37:28.464 [main] DEBUG org.apache.poi.openxml4j.opc.PackageRelationshipCollection.parseRelationshipsPart(PackageRelationshipCollection.java:307)oggger - Parsing relationship: /xl/_rels/workbook.xml.rels
08:37:28.466 [main] DEBUG org.apache.poi.openxml4j.opc.PackageRelationshipCollection.parseRelationshipsPart(PackageRelationshipCollection.java:307)oggger - Parsing relationship: /xl/worksheets/_rels/sheet1.xml.rels
08:37:28.467 [main] DEBUG org.apache.poi.openxml4j.opc.PackageRelationshipCollection.parseRelationshipsPart(PackageRelationshipCollection.java:307)oggger - Parsing relationship: /xl/worksheets/_rels/sheet2.xml.rels
08:37:28.469 [main] DEBUG org.apache.poi.openxml4j.opc.PackageRelationshipCollection.parseRelationshipsPart(PackageRelationshipCollection.java:307)oggger - Parsing relationship: /xl/worksheets/_rels/sheet3.xml.rels
08:37:28.470 [main] DEBUG org.apache.poi.openxml4j.opc.PackageRelationshipCollection.parseRelationshipsPart(PackageRelationshipCollection.java:307)oggger - Parsing relationship: /_rels/.rels
08:37:28.488 [main] DEBUG org.apache.poi.ooxml.POIXMLFactory.createDocumentPart(POIXMLFactory.java:65)oggger - using default POIXMLDocumentPart for http://schemas.openxmlformats.org/officeDocument/2006/relationships/printerSettings
08:37:28.529 [main] DEBUG org.apache.poi.openxml4j.opc.PackageRelationshipCollection.parseRelationshipsPart(PackageRelationshipCollection.java:307)oggger - Parsing relationship: /xl/_rels/workbook.xml.rels
08:37:28.530 [main] DEBUG org.apache.poi.openxml4j.opc.PackageRelationshipCollection.parseRelationshipsPart(PackageRelationshipCollection.java:307)oggger - Parsing relationship: /xl/worksheets/_rels/sheet1.xml.rels
08:37:28.531 [main] DEBUG org.apache.poi.openxml4j.opc.PackageRelationshipCollection.parseRelationshipsPart(PackageRelationshipCollection.java:307)oggger - Parsing relationship: /xl/worksheets/_rels/sheet2.xml.rels
08:37:28.532 [main] DEBUG org.apache.poi.openxml4j.opc.PackageRelationshipCollection.parseRelationshipsPart(PackageRelationshipCollection.java:307)oggger - Parsing relationship: /xl/worksheets/_rels/sheet3.xml.rels
08:37:28.533 [main] DEBUG org.apache.poi.openxml4j.opc.PackageRelationshipCollection.parseRelationshipsPart(PackageRelationshipCollection.java:307)oggger - Parsing relationship: /_rels/.rels
08:37:28.543 [main] DEBUG org.apache.poi.ooxml.POIXMLFactory.createDocumentPart(POIXMLFactory.java:65)oggger - using default POIXMLDocumentPart for http://schemas.openxmlformats.org/officeDocument/2006/relationships/printerSettings
08:37:28.564 [main] DEBUG org.apache.poi.openxml4j.opc.PackageRelationshipCollection.parseRelationshipsPart(PackageRelationshipCollection.java:307)oggger - Parsing relationship: /xl/_rels/workbook.xml.rels
08:37:28.565 [main] DEBUG org.apache.poi.openxml4j.opc.PackageRelationshipCollection.parseRelationshipsPart(PackageRelationshipCollection.java:307)oggger - Parsing relationship: /xl/worksheets/_rels/sheet1.xml.rels
08:37:28.566 [main] DEBUG org.apache.poi.openxml4j.opc.PackageRelationshipCollection.parseRelationshipsPart(PackageRelationshipCollection.java:307)oggger - Parsing relationship: /xl/worksheets/_rels/sheet2.xml.rels
08:37:28.567 [main] DEBUG org.apache.poi.openxml4j.opc.PackageRelationshipCollection.parseRelationshipsPart(PackageRelationshipCollection.java:307)oggger - Parsing relationship: /xl/worksheets/_rels/sheet3.xml.rels
08:37:28.569 [main] DEBUG org.apache.poi.openxml4j.opc.PackageRelationshipCollection.parseRelationshipsPart(PackageRelationshipCollection.java:307)oggger - Parsing relationship: /_rels/.rels
08:37:28.579 [main] DEBUG org.apache.poi.ooxml.POIXMLFactory.createDocumentPart(POIXMLFactory.java:65)oggger - using default POIXMLDocumentPart for http://schemas.openxmlformats.org/officeDocument/2006/relationships/printerSettings
08:37:28.603 [main] DEBUG org.apache.poi.openxml4j.opc.PackageRelationshipCollection.parseRelationshipsPart(PackageRelationshipCollection.java:307)oggger - Parsing relationship: /xl/_rels/workbook.xml.rels
08:37:28.606 [main] DEBUG org.apache.poi.openxml4j.opc.PackageRelationshipCollection.parseRelationshipsPart(PackageRelationshipCollection.java:307)oggger - Parsing relationship: /xl/worksheets/_rels/sheet1.xml.rels
08:37:28.607 [main] DEBUG org.apache.poi.openxml4j.opc.PackageRelationshipCollection.parseRelationshipsPart(PackageRelationshipCollection.java:307)oggger - Parsing relationship: /xl/worksheets/_rels/sheet2.xml.rels
08:37:28.608 [main] DEBUG org.apache.poi.openxml4j.opc.PackageRelationshipCollection.parseRelationshipsPart(PackageRelationshipCollection.java:307)oggger - Parsing relationship: /xl/worksheets/_rels/sheet3.xml.rels
08:37:28.609 [main] DEBUG org.apache.poi.openxml4j.opc.PackageRelationshipCollection.parseRelationshipsPart(PackageRelationshipCollection.java:307)oggger - Parsing relationship: /_rels/.rels
08:37:28.618 [main] DEBUG org.apache.poi.ooxml.POIXMLFactory.createDocumentPart(POIXMLFactory.java:65)oggger - using default POIXMLDocumentPart for http://schemas.openxmlformats.org/officeDocument/2006/relationships/printerSettings
08:37:28.641 [main] DEBUG org.apache.poi.openxml4j.opc.PackageRelationshipCollection.parseRelationshipsPart(PackageRelationshipCollection.java:307)oggger - Parsing relationship: /xl/_rels/workbook.xml.rels
08:37:28.642 [main] DEBUG org.apache.poi.openxml4j.opc.PackageRelationshipCollection.parseRelationshipsPart(PackageRelationshipCollection.java:307)oggger - Parsing relationship: /xl/worksheets/_rels/sheet1.xml.rels
08:37:28.643 [main] DEBUG org.apache.poi.openxml4j.opc.PackageRelationshipCollection.parseRelationshipsPart(PackageRelationshipCollection.java:307)oggger - Parsing relationship: /xl/worksheets/_rels/sheet2.xml.rels
08:37:28.644 [main] DEBUG org.apache.poi.openxml4j.opc.PackageRelationshipCollection.parseRelationshipsPart(PackageRelationshipCollection.java:307)oggger - Parsing relationship: /xl/worksheets/_rels/sheet3.xml.rels
08:37:28.645 [main] DEBUG org.apache.poi.openxml4j.opc.PackageRelationshipCollection.parseRelationshipsPart(PackageRelationshipCollection.java:307)oggger - Parsing relationship: /_rels/.rels
08:37:28.654 [main] DEBUG org.apache.poi.ooxml.POIXMLFactory.createDocumentPart(POIXMLFactory.java:65)oggger - using default POIXMLDocumentPart for http://schemas.openxmlformats.org/officeDocument/2006/relationships/printerSettings
08:37:28.674 [main] DEBUG org.apache.poi.openxml4j.opc.PackageRelationshipCollection.parseRelationshipsPart(PackageRelationshipCollection.java:307)oggger - Parsing relationship: /xl/_rels/workbook.xml.rels
08:37:28.674 [main] DEBUG org.apache.poi.openxml4j.opc.PackageRelationshipCollection.parseRelationshipsPart(PackageRelationshipCollection.java:307)oggger - Parsing relationship: /xl/worksheets/_rels/sheet1.xml.rels
08:37:28.675 [main] DEBUG org.apache.poi.openxml4j.opc.PackageRelationshipCollection.parseRelationshipsPart(PackageRelationshipCollection.java:307)oggger - Parsing relationship: /xl/worksheets/_rels/sheet2.xml.rels
08:37:28.676 [main] DEBUG org.apache.poi.openxml4j.opc.PackageRelationshipCollection.parseRelationshipsPart(PackageRelationshipCollection.java:307)oggger - Parsing relationship: /xl/worksheets/_rels/sheet3.xml.rels
08:37:28.677 [main] DEBUG org.apache.poi.openxml4j.opc.PackageRelationshipCollection.parseRelationshipsPart(PackageRelationshipCollection.java:307)oggger - Parsing relationship: /_rels/.rels
08:37:28.687 [main] DEBUG org.apache.poi.ooxml.POIXMLFactory.createDocumentPart(POIXMLFactory.java:65)oggger - using default POIXMLDocumentPart for http://schemas.openxmlformats.org/officeDocument/2006/relationships/printerSettings
08:37:28.706 [main] DEBUG org.apache.poi.openxml4j.opc.PackageRelationshipCollection.parseRelationshipsPart(PackageRelationshipCollection.java:307)oggger - Parsing relationship: /xl/_rels/workbook.xml.rels
08:37:28.707 [main] DEBUG org.apache.poi.openxml4j.opc.PackageRelationshipCollection.parseRelationshipsPart(PackageRelationshipCollection.java:307)oggger - Parsing relationship: /xl/worksheets/_rels/sheet1.xml.rels
08:37:28.707 [main] DEBUG org.apache.poi.openxml4j.opc.PackageRelationshipCollection.parseRelationshipsPart(PackageRelationshipCollection.java:307)oggger - Parsing relationship: /xl/worksheets/_rels/sheet2.xml.rels
08:37:28.708 [main] DEBUG org.apache.poi.openxml4j.opc.PackageRelationshipCollection.parseRelationshipsPart(PackageRelationshipCollection.java:307)oggger - Parsing relationship: /xl/worksheets/_rels/sheet3.xml.rels
08:37:28.709 [main] DEBUG org.apache.poi.openxml4j.opc.PackageRelationshipCollection.parseRelationshipsPart(PackageRelationshipCollection.java:307)oggger - Parsing relationship: /_rels/.rels
08:37:28.718 [main] DEBUG org.apache.poi.ooxml.POIXMLFactory.createDocumentPart(POIXMLFactory.java:65)oggger - using default POIXMLDocumentPart for http://schemas.openxmlformats.org/officeDocument/2006/relationships/printerSettings
08:37:28.736 [main] DEBUG org.apache.poi.openxml4j.opc.PackageRelationshipCollection.parseRelationshipsPart(PackageRelationshipCollection.java:307)oggger - Parsing relationship: /xl/_rels/workbook.xml.rels
08:37:28.737 [main] DEBUG org.apache.poi.openxml4j.opc.PackageRelationshipCollection.parseRelationshipsPart(PackageRelationshipCollection.java:307)oggger - Parsing relationship: /xl/worksheets/_rels/sheet1.xml.rels
08:37:28.737 [main] DEBUG org.apache.poi.openxml4j.opc.PackageRelationshipCollection.parseRelationshipsPart(PackageRelationshipCollection.java:307)oggger - Parsing relationship: /xl/worksheets/_rels/sheet2.xml.rels
08:37:28.739 [main] DEBUG org.apache.poi.openxml4j.opc.PackageRelationshipCollection.parseRelationshipsPart(PackageRelationshipCollection.java:307)oggger - Parsing relationship: /xl/worksheets/_rels/sheet3.xml.rels
08:37:28.739 [main] DEBUG org.apache.poi.openxml4j.opc.PackageRelationshipCollection.parseRelationshipsPart(PackageRelationshipCollection.java:307)oggger - Parsing relationship: /_rels/.rels
08:37:28.752 [main] DEBUG org.apache.poi.ooxml.POIXMLFactory.createDocumentPart(POIXMLFactory.java:65)oggger - using default POIXMLDocumentPart for http://schemas.openxmlformats.org/officeDocument/2006/relationships/printerSettings
08:37:28.777 [main] DEBUG org.apache.poi.openxml4j.opc.PackageRelationshipCollection.parseRelationshipsPart(PackageRelationshipCollection.java:307)oggger - Parsing relationship: /xl/_rels/workbook.xml.rels
08:37:28.777 [main] DEBUG org.apache.poi.openxml4j.opc.PackageRelationshipCollection.parseRelationshipsPart(PackageRelationshipCollection.java:307)oggger - Parsing relationship: /xl/worksheets/_rels/sheet1.xml.rels
08:37:28.780 [main] DEBUG org.apache.poi.openxml4j.opc.PackageRelationshipCollection.parseRelationshipsPart(PackageRelationshipCollection.java:307)oggger - Parsing relationship: /xl/worksheets/_rels/sheet2.xml.rels
08:37:28.781 [main] DEBUG org.apache.poi.openxml4j.opc.PackageRelationshipCollection.parseRelationshipsPart(PackageRelationshipCollection.java:307)oggger - Parsing relationship: /xl/worksheets/_rels/sheet3.xml.rels
08:37:28.782 [main] DEBUG org.apache.poi.openxml4j.opc.PackageRelationshipCollection.parseRelationshipsPart(PackageRelationshipCollection.java:307)oggger - Parsing relationship: /_rels/.rels
08:37:28.793 [main] DEBUG org.apache.poi.ooxml.POIXMLFactory.createDocumentPart(POIXMLFactory.java:65)oggger - using default POIXMLDocumentPart for http://schemas.openxmlformats.org/officeDocument/2006/relationships/printerSettings
08:37:28.819 [main] DEBUG org.apache.poi.openxml4j.opc.PackageRelationshipCollection.parseRelationshipsPart(PackageRelationshipCollection.java:307)oggger - Parsing relationship: /xl/_rels/workbook.xml.rels
08:37:28.820 [main] DEBUG org.apache.poi.openxml4j.opc.PackageRelationshipCollection.parseRelationshipsPart(PackageRelationshipCollection.java:307)oggger - Parsing relationship: /xl/worksheets/_rels/sheet1.xml.rels
08:37:28.821 [main] DEBUG org.apache.poi.openxml4j.opc.PackageRelationshipCollection.parseRelationshipsPart(PackageRelationshipCollection.java:307)oggger - Parsing relationship: /xl/worksheets/_rels/sheet2.xml.rels
08:37:28.822 [main] DEBUG org.apache.poi.openxml4j.opc.PackageRelationshipCollection.parseRelationshipsPart(PackageRelationshipCollection.java:307)oggger - Parsing relationship: /xl/worksheets/_rels/sheet3.xml.rels
08:37:28.823 [main] DEBUG org.apache.poi.openxml4j.opc.PackageRelationshipCollection.parseRelationshipsPart(PackageRelationshipCollection.java:307)oggger - Parsing relationship: /_rels/.rels
08:37:28.830 [main] DEBUG org.apache.poi.ooxml.POIXMLFactory.createDocumentPart(POIXMLFactory.java:65)oggger - using default POIXMLDocumentPart for http://schemas.openxmlformats.org/officeDocument/2006/relationships/printerSettings
08:37:28.847 [main] DEBUG org.apache.poi.openxml4j.opc.PackageRelationshipCollection.parseRelationshipsPart(PackageRelationshipCollection.java:307)oggger - Parsing relationship: /xl/_rels/workbook.xml.rels
08:37:28.848 [main] DEBUG org.apache.poi.openxml4j.opc.PackageRelationshipCollection.parseRelationshipsPart(PackageRelationshipCollection.java:307)oggger - Parsing relationship: /xl/worksheets/_rels/sheet1.xml.rels
08:37:28.849 [main] DEBUG org.apache.poi.openxml4j.opc.PackageRelationshipCollection.parseRelationshipsPart(PackageRelationshipCollection.java:307)oggger - Parsing relationship: /xl/worksheets/_rels/sheet2.xml.rels
08:37:28.850 [main] DEBUG org.apache.poi.openxml4j.opc.PackageRelationshipCollection.parseRelationshipsPart(PackageRelationshipCollection.java:307)oggger - Parsing relationship: /xl/worksheets/_rels/sheet3.xml.rels
08:37:28.850 [main] DEBUG org.apache.poi.openxml4j.opc.PackageRelationshipCollection.parseRelationshipsPart(PackageRelationshipCollection.java:307)oggger - Parsing relationship: /_rels/.rels
08:37:28.859 [main] DEBUG org.apache.poi.ooxml.POIXMLFactory.createDocumentPart(POIXMLFactory.java:65)oggger - using default POIXMLDocumentPart for http://schemas.openxmlformats.org/officeDocument/2006/relationships/printerSettings
08:37:28.874 [main] DEBUG org.apache.poi.openxml4j.opc.PackageRelationshipCollection.parseRelationshipsPart(PackageRelationshipCollection.java:307)oggger - Parsing relationship: /xl/_rels/workbook.xml.rels
08:37:28.875 [main] DEBUG org.apache.poi.openxml4j.opc.PackageRelationshipCollection.parseRelationshipsPart(PackageRelationshipCollection.java:307)oggger - Parsing relationship: /xl/worksheets/_rels/sheet1.xml.rels
08:37:28.876 [main] DEBUG org.apache.poi.openxml4j.opc.PackageRelationshipCollection.parseRelationshipsPart(PackageRelationshipCollection.java:307)oggger - Parsing relationship: /xl/worksheets/_rels/sheet2.xml.rels
08:37:28.876 [main] DEBUG org.apache.poi.openxml4j.opc.PackageRelationshipCollection.parseRelationshipsPart(PackageRelationshipCollection.java:307)oggger - Parsing relationship: /xl/worksheets/_rels/sheet3.xml.rels
08:37:28.877 [main] DEBUG org.apache.poi.openxml4j.opc.PackageRelationshipCollection.parseRelationshipsPart(PackageRelationshipCollection.java:307)oggger - Parsing relationship: /_rels/.rels
08:37:28.884 [main] DEBUG org.apache.poi.ooxml.POIXMLFactory.createDocumentPart(POIXMLFactory.java:65)oggger - using default POIXMLDocumentPart for http://schemas.openxmlformats.org/officeDocument/2006/relationships/printerSettings
08:37:28.902 [main] DEBUG org.apache.poi.openxml4j.opc.PackageRelationshipCollection.parseRelationshipsPart(PackageRelationshipCollection.java:307)oggger - Parsing relationship: /xl/_rels/workbook.xml.rels
08:37:28.903 [main] DEBUG org.apache.poi.openxml4j.opc.PackageRelationshipCollection.parseRelationshipsPart(PackageRelationshipCollection.java:307)oggger - Parsing relationship: /xl/worksheets/_rels/sheet1.xml.rels
08:37:28.904 [main] DEBUG org.apache.poi.openxml4j.opc.PackageRelationshipCollection.parseRelationshipsPart(PackageRelationshipCollection.java:307)oggger - Parsing relationship: /xl/worksheets/_rels/sheet2.xml.rels
08:37:28.904 [main] DEBUG org.apache.poi.openxml4j.opc.PackageRelationshipCollection.parseRelationshipsPart(PackageRelationshipCollection.java:307)oggger - Parsing relationship: /xl/worksheets/_rels/sheet3.xml.rels
08:37:28.905 [main] DEBUG org.apache.poi.openxml4j.opc.PackageRelationshipCollection.parseRelationshipsPart(PackageRelationshipCollection.java:307)oggger - Parsing relationship: /_rels/.rels
08:37:28.913 [main] DEBUG org.apache.poi.ooxml.POIXMLFactory.createDocumentPart(POIXMLFactory.java:65)oggger - using default POIXMLDocumentPart for http://schemas.openxmlformats.org/officeDocument/2006/relationships/printerSettings
08:37:28.928 [main] DEBUG org.apache.poi.openxml4j.opc.PackageRelationshipCollection.parseRelationshipsPart(PackageRelationshipCollection.java:307)oggger - Parsing relationship: /xl/_rels/workbook.xml.rels
08:37:28.929 [main] DEBUG org.apache.poi.openxml4j.opc.PackageRelationshipCollection.parseRelationshipsPart(PackageRelationshipCollection.java:307)oggger - Parsing relationship: /xl/worksheets/_rels/sheet1.xml.rels
08:37:28.930 [main] DEBUG org.apache.poi.openxml4j.opc.PackageRelationshipCollection.parseRelationshipsPart(PackageRelationshipCollection.java:307)oggger - Parsing relationship: /xl/worksheets/_rels/sheet2.xml.rels
08:37:28.932 [main] DEBUG org.apache.poi.openxml4j.opc.PackageRelationshipCollection.parseRelationshipsPart(PackageRelationshipCollection.java:307)oggger - Parsing relationship: /xl/worksheets/_rels/sheet3.xml.rels
08:37:28.932 [main] DEBUG org.apache.poi.openxml4j.opc.PackageRelationshipCollection.parseRelationshipsPart(PackageRelationshipCollection.java:307)oggger - Parsing relationship: /_rels/.rels
08:37:28.944 [main] DEBUG org.apache.poi.ooxml.POIXMLFactory.createDocumentPart(POIXMLFactory.java:65)oggger - using default POIXMLDocumentPart for http://schemas.openxmlformats.org/officeDocument/2006/relationships/printerSettings
08:37:28.959 [main] DEBUG org.apache.poi.openxml4j.opc.PackageRelationshipCollection.parseRelationshipsPart(PackageRelationshipCollection.java:307)oggger - Parsing relationship: /xl/_rels/workbook.xml.rels
08:37:28.959 [main] DEBUG org.apache.poi.openxml4j.opc.PackageRelationshipCollection.parseRelationshipsPart(PackageRelationshipCollection.java:307)oggger - Parsing relationship: /xl/worksheets/_rels/sheet1.xml.rels
08:37:28.960 [main] DEBUG org.apache.poi.openxml4j.opc.PackageRelationshipCollection.parseRelationshipsPart(PackageRelationshipCollection.java:307)oggger - Parsing relationship: /xl/worksheets/_rels/sheet2.xml.rels
08:37:28.961 [main] DEBUG org.apache.poi.openxml4j.opc.PackageRelationshipCollection.parseRelationshipsPart(PackageRelationshipCollection.java:307)oggger - Parsing relationship: /xl/worksheets/_rels/sheet3.xml.rels
08:37:28.962 [main] DEBUG org.apache.poi.openxml4j.opc.PackageRelationshipCollection.parseRelationshipsPart(PackageRelationshipCollection.java:307)oggger - Parsing relationship: /_rels/.rels
08:37:28.969 [main] DEBUG org.apache.poi.ooxml.POIXMLFactory.createDocumentPart(POIXMLFactory.java:65)oggger - using default POIXMLDocumentPart for http://schemas.openxmlformats.org/officeDocument/2006/relationships/printerSettings
08:37:28.998 [main] INFO  testClasses.TC003_LoginDDT.testLoginDDT(TC003_LoginDDT.java:26)oggger - ******Tesing TC003_LoginDDT started*******
08:37:29.514 [main] INFO  testClasses.TC003_LoginDDT.testLoginDDT(TC003_LoginDDT.java:32)oggger - ******On login page *******
08:37:29.724 [main] INFO  testClasses.TC003_LoginDDT.testLoginDDT(TC003_LoginDDT.java:38)oggger - ******on my account page*******
08:37:31.575 [main] INFO  testClasses.TC003_LoginDDT.testLoginDDT(TC003_LoginDDT.java:70)oggger - ********Testing TC003_LoginDDT completed********
08:37:31.581 [main] INFO  testClasses.TC003_LoginDDT.testLoginDDT(TC003_LoginDDT.java:26)oggger - ******Tesing TC003_LoginDDT started*******
08:37:31.986 [main] INFO  testClasses.TC003_LoginDDT.testLoginDDT(TC003_LoginDDT.java:32)oggger - ******On login page *******
08:37:32.159 [main] INFO  testClasses.TC003_LoginDDT.testLoginDDT(TC003_LoginDDT.java:38)oggger - ******on my account page*******
08:37:42.161 [main] INFO  testClasses.TC003_LoginDDT.testLoginDDT(TC003_LoginDDT.java:70)oggger - ********Testing TC003_LoginDDT completed********
08:37:42.173 [main] INFO  testClasses.TC003_LoginDDT.testLoginDDT(TC003_LoginDDT.java:26)oggger - ******Tesing TC003_LoginDDT started*******
08:37:42.586 [main] INFO  testClasses.TC003_LoginDDT.testLoginDDT(TC003_LoginDDT.java:32)oggger - ******On login page *******
08:37:42.801 [main] INFO  testClasses.TC003_LoginDDT.testLoginDDT(TC003_LoginDDT.java:38)oggger - ******on my account page*******
08:37:44.607 [main] INFO  testClasses.TC003_LoginDDT.testLoginDDT(TC003_LoginDDT.java:70)oggger - ********Testing TC003_LoginDDT completed********
08:37:44.616 [main] INFO  testClasses.TC003_LoginDDT.testLoginDDT(TC003_LoginDDT.java:26)oggger - ******Tesing TC003_LoginDDT started*******
08:37:45.026 [main] INFO  testClasses.TC003_LoginDDT.testLoginDDT(TC003_LoginDDT.java:32)oggger - ******On login page *******
08:37:45.222 [main] INFO  testClasses.TC003_LoginDDT.testLoginDDT(TC003_LoginDDT.java:38)oggger - ******on my account page*******
08:37:47.680 [main] ERROR testClasses.TC003_LoginDDT.testLoginDDT(TC003_LoginDDT.java:65)oggger - ****Error Logs****expected [true] but found [false]
08:37:47.686 [main] ERROR baseTest.BaseTest.captureBrowserConsoleLogs(BaseTest.java:131)oggger - --- CAPTURING CHROME BROWSER CONSOLE LOGS ---
08:37:47.704 [main] INFO  testClasses.TC003_LoginDDT.testLoginDDT(TC003_LoginDDT.java:26)oggger - ******Tesing TC003_LoginDDT started*******
08:37:48.121 [main] INFO  testClasses.TC003_LoginDDT.testLoginDDT(TC003_LoginDDT.java:32)oggger - ******On login page *******
08:37:48.287 [main] INFO  testClasses.TC003_LoginDDT.testLoginDDT(TC003_LoginDDT.java:38)oggger - ******on my account page*******
08:37:59.219 [main] ERROR testClasses.TC003_LoginDDT.testLoginDDT(TC003_LoginDDT.java:65)oggger - ****Error Logs****expected [true] but found [false]
08:37:59.223 [main] ERROR baseTest.BaseTest.captureBrowserConsoleLogs(BaseTest.java:131)oggger - --- CAPTURING CHROME BROWSER CONSOLE LOGS ---
08:47:58.997 [main] DEBUG org.testng.log4testng.Logger.debug(Logger.java:82)oggger - suiteXmlPath: "C:\Users\VedaB\eclipse-workspace\OpenCartV121\master.xml"
08:47:59.742 [main] INFO  org.testng.log4testng.Logger.info(Logger.java:112)oggger - [TestNG] Running:
  C:\Users\VedaB\eclipse-workspace\OpenCartV121\master.xml

08:48:04.301 [main] DEBUG org.apache.poi.openxml4j.opc.PackageRelationshipCollection.parseRelationshipsPart(PackageRelationshipCollection.java:307)oggger - Parsing relationship: /xl/_rels/workbook.xml.rels
08:48:04.308 [main] DEBUG org.apache.poi.openxml4j.opc.PackageRelationshipCollection.parseRelationshipsPart(PackageRelationshipCollection.java:307)oggger - Parsing relationship: /xl/worksheets/_rels/sheet1.xml.rels
08:48:04.310 [main] DEBUG org.apache.poi.openxml4j.opc.PackageRelationshipCollection.parseRelationshipsPart(PackageRelationshipCollection.java:307)oggger - Parsing relationship: /xl/worksheets/_rels/sheet2.xml.rels
08:48:04.312 [main] DEBUG org.apache.poi.openxml4j.opc.PackageRelationshipCollection.parseRelationshipsPart(PackageRelationshipCollection.java:307)oggger - Parsing relationship: /xl/worksheets/_rels/sheet3.xml.rels
08:48:04.313 [main] DEBUG org.apache.poi.openxml4j.opc.PackageRelationshipCollection.parseRelationshipsPart(PackageRelationshipCollection.java:307)oggger - Parsing relationship: /_rels/.rels
08:48:05.346 [main] DEBUG org.apache.poi.ooxml.POIXMLFactory.createDocumentPart(POIXMLFactory.java:65)oggger - using default POIXMLDocumentPart for http://schemas.openxmlformats.org/officeDocument/2006/relationships/printerSettings
08:48:05.537 [main] DEBUG org.apache.poi.openxml4j.opc.PackageRelationshipCollection.parseRelationshipsPart(PackageRelationshipCollection.java:307)oggger - Parsing relationship: /xl/_rels/workbook.xml.rels
08:48:05.538 [main] DEBUG org.apache.poi.openxml4j.opc.PackageRelationshipCollection.parseRelationshipsPart(PackageRelationshipCollection.java:307)oggger - Parsing relationship: /xl/worksheets/_rels/sheet1.xml.rels
08:48:05.539 [main] DEBUG org.apache.poi.openxml4j.opc.PackageRelationshipCollection.parseRelationshipsPart(PackageRelationshipCollection.java:307)oggger - Parsing relationship: /xl/worksheets/_rels/sheet2.xml.rels
08:48:05.540 [main] DEBUG org.apache.poi.openxml4j.opc.PackageRelationshipCollection.parseRelationshipsPart(PackageRelationshipCollection.java:307)oggger - Parsing relationship: /xl/worksheets/_rels/sheet3.xml.rels
08:48:05.542 [main] DEBUG org.apache.poi.openxml4j.opc.PackageRelationshipCollection.parseRelationshipsPart(PackageRelationshipCollection.java:307)oggger - Parsing relationship: /_rels/.rels
08:48:05.555 [main] DEBUG org.apache.poi.ooxml.POIXMLFactory.createDocumentPart(POIXMLFactory.java:65)oggger - using default POIXMLDocumentPart for http://schemas.openxmlformats.org/officeDocument/2006/relationships/printerSettings
08:48:05.587 [main] DEBUG org.apache.poi.openxml4j.opc.PackageRelationshipCollection.parseRelationshipsPart(PackageRelationshipCollection.java:307)oggger - Parsing relationship: /xl/_rels/workbook.xml.rels
08:48:05.588 [main] DEBUG org.apache.poi.openxml4j.opc.PackageRelationshipCollection.parseRelationshipsPart(PackageRelationshipCollection.java:307)oggger - Parsing relationship: /xl/worksheets/_rels/sheet1.xml.rels
08:48:05.589 [main] DEBUG org.apache.poi.openxml4j.opc.PackageRelationshipCollection.parseRelationshipsPart(PackageRelationshipCollection.java:307)oggger - Parsing relationship: /xl/worksheets/_rels/sheet2.xml.rels
08:48:05.590 [main] DEBUG org.apache.poi.openxml4j.opc.PackageRelationshipCollection.parseRelationshipsPart(PackageRelationshipCollection.java:307)oggger - Parsing relationship: /xl/worksheets/_rels/sheet3.xml.rels
08:48:05.592 [main] DEBUG org.apache.poi.openxml4j.opc.PackageRelationshipCollection.parseRelationshipsPart(PackageRelationshipCollection.java:307)oggger - Parsing relationship: /_rels/.rels
08:48:05.611 [main] DEBUG org.apache.poi.ooxml.POIXMLFactory.createDocumentPart(POIXMLFactory.java:65)oggger - using default POIXMLDocumentPart for http://schemas.openxmlformats.org/officeDocument/2006/relationships/printerSettings
08:48:05.650 [main] DEBUG org.apache.poi.openxml4j.opc.PackageRelationshipCollection.parseRelationshipsPart(PackageRelationshipCollection.java:307)oggger - Parsing relationship: /xl/_rels/workbook.xml.rels
08:48:05.651 [main] DEBUG org.apache.poi.openxml4j.opc.PackageRelationshipCollection.parseRelationshipsPart(PackageRelationshipCollection.java:307)oggger - Parsing relationship: /xl/worksheets/_rels/sheet1.xml.rels
08:48:05.652 [main] DEBUG org.apache.poi.openxml4j.opc.PackageRelationshipCollection.parseRelationshipsPart(PackageRelationshipCollection.java:307)oggger - Parsing relationship: /xl/worksheets/_rels/sheet2.xml.rels
08:48:05.653 [main] DEBUG org.apache.poi.openxml4j.opc.PackageRelationshipCollection.parseRelationshipsPart(PackageRelationshipCollection.java:307)oggger - Parsing relationship: /xl/worksheets/_rels/sheet3.xml.rels
08:48:05.654 [main] DEBUG org.apache.poi.openxml4j.opc.PackageRelationshipCollection.parseRelationshipsPart(PackageRelationshipCollection.java:307)oggger - Parsing relationship: /_rels/.rels
08:48:05.664 [main] DEBUG org.apache.poi.ooxml.POIXMLFactory.createDocumentPart(POIXMLFactory.java:65)oggger - using default POIXMLDocumentPart for http://schemas.openxmlformats.org/officeDocument/2006/relationships/printerSettings
08:48:05.683 [main] DEBUG org.apache.poi.openxml4j.opc.PackageRelationshipCollection.parseRelationshipsPart(PackageRelationshipCollection.java:307)oggger - Parsing relationship: /xl/_rels/workbook.xml.rels
08:48:05.685 [main] DEBUG org.apache.poi.openxml4j.opc.PackageRelationshipCollection.parseRelationshipsPart(PackageRelationshipCollection.java:307)oggger - Parsing relationship: /xl/worksheets/_rels/sheet1.xml.rels
08:48:05.685 [main] DEBUG org.apache.poi.openxml4j.opc.PackageRelationshipCollection.parseRelationshipsPart(PackageRelationshipCollection.java:307)oggger - Parsing relationship: /xl/worksheets/_rels/sheet2.xml.rels
08:48:05.686 [main] DEBUG org.apache.poi.openxml4j.opc.PackageRelationshipCollection.parseRelationshipsPart(PackageRelationshipCollection.java:307)oggger - Parsing relationship: /xl/worksheets/_rels/sheet3.xml.rels
08:48:05.687 [main] DEBUG org.apache.poi.openxml4j.opc.PackageRelationshipCollection.parseRelationshipsPart(PackageRelationshipCollection.java:307)oggger - Parsing relationship: /_rels/.rels
08:48:05.698 [main] DEBUG org.apache.poi.ooxml.POIXMLFactory.createDocumentPart(POIXMLFactory.java:65)oggger - using default POIXMLDocumentPart for http://schemas.openxmlformats.org/officeDocument/2006/relationships/printerSettings
08:48:05.721 [main] DEBUG org.apache.poi.openxml4j.opc.PackageRelationshipCollection.parseRelationshipsPart(PackageRelationshipCollection.java:307)oggger - Parsing relationship: /xl/_rels/workbook.xml.rels
08:48:05.722 [main] DEBUG org.apache.poi.openxml4j.opc.PackageRelationshipCollection.parseRelationshipsPart(PackageRelationshipCollection.java:307)oggger - Parsing relationship: /xl/worksheets/_rels/sheet1.xml.rels
08:48:05.723 [main] DEBUG org.apache.poi.openxml4j.opc.PackageRelationshipCollection.parseRelationshipsPart(PackageRelationshipCollection.java:307)oggger - Parsing relationship: /xl/worksheets/_rels/sheet2.xml.rels
08:48:05.724 [main] DEBUG org.apache.poi.openxml4j.opc.PackageRelationshipCollection.parseRelationshipsPart(PackageRelationshipCollection.java:307)oggger - Parsing relationship: /xl/worksheets/_rels/sheet3.xml.rels
08:48:05.725 [main] DEBUG org.apache.poi.openxml4j.opc.PackageRelationshipCollection.parseRelationshipsPart(PackageRelationshipCollection.java:307)oggger - Parsing relationship: /_rels/.rels
08:48:05.734 [main] DEBUG org.apache.poi.ooxml.POIXMLFactory.createDocumentPart(POIXMLFactory.java:65)oggger - using default POIXMLDocumentPart for http://schemas.openxmlformats.org/officeDocument/2006/relationships/printerSettings
08:48:05.755 [main] DEBUG org.apache.poi.openxml4j.opc.PackageRelationshipCollection.parseRelationshipsPart(PackageRelationshipCollection.java:307)oggger - Parsing relationship: /xl/_rels/workbook.xml.rels
08:48:05.756 [main] DEBUG org.apache.poi.openxml4j.opc.PackageRelationshipCollection.parseRelationshipsPart(PackageRelationshipCollection.java:307)oggger - Parsing relationship: /xl/worksheets/_rels/sheet1.xml.rels
08:48:05.757 [main] DEBUG org.apache.poi.openxml4j.opc.PackageRelationshipCollection.parseRelationshipsPart(PackageRelationshipCollection.java:307)oggger - Parsing relationship: /xl/worksheets/_rels/sheet2.xml.rels
08:48:05.758 [main] DEBUG org.apache.poi.openxml4j.opc.PackageRelationshipCollection.parseRelationshipsPart(PackageRelationshipCollection.java:307)oggger - Parsing relationship: /xl/worksheets/_rels/sheet3.xml.rels
08:48:05.758 [main] DEBUG org.apache.poi.openxml4j.opc.PackageRelationshipCollection.parseRelationshipsPart(PackageRelationshipCollection.java:307)oggger - Parsing relationship: /_rels/.rels
08:48:05.766 [main] DEBUG org.apache.poi.ooxml.POIXMLFactory.createDocumentPart(POIXMLFactory.java:65)oggger - using default POIXMLDocumentPart for http://schemas.openxmlformats.org/officeDocument/2006/relationships/printerSettings
08:48:05.784 [main] DEBUG org.apache.poi.openxml4j.opc.PackageRelationshipCollection.parseRelationshipsPart(PackageRelationshipCollection.java:307)oggger - Parsing relationship: /xl/_rels/workbook.xml.rels
08:48:05.785 [main] DEBUG org.apache.poi.openxml4j.opc.PackageRelationshipCollection.parseRelationshipsPart(PackageRelationshipCollection.java:307)oggger - Parsing relationship: /xl/worksheets/_rels/sheet1.xml.rels
08:48:05.785 [main] DEBUG org.apache.poi.openxml4j.opc.PackageRelationshipCollection.parseRelationshipsPart(PackageRelationshipCollection.java:307)oggger - Parsing relationship: /xl/worksheets/_rels/sheet2.xml.rels
08:48:05.787 [main] DEBUG org.apache.poi.openxml4j.opc.PackageRelationshipCollection.parseRelationshipsPart(PackageRelationshipCollection.java:307)oggger - Parsing relationship: /xl/worksheets/_rels/sheet3.xml.rels
08:48:05.788 [main] DEBUG org.apache.poi.openxml4j.opc.PackageRelationshipCollection.parseRelationshipsPart(PackageRelationshipCollection.java:307)oggger - Parsing relationship: /_rels/.rels
08:48:05.797 [main] DEBUG org.apache.poi.ooxml.POIXMLFactory.createDocumentPart(POIXMLFactory.java:65)oggger - using default POIXMLDocumentPart for http://schemas.openxmlformats.org/officeDocument/2006/relationships/printerSettings
08:48:05.814 [main] DEBUG org.apache.poi.openxml4j.opc.PackageRelationshipCollection.parseRelationshipsPart(PackageRelationshipCollection.java:307)oggger - Parsing relationship: /xl/_rels/workbook.xml.rels
08:48:05.815 [main] DEBUG org.apache.poi.openxml4j.opc.PackageRelationshipCollection.parseRelationshipsPart(PackageRelationshipCollection.java:307)oggger - Parsing relationship: /xl/worksheets/_rels/sheet1.xml.rels
08:48:05.816 [main] DEBUG org.apache.poi.openxml4j.opc.PackageRelationshipCollection.parseRelationshipsPart(PackageRelationshipCollection.java:307)oggger - Parsing relationship: /xl/worksheets/_rels/sheet2.xml.rels
08:48:05.817 [main] DEBUG org.apache.poi.openxml4j.opc.PackageRelationshipCollection.parseRelationshipsPart(PackageRelationshipCollection.java:307)oggger - Parsing relationship: /xl/worksheets/_rels/sheet3.xml.rels
08:48:05.817 [main] DEBUG org.apache.poi.openxml4j.opc.PackageRelationshipCollection.parseRelationshipsPart(PackageRelationshipCollection.java:307)oggger - Parsing relationship: /_rels/.rels
08:48:05.825 [main] DEBUG org.apache.poi.ooxml.POIXMLFactory.createDocumentPart(POIXMLFactory.java:65)oggger - using default POIXMLDocumentPart for http://schemas.openxmlformats.org/officeDocument/2006/relationships/printerSettings
08:48:05.843 [main] DEBUG org.apache.poi.openxml4j.opc.PackageRelationshipCollection.parseRelationshipsPart(PackageRelationshipCollection.java:307)oggger - Parsing relationship: /xl/_rels/workbook.xml.rels
08:48:05.845 [main] DEBUG org.apache.poi.openxml4j.opc.PackageRelationshipCollection.parseRelationshipsPart(PackageRelationshipCollection.java:307)oggger - Parsing relationship: /xl/worksheets/_rels/sheet1.xml.rels
08:48:05.845 [main] DEBUG org.apache.poi.openxml4j.opc.PackageRelationshipCollection.parseRelationshipsPart(PackageRelationshipCollection.java:307)oggger - Parsing relationship: /xl/worksheets/_rels/sheet2.xml.rels
08:48:05.846 [main] DEBUG org.apache.poi.openxml4j.opc.PackageRelationshipCollection.parseRelationshipsPart(PackageRelationshipCollection.java:307)oggger - Parsing relationship: /xl/worksheets/_rels/sheet3.xml.rels
08:48:05.847 [main] DEBUG org.apache.poi.openxml4j.opc.PackageRelationshipCollection.parseRelationshipsPart(PackageRelationshipCollection.java:307)oggger - Parsing relationship: /_rels/.rels
08:48:05.855 [main] DEBUG org.apache.poi.ooxml.POIXMLFactory.createDocumentPart(POIXMLFactory.java:65)oggger - using default POIXMLDocumentPart for http://schemas.openxmlformats.org/officeDocument/2006/relationships/printerSettings
08:48:05.871 [main] DEBUG org.apache.poi.openxml4j.opc.PackageRelationshipCollection.parseRelationshipsPart(PackageRelationshipCollection.java:307)oggger - Parsing relationship: /xl/_rels/workbook.xml.rels
08:48:05.872 [main] DEBUG org.apache.poi.openxml4j.opc.PackageRelationshipCollection.parseRelationshipsPart(PackageRelationshipCollection.java:307)oggger - Parsing relationship: /xl/worksheets/_rels/sheet1.xml.rels
08:48:05.873 [main] DEBUG org.apache.poi.openxml4j.opc.PackageRelationshipCollection.parseRelationshipsPart(PackageRelationshipCollection.java:307)oggger - Parsing relationship: /xl/worksheets/_rels/sheet2.xml.rels
08:48:05.874 [main] DEBUG org.apache.poi.openxml4j.opc.PackageRelationshipCollection.parseRelationshipsPart(PackageRelationshipCollection.java:307)oggger - Parsing relationship: /xl/worksheets/_rels/sheet3.xml.rels
08:48:05.875 [main] DEBUG org.apache.poi.openxml4j.opc.PackageRelationshipCollection.parseRelationshipsPart(PackageRelationshipCollection.java:307)oggger - Parsing relationship: /_rels/.rels
08:48:05.883 [main] DEBUG org.apache.poi.ooxml.POIXMLFactory.createDocumentPart(POIXMLFactory.java:65)oggger - using default POIXMLDocumentPart for http://schemas.openxmlformats.org/officeDocument/2006/relationships/printerSettings
08:48:05.900 [main] DEBUG org.apache.poi.openxml4j.opc.PackageRelationshipCollection.parseRelationshipsPart(PackageRelationshipCollection.java:307)oggger - Parsing relationship: /xl/_rels/workbook.xml.rels
08:48:05.901 [main] DEBUG org.apache.poi.openxml4j.opc.PackageRelationshipCollection.parseRelationshipsPart(PackageRelationshipCollection.java:307)oggger - Parsing relationship: /xl/worksheets/_rels/sheet1.xml.rels
08:48:05.901 [main] DEBUG org.apache.poi.openxml4j.opc.PackageRelationshipCollection.parseRelationshipsPart(PackageRelationshipCollection.java:307)oggger - Parsing relationship: /xl/worksheets/_rels/sheet2.xml.rels
08:48:05.902 [main] DEBUG org.apache.poi.openxml4j.opc.PackageRelationshipCollection.parseRelationshipsPart(PackageRelationshipCollection.java:307)oggger - Parsing relationship: /xl/worksheets/_rels/sheet3.xml.rels
08:48:05.903 [main] DEBUG org.apache.poi.openxml4j.opc.PackageRelationshipCollection.parseRelationshipsPart(PackageRelationshipCollection.java:307)oggger - Parsing relationship: /_rels/.rels
08:48:05.910 [main] DEBUG org.apache.poi.ooxml.POIXMLFactory.createDocumentPart(POIXMLFactory.java:65)oggger - using default POIXMLDocumentPart for http://schemas.openxmlformats.org/officeDocument/2006/relationships/printerSettings
08:48:05.929 [main] DEBUG org.apache.poi.openxml4j.opc.PackageRelationshipCollection.parseRelationshipsPart(PackageRelationshipCollection.java:307)oggger - Parsing relationship: /xl/_rels/workbook.xml.rels
08:48:05.930 [main] DEBUG org.apache.poi.openxml4j.opc.PackageRelationshipCollection.parseRelationshipsPart(PackageRelationshipCollection.java:307)oggger - Parsing relationship: /xl/worksheets/_rels/sheet1.xml.rels
08:48:05.931 [main] DEBUG org.apache.poi.openxml4j.opc.PackageRelationshipCollection.parseRelationshipsPart(PackageRelationshipCollection.java:307)oggger - Parsing relationship: /xl/worksheets/_rels/sheet2.xml.rels
08:48:05.932 [main] DEBUG org.apache.poi.openxml4j.opc.PackageRelationshipCollection.parseRelationshipsPart(PackageRelationshipCollection.java:307)oggger - Parsing relationship: /xl/worksheets/_rels/sheet3.xml.rels
08:48:05.932 [main] DEBUG org.apache.poi.openxml4j.opc.PackageRelationshipCollection.parseRelationshipsPart(PackageRelationshipCollection.java:307)oggger - Parsing relationship: /_rels/.rels
08:48:05.945 [main] DEBUG org.apache.poi.ooxml.POIXMLFactory.createDocumentPart(POIXMLFactory.java:65)oggger - using default POIXMLDocumentPart for http://schemas.openxmlformats.org/officeDocument/2006/relationships/printerSettings
08:48:05.962 [main] DEBUG org.apache.poi.openxml4j.opc.PackageRelationshipCollection.parseRelationshipsPart(PackageRelationshipCollection.java:307)oggger - Parsing relationship: /xl/_rels/workbook.xml.rels
08:48:05.963 [main] DEBUG org.apache.poi.openxml4j.opc.PackageRelationshipCollection.parseRelationshipsPart(PackageRelationshipCollection.java:307)oggger - Parsing relationship: /xl/worksheets/_rels/sheet1.xml.rels
08:48:05.963 [main] DEBUG org.apache.poi.openxml4j.opc.PackageRelationshipCollection.parseRelationshipsPart(PackageRelationshipCollection.java:307)oggger - Parsing relationship: /xl/worksheets/_rels/sheet2.xml.rels
08:48:05.964 [main] DEBUG org.apache.poi.openxml4j.opc.PackageRelationshipCollection.parseRelationshipsPart(PackageRelationshipCollection.java:307)oggger - Parsing relationship: /xl/worksheets/_rels/sheet3.xml.rels
08:48:05.965 [main] DEBUG org.apache.poi.openxml4j.opc.PackageRelationshipCollection.parseRelationshipsPart(PackageRelationshipCollection.java:307)oggger - Parsing relationship: /_rels/.rels
08:48:05.973 [main] DEBUG org.apache.poi.ooxml.POIXMLFactory.createDocumentPart(POIXMLFactory.java:65)oggger - using default POIXMLDocumentPart for http://schemas.openxmlformats.org/officeDocument/2006/relationships/printerSettings
08:48:05.988 [main] DEBUG org.apache.poi.openxml4j.opc.PackageRelationshipCollection.parseRelationshipsPart(PackageRelationshipCollection.java:307)oggger - Parsing relationship: /xl/_rels/workbook.xml.rels
08:48:05.989 [main] DEBUG org.apache.poi.openxml4j.opc.PackageRelationshipCollection.parseRelationshipsPart(PackageRelationshipCollection.java:307)oggger - Parsing relationship: /xl/worksheets/_rels/sheet1.xml.rels
08:48:05.990 [main] DEBUG org.apache.poi.openxml4j.opc.PackageRelationshipCollection.parseRelationshipsPart(PackageRelationshipCollection.java:307)oggger - Parsing relationship: /xl/worksheets/_rels/sheet2.xml.rels
08:48:05.991 [main] DEBUG org.apache.poi.openxml4j.opc.PackageRelationshipCollection.parseRelationshipsPart(PackageRelationshipCollection.java:307)oggger - Parsing relationship: /xl/worksheets/_rels/sheet3.xml.rels
08:48:05.991 [main] DEBUG org.apache.poi.openxml4j.opc.PackageRelationshipCollection.parseRelationshipsPart(PackageRelationshipCollection.java:307)oggger - Parsing relationship: /_rels/.rels
08:48:05.998 [main] DEBUG org.apache.poi.ooxml.POIXMLFactory.createDocumentPart(POIXMLFactory.java:65)oggger - using default POIXMLDocumentPart for http://schemas.openxmlformats.org/officeDocument/2006/relationships/printerSettings
08:48:06.013 [main] DEBUG org.apache.poi.openxml4j.opc.PackageRelationshipCollection.parseRelationshipsPart(PackageRelationshipCollection.java:307)oggger - Parsing relationship: /xl/_rels/workbook.xml.rels
08:48:06.014 [main] DEBUG org.apache.poi.openxml4j.opc.PackageRelationshipCollection.parseRelationshipsPart(PackageRelationshipCollection.java:307)oggger - Parsing relationship: /xl/worksheets/_rels/sheet1.xml.rels
08:48:06.014 [main] DEBUG org.apache.poi.openxml4j.opc.PackageRelationshipCollection.parseRelationshipsPart(PackageRelationshipCollection.java:307)oggger - Parsing relationship: /xl/worksheets/_rels/sheet2.xml.rels
08:48:06.015 [main] DEBUG org.apache.poi.openxml4j.opc.PackageRelationshipCollection.parseRelationshipsPart(PackageRelationshipCollection.java:307)oggger - Parsing relationship: /xl/worksheets/_rels/sheet3.xml.rels
08:48:06.016 [main] DEBUG org.apache.poi.openxml4j.opc.PackageRelationshipCollection.parseRelationshipsPart(PackageRelationshipCollection.java:307)oggger - Parsing relationship: /_rels/.rels
08:48:06.026 [main] DEBUG org.apache.poi.ooxml.POIXMLFactory.createDocumentPart(POIXMLFactory.java:65)oggger - using default POIXMLDocumentPart for http://schemas.openxmlformats.org/officeDocument/2006/relationships/printerSettings
08:48:06.059 [main] DEBUG org.apache.poi.openxml4j.opc.PackageRelationshipCollection.parseRelationshipsPart(PackageRelationshipCollection.java:307)oggger - Parsing relationship: /xl/_rels/workbook.xml.rels
08:48:06.060 [main] DEBUG org.apache.poi.openxml4j.opc.PackageRelationshipCollection.parseRelationshipsPart(PackageRelationshipCollection.java:307)oggger - Parsing relationship: /xl/worksheets/_rels/sheet1.xml.rels
08:48:06.061 [main] DEBUG org.apache.poi.openxml4j.opc.PackageRelationshipCollection.parseRelationshipsPart(PackageRelationshipCollection.java:307)oggger - Parsing relationship: /xl/worksheets/_rels/sheet2.xml.rels
08:48:06.061 [main] DEBUG org.apache.poi.openxml4j.opc.PackageRelationshipCollection.parseRelationshipsPart(PackageRelationshipCollection.java:307)oggger - Parsing relationship: /xl/worksheets/_rels/sheet3.xml.rels
08:48:06.062 [main] DEBUG org.apache.poi.openxml4j.opc.PackageRelationshipCollection.parseRelationshipsPart(PackageRelationshipCollection.java:307)oggger - Parsing relationship: /_rels/.rels
08:48:06.070 [main] DEBUG org.apache.poi.ooxml.POIXMLFactory.createDocumentPart(POIXMLFactory.java:65)oggger - using default POIXMLDocumentPart for http://schemas.openxmlformats.org/officeDocument/2006/relationships/printerSettings
08:48:06.093 [main] DEBUG org.apache.poi.openxml4j.opc.PackageRelationshipCollection.parseRelationshipsPart(PackageRelationshipCollection.java:307)oggger - Parsing relationship: /xl/_rels/workbook.xml.rels
08:48:06.095 [main] DEBUG org.apache.poi.openxml4j.opc.PackageRelationshipCollection.parseRelationshipsPart(PackageRelationshipCollection.java:307)oggger - Parsing relationship: /xl/worksheets/_rels/sheet1.xml.rels
08:48:06.096 [main] DEBUG org.apache.poi.openxml4j.opc.PackageRelationshipCollection.parseRelationshipsPart(PackageRelationshipCollection.java:307)oggger - Parsing relationship: /xl/worksheets/_rels/sheet2.xml.rels
08:48:06.096 [main] DEBUG org.apache.poi.openxml4j.opc.PackageRelationshipCollection.parseRelationshipsPart(PackageRelationshipCollection.java:307)oggger - Parsing relationship: /xl/worksheets/_rels/sheet3.xml.rels
08:48:06.097 [main] DEBUG org.apache.poi.openxml4j.opc.PackageRelationshipCollection.parseRelationshipsPart(PackageRelationshipCollection.java:307)oggger - Parsing relationship: /_rels/.rels
08:48:06.108 [main] DEBUG org.apache.poi.ooxml.POIXMLFactory.createDocumentPart(POIXMLFactory.java:65)oggger - using default POIXMLDocumentPart for http://schemas.openxmlformats.org/officeDocument/2006/relationships/printerSettings
08:48:06.131 [main] DEBUG org.apache.poi.openxml4j.opc.PackageRelationshipCollection.parseRelationshipsPart(PackageRelationshipCollection.java:307)oggger - Parsing relationship: /xl/_rels/workbook.xml.rels
08:48:06.132 [main] DEBUG org.apache.poi.openxml4j.opc.PackageRelationshipCollection.parseRelationshipsPart(PackageRelationshipCollection.java:307)oggger - Parsing relationship: /xl/worksheets/_rels/sheet1.xml.rels
08:48:06.133 [main] DEBUG org.apache.poi.openxml4j.opc.PackageRelationshipCollection.parseRelationshipsPart(PackageRelationshipCollection.java:307)oggger - Parsing relationship: /xl/worksheets/_rels/sheet2.xml.rels
08:48:06.135 [main] DEBUG org.apache.poi.openxml4j.opc.PackageRelationshipCollection.parseRelationshipsPart(PackageRelationshipCollection.java:307)oggger - Parsing relationship: /xl/worksheets/_rels/sheet3.xml.rels
08:48:06.136 [main] DEBUG org.apache.poi.openxml4j.opc.PackageRelationshipCollection.parseRelationshipsPart(PackageRelationshipCollection.java:307)oggger - Parsing relationship: /_rels/.rels
08:48:06.148 [main] DEBUG org.apache.poi.ooxml.POIXMLFactory.createDocumentPart(POIXMLFactory.java:65)oggger - using default POIXMLDocumentPart for http://schemas.openxmlformats.org/officeDocument/2006/relationships/printerSettings
08:48:06.176 [main] DEBUG org.apache.poi.openxml4j.opc.PackageRelationshipCollection.parseRelationshipsPart(PackageRelationshipCollection.java:307)oggger - Parsing relationship: /xl/_rels/workbook.xml.rels
08:48:06.178 [main] DEBUG org.apache.poi.openxml4j.opc.PackageRelationshipCollection.parseRelationshipsPart(PackageRelationshipCollection.java:307)oggger - Parsing relationship: /xl/worksheets/_rels/sheet1.xml.rels
08:48:06.178 [main] DEBUG org.apache.poi.openxml4j.opc.PackageRelationshipCollection.parseRelationshipsPart(PackageRelationshipCollection.java:307)oggger - Parsing relationship: /xl/worksheets/_rels/sheet2.xml.rels
08:48:06.179 [main] DEBUG org.apache.poi.openxml4j.opc.PackageRelationshipCollection.parseRelationshipsPart(PackageRelationshipCollection.java:307)oggger - Parsing relationship: /xl/worksheets/_rels/sheet3.xml.rels
08:48:06.180 [main] DEBUG org.apache.poi.openxml4j.opc.PackageRelationshipCollection.parseRelationshipsPart(PackageRelationshipCollection.java:307)oggger - Parsing relationship: /_rels/.rels
08:48:06.193 [main] DEBUG org.apache.poi.ooxml.POIXMLFactory.createDocumentPart(POIXMLFactory.java:65)oggger - using default POIXMLDocumentPart for http://schemas.openxmlformats.org/officeDocument/2006/relationships/printerSettings
08:48:06.207 [main] DEBUG org.apache.poi.openxml4j.opc.PackageRelationshipCollection.parseRelationshipsPart(PackageRelationshipCollection.java:307)oggger - Parsing relationship: /xl/_rels/workbook.xml.rels
08:48:06.208 [main] DEBUG org.apache.poi.openxml4j.opc.PackageRelationshipCollection.parseRelationshipsPart(PackageRelationshipCollection.java:307)oggger - Parsing relationship: /xl/worksheets/_rels/sheet1.xml.rels
08:48:06.208 [main] DEBUG org.apache.poi.openxml4j.opc.PackageRelationshipCollection.parseRelationshipsPart(PackageRelationshipCollection.java:307)oggger - Parsing relationship: /xl/worksheets/_rels/sheet2.xml.rels
08:48:06.209 [main] DEBUG org.apache.poi.openxml4j.opc.PackageRelationshipCollection.parseRelationshipsPart(PackageRelationshipCollection.java:307)oggger - Parsing relationship: /xl/worksheets/_rels/sheet3.xml.rels
08:48:06.209 [main] DEBUG org.apache.poi.openxml4j.opc.PackageRelationshipCollection.parseRelationshipsPart(PackageRelationshipCollection.java:307)oggger - Parsing relationship: /_rels/.rels
08:48:06.216 [main] DEBUG org.apache.poi.ooxml.POIXMLFactory.createDocumentPart(POIXMLFactory.java:65)oggger - using default POIXMLDocumentPart for http://schemas.openxmlformats.org/officeDocument/2006/relationships/printerSettings
08:48:06.234 [main] DEBUG org.apache.poi.openxml4j.opc.PackageRelationshipCollection.parseRelationshipsPart(PackageRelationshipCollection.java:307)oggger - Parsing relationship: /xl/_rels/workbook.xml.rels
08:48:06.235 [main] DEBUG org.apache.poi.openxml4j.opc.PackageRelationshipCollection.parseRelationshipsPart(PackageRelationshipCollection.java:307)oggger - Parsing relationship: /xl/worksheets/_rels/sheet1.xml.rels
08:48:06.235 [main] DEBUG org.apache.poi.openxml4j.opc.PackageRelationshipCollection.parseRelationshipsPart(PackageRelationshipCollection.java:307)oggger - Parsing relationship: /xl/worksheets/_rels/sheet2.xml.rels
08:48:06.236 [main] DEBUG org.apache.poi.openxml4j.opc.PackageRelationshipCollection.parseRelationshipsPart(PackageRelationshipCollection.java:307)oggger - Parsing relationship: /xl/worksheets/_rels/sheet3.xml.rels
08:48:06.236 [main] DEBUG org.apache.poi.openxml4j.opc.PackageRelationshipCollection.parseRelationshipsPart(PackageRelationshipCollection.java:307)oggger - Parsing relationship: /_rels/.rels
08:48:06.243 [main] DEBUG org.apache.poi.ooxml.POIXMLFactory.createDocumentPart(POIXMLFactory.java:65)oggger - using default POIXMLDocumentPart for http://schemas.openxmlformats.org/officeDocument/2006/relationships/printerSettings
08:48:06.274 [main] INFO  testClasses.TC003_LoginDDT.testLoginDDT(TC003_LoginDDT.java:26)oggger - ******Tesing TC003_LoginDDT started*******
08:48:06.756 [main] INFO  testClasses.TC003_LoginDDT.testLoginDDT(TC003_LoginDDT.java:32)oggger - ******On login page *******
08:48:06.945 [main] INFO  testClasses.TC003_LoginDDT.testLoginDDT(TC003_LoginDDT.java:38)oggger - ******on my account page*******
08:48:08.980 [main] INFO  testClasses.TC003_LoginDDT.testLoginDDT(TC003_LoginDDT.java:70)oggger - ********Testing TC003_LoginDDT completed********
08:48:08.990 [main] INFO  testClasses.TC003_LoginDDT.testLoginDDT(TC003_LoginDDT.java:26)oggger - ******Tesing TC003_LoginDDT started*******
08:48:09.414 [main] INFO  testClasses.TC003_LoginDDT.testLoginDDT(TC003_LoginDDT.java:32)oggger - ******On login page *******
08:48:10.618 [main] INFO  testClasses.TC003_LoginDDT.testLoginDDT(TC003_LoginDDT.java:38)oggger - ******on my account page*******
08:48:20.646 [main] INFO  testClasses.TC003_LoginDDT.testLoginDDT(TC003_LoginDDT.java:70)oggger - ********Testing TC003_LoginDDT completed********
08:48:20.659 [main] INFO  testClasses.TC003_LoginDDT.testLoginDDT(TC003_LoginDDT.java:26)oggger - ******Tesing TC003_LoginDDT started*******
08:48:21.069 [main] INFO  testClasses.TC003_LoginDDT.testLoginDDT(TC003_LoginDDT.java:32)oggger - ******On login page *******
08:48:21.237 [main] INFO  testClasses.TC003_LoginDDT.testLoginDDT(TC003_LoginDDT.java:38)oggger - ******on my account page*******
08:48:23.033 [main] INFO  testClasses.TC003_LoginDDT.testLoginDDT(TC003_LoginDDT.java:70)oggger - ********Testing TC003_LoginDDT completed********
08:48:23.047 [main] INFO  testClasses.TC003_LoginDDT.testLoginDDT(TC003_LoginDDT.java:26)oggger - ******Tesing TC003_LoginDDT started*******
08:48:23.491 [main] INFO  testClasses.TC003_LoginDDT.testLoginDDT(TC003_LoginDDT.java:32)oggger - ******On login page *******
08:48:23.648 [main] INFO  testClasses.TC003_LoginDDT.testLoginDDT(TC003_LoginDDT.java:38)oggger - ******on my account page*******
08:48:25.753 [main] ERROR testClasses.TC003_LoginDDT.testLoginDDT(TC003_LoginDDT.java:65)oggger - ****Error Logs****expected [true] but found [false]
08:48:25.757 [main] ERROR baseTest.BaseTest.captureBrowserConsoleLogs(BaseTest.java:131)oggger - --- CAPTURING CHROME BROWSER CONSOLE LOGS ---
08:48:25.770 [main] INFO  testClasses.TC003_LoginDDT.testLoginDDT(TC003_LoginDDT.java:26)oggger - ******Tesing TC003_LoginDDT started*******
08:48:26.310 [main] INFO  testClasses.TC003_LoginDDT.testLoginDDT(TC003_LoginDDT.java:32)oggger - ******On login page *******
08:48:26.473 [main] INFO  testClasses.TC003_LoginDDT.testLoginDDT(TC003_LoginDDT.java:38)oggger - ******on my account page*******
08:48:36.475 [main] ERROR testClasses.TC003_LoginDDT.testLoginDDT(TC003_LoginDDT.java:65)oggger - ****Error Logs****expected [true] but found [false]
08:48:36.475 [main] ERROR baseTest.BaseTest.captureBrowserConsoleLogs(BaseTest.java:131)oggger - --- CAPTURING CHROME BROWSER CONSOLE LOGS ---
08:57:35.264 [main] DEBUG org.testng.log4testng.Logger.debug(Logger.java:82)oggger - suiteXmlPath: "C:\Users\VedaB\eclipse-workspace\OpenCartV121\master.xml"
08:57:35.994 [main] INFO  org.testng.log4testng.Logger.info(Logger.java:112)oggger - [TestNG] Running:
  C:\Users\VedaB\eclipse-workspace\OpenCartV121\master.xml

08:57:40.529 [main] DEBUG org.apache.poi.openxml4j.opc.PackageRelationshipCollection.parseRelationshipsPart(PackageRelationshipCollection.java:307)oggger - Parsing relationship: /xl/_rels/workbook.xml.rels
08:57:40.533 [main] DEBUG org.apache.poi.openxml4j.opc.PackageRelationshipCollection.parseRelationshipsPart(PackageRelationshipCollection.java:307)oggger - Parsing relationship: /xl/worksheets/_rels/sheet1.xml.rels
08:57:40.535 [main] DEBUG org.apache.poi.openxml4j.opc.PackageRelationshipCollection.parseRelationshipsPart(PackageRelationshipCollection.java:307)oggger - Parsing relationship: /xl/worksheets/_rels/sheet2.xml.rels
08:57:40.536 [main] DEBUG org.apache.poi.openxml4j.opc.PackageRelationshipCollection.parseRelationshipsPart(PackageRelationshipCollection.java:307)oggger - Parsing relationship: /xl/worksheets/_rels/sheet3.xml.rels
08:57:40.537 [main] DEBUG org.apache.poi.openxml4j.opc.PackageRelationshipCollection.parseRelationshipsPart(PackageRelationshipCollection.java:307)oggger - Parsing relationship: /_rels/.rels
08:57:41.300 [main] DEBUG org.apache.poi.ooxml.POIXMLFactory.createDocumentPart(POIXMLFactory.java:65)oggger - using default POIXMLDocumentPart for http://schemas.openxmlformats.org/officeDocument/2006/relationships/printerSettings
08:57:41.512 [main] DEBUG org.apache.poi.openxml4j.opc.PackageRelationshipCollection.parseRelationshipsPart(PackageRelationshipCollection.java:307)oggger - Parsing relationship: /xl/_rels/workbook.xml.rels
08:57:41.514 [main] DEBUG org.apache.poi.openxml4j.opc.PackageRelationshipCollection.parseRelationshipsPart(PackageRelationshipCollection.java:307)oggger - Parsing relationship: /xl/worksheets/_rels/sheet1.xml.rels
08:57:41.517 [main] DEBUG org.apache.poi.openxml4j.opc.PackageRelationshipCollection.parseRelationshipsPart(PackageRelationshipCollection.java:307)oggger - Parsing relationship: /xl/worksheets/_rels/sheet2.xml.rels
08:57:41.520 [main] DEBUG org.apache.poi.openxml4j.opc.PackageRelationshipCollection.parseRelationshipsPart(PackageRelationshipCollection.java:307)oggger - Parsing relationship: /xl/worksheets/_rels/sheet3.xml.rels
08:57:41.520 [main] DEBUG org.apache.poi.openxml4j.opc.PackageRelationshipCollection.parseRelationshipsPart(PackageRelationshipCollection.java:307)oggger - Parsing relationship: /_rels/.rels
08:57:41.543 [main] DEBUG org.apache.poi.ooxml.POIXMLFactory.createDocumentPart(POIXMLFactory.java:65)oggger - using default POIXMLDocumentPart for http://schemas.openxmlformats.org/officeDocument/2006/relationships/printerSettings
08:57:41.579 [main] DEBUG org.apache.poi.openxml4j.opc.PackageRelationshipCollection.parseRelationshipsPart(PackageRelationshipCollection.java:307)oggger - Parsing relationship: /xl/_rels/workbook.xml.rels
08:57:41.581 [main] DEBUG org.apache.poi.openxml4j.opc.PackageRelationshipCollection.parseRelationshipsPart(PackageRelationshipCollection.java:307)oggger - Parsing relationship: /xl/worksheets/_rels/sheet1.xml.rels
08:57:41.581 [main] DEBUG org.apache.poi.openxml4j.opc.PackageRelationshipCollection.parseRelationshipsPart(PackageRelationshipCollection.java:307)oggger - Parsing relationship: /xl/worksheets/_rels/sheet2.xml.rels
08:57:41.583 [main] DEBUG org.apache.poi.openxml4j.opc.PackageRelationshipCollection.parseRelationshipsPart(PackageRelationshipCollection.java:307)oggger - Parsing relationship: /xl/worksheets/_rels/sheet3.xml.rels
08:57:41.583 [main] DEBUG org.apache.poi.openxml4j.opc.PackageRelationshipCollection.parseRelationshipsPart(PackageRelationshipCollection.java:307)oggger - Parsing relationship: /_rels/.rels
08:57:41.595 [main] DEBUG org.apache.poi.ooxml.POIXMLFactory.createDocumentPart(POIXMLFactory.java:65)oggger - using default POIXMLDocumentPart for http://schemas.openxmlformats.org/officeDocument/2006/relationships/printerSettings
08:57:41.629 [main] DEBUG org.apache.poi.openxml4j.opc.PackageRelationshipCollection.parseRelationshipsPart(PackageRelationshipCollection.java:307)oggger - Parsing relationship: /xl/_rels/workbook.xml.rels
08:57:41.631 [main] DEBUG org.apache.poi.openxml4j.opc.PackageRelationshipCollection.parseRelationshipsPart(PackageRelationshipCollection.java:307)oggger - Parsing relationship: /xl/worksheets/_rels/sheet1.xml.rels
08:57:41.633 [main] DEBUG org.apache.poi.openxml4j.opc.PackageRelationshipCollection.parseRelationshipsPart(PackageRelationshipCollection.java:307)oggger - Parsing relationship: /xl/worksheets/_rels/sheet2.xml.rels
08:57:41.633 [main] DEBUG org.apache.poi.openxml4j.opc.PackageRelationshipCollection.parseRelationshipsPart(PackageRelationshipCollection.java:307)oggger - Parsing relationship: /xl/worksheets/_rels/sheet3.xml.rels
08:57:41.635 [main] DEBUG org.apache.poi.openxml4j.opc.PackageRelationshipCollection.parseRelationshipsPart(PackageRelationshipCollection.java:307)oggger - Parsing relationship: /_rels/.rels
08:57:41.649 [main] DEBUG org.apache.poi.ooxml.POIXMLFactory.createDocumentPart(POIXMLFactory.java:65)oggger - using default POIXMLDocumentPart for http://schemas.openxmlformats.org/officeDocument/2006/relationships/printerSettings
08:57:41.670 [main] DEBUG org.apache.poi.openxml4j.opc.PackageRelationshipCollection.parseRelationshipsPart(PackageRelationshipCollection.java:307)oggger - Parsing relationship: /xl/_rels/workbook.xml.rels
08:57:41.672 [main] DEBUG org.apache.poi.openxml4j.opc.PackageRelationshipCollection.parseRelationshipsPart(PackageRelationshipCollection.java:307)oggger - Parsing relationship: /xl/worksheets/_rels/sheet1.xml.rels
08:57:41.672 [main] DEBUG org.apache.poi.openxml4j.opc.PackageRelationshipCollection.parseRelationshipsPart(PackageRelationshipCollection.java:307)oggger - Parsing relationship: /xl/worksheets/_rels/sheet2.xml.rels
08:57:41.674 [main] DEBUG org.apache.poi.openxml4j.opc.PackageRelationshipCollection.parseRelationshipsPart(PackageRelationshipCollection.java:307)oggger - Parsing relationship: /xl/worksheets/_rels/sheet3.xml.rels
08:57:41.674 [main] DEBUG org.apache.poi.openxml4j.opc.PackageRelationshipCollection.parseRelationshipsPart(PackageRelationshipCollection.java:307)oggger - Parsing relationship: /_rels/.rels
08:57:41.682 [main] DEBUG org.apache.poi.ooxml.POIXMLFactory.createDocumentPart(POIXMLFactory.java:65)oggger - using default POIXMLDocumentPart for http://schemas.openxmlformats.org/officeDocument/2006/relationships/printerSettings
08:57:41.706 [main] DEBUG org.apache.poi.openxml4j.opc.PackageRelationshipCollection.parseRelationshipsPart(PackageRelationshipCollection.java:307)oggger - Parsing relationship: /xl/_rels/workbook.xml.rels
08:57:41.706 [main] DEBUG org.apache.poi.openxml4j.opc.PackageRelationshipCollection.parseRelationshipsPart(PackageRelationshipCollection.java:307)oggger - Parsing relationship: /xl/worksheets/_rels/sheet1.xml.rels
08:57:41.708 [main] DEBUG org.apache.poi.openxml4j.opc.PackageRelationshipCollection.parseRelationshipsPart(PackageRelationshipCollection.java:307)oggger - Parsing relationship: /xl/worksheets/_rels/sheet2.xml.rels
08:57:41.708 [main] DEBUG org.apache.poi.openxml4j.opc.PackageRelationshipCollection.parseRelationshipsPart(PackageRelationshipCollection.java:307)oggger - Parsing relationship: /xl/worksheets/_rels/sheet3.xml.rels
08:57:41.708 [main] DEBUG org.apache.poi.openxml4j.opc.PackageRelationshipCollection.parseRelationshipsPart(PackageRelationshipCollection.java:307)oggger - Parsing relationship: /_rels/.rels
08:57:41.718 [main] DEBUG org.apache.poi.ooxml.POIXMLFactory.createDocumentPart(POIXMLFactory.java:65)oggger - using default POIXMLDocumentPart for http://schemas.openxmlformats.org/officeDocument/2006/relationships/printerSettings
08:57:41.741 [main] DEBUG org.apache.poi.openxml4j.opc.PackageRelationshipCollection.parseRelationshipsPart(PackageRelationshipCollection.java:307)oggger - Parsing relationship: /xl/_rels/workbook.xml.rels
08:57:41.743 [main] DEBUG org.apache.poi.openxml4j.opc.PackageRelationshipCollection.parseRelationshipsPart(PackageRelationshipCollection.java:307)oggger - Parsing relationship: /xl/worksheets/_rels/sheet1.xml.rels
08:57:41.743 [main] DEBUG org.apache.poi.openxml4j.opc.PackageRelationshipCollection.parseRelationshipsPart(PackageRelationshipCollection.java:307)oggger - Parsing relationship: /xl/worksheets/_rels/sheet2.xml.rels
08:57:41.745 [main] DEBUG org.apache.poi.openxml4j.opc.PackageRelationshipCollection.parseRelationshipsPart(PackageRelationshipCollection.java:307)oggger - Parsing relationship: /xl/worksheets/_rels/sheet3.xml.rels
08:57:41.745 [main] DEBUG org.apache.poi.openxml4j.opc.PackageRelationshipCollection.parseRelationshipsPart(PackageRelationshipCollection.java:307)oggger - Parsing relationship: /_rels/.rels
08:57:41.755 [main] DEBUG org.apache.poi.ooxml.POIXMLFactory.createDocumentPart(POIXMLFactory.java:65)oggger - using default POIXMLDocumentPart for http://schemas.openxmlformats.org/officeDocument/2006/relationships/printerSettings
08:57:41.773 [main] DEBUG org.apache.poi.openxml4j.opc.PackageRelationshipCollection.parseRelationshipsPart(PackageRelationshipCollection.java:307)oggger - Parsing relationship: /xl/_rels/workbook.xml.rels
08:57:41.775 [main] DEBUG org.apache.poi.openxml4j.opc.PackageRelationshipCollection.parseRelationshipsPart(PackageRelationshipCollection.java:307)oggger - Parsing relationship: /xl/worksheets/_rels/sheet1.xml.rels
08:57:41.775 [main] DEBUG org.apache.poi.openxml4j.opc.PackageRelationshipCollection.parseRelationshipsPart(PackageRelationshipCollection.java:307)oggger - Parsing relationship: /xl/worksheets/_rels/sheet2.xml.rels
08:57:41.777 [main] DEBUG org.apache.poi.openxml4j.opc.PackageRelationshipCollection.parseRelationshipsPart(PackageRelationshipCollection.java:307)oggger - Parsing relationship: /xl/worksheets/_rels/sheet3.xml.rels
08:57:41.777 [main] DEBUG org.apache.poi.openxml4j.opc.PackageRelationshipCollection.parseRelationshipsPart(PackageRelationshipCollection.java:307)oggger - Parsing relationship: /_rels/.rels
08:57:41.789 [main] DEBUG org.apache.poi.ooxml.POIXMLFactory.createDocumentPart(POIXMLFactory.java:65)oggger - using default POIXMLDocumentPart for http://schemas.openxmlformats.org/officeDocument/2006/relationships/printerSettings
08:57:41.809 [main] DEBUG org.apache.poi.openxml4j.opc.PackageRelationshipCollection.parseRelationshipsPart(PackageRelationshipCollection.java:307)oggger - Parsing relationship: /xl/_rels/workbook.xml.rels
08:57:41.809 [main] DEBUG org.apache.poi.openxml4j.opc.PackageRelationshipCollection.parseRelationshipsPart(PackageRelationshipCollection.java:307)oggger - Parsing relationship: /xl/worksheets/_rels/sheet1.xml.rels
08:57:41.811 [main] DEBUG org.apache.poi.openxml4j.opc.PackageRelationshipCollection.parseRelationshipsPart(PackageRelationshipCollection.java:307)oggger - Parsing relationship: /xl/worksheets/_rels/sheet2.xml.rels
08:57:41.811 [main] DEBUG org.apache.poi.openxml4j.opc.PackageRelationshipCollection.parseRelationshipsPart(PackageRelationshipCollection.java:307)oggger - Parsing relationship: /xl/worksheets/_rels/sheet3.xml.rels
08:57:41.813 [main] DEBUG org.apache.poi.openxml4j.opc.PackageRelationshipCollection.parseRelationshipsPart(PackageRelationshipCollection.java:307)oggger - Parsing relationship: /_rels/.rels
08:57:41.821 [main] DEBUG org.apache.poi.ooxml.POIXMLFactory.createDocumentPart(POIXMLFactory.java:65)oggger - using default POIXMLDocumentPart for http://schemas.openxmlformats.org/officeDocument/2006/relationships/printerSettings
08:57:41.843 [main] DEBUG org.apache.poi.openxml4j.opc.PackageRelationshipCollection.parseRelationshipsPart(PackageRelationshipCollection.java:307)oggger - Parsing relationship: /xl/_rels/workbook.xml.rels
08:57:41.843 [main] DEBUG org.apache.poi.openxml4j.opc.PackageRelationshipCollection.parseRelationshipsPart(PackageRelationshipCollection.java:307)oggger - Parsing relationship: /xl/worksheets/_rels/sheet1.xml.rels
08:57:41.845 [main] DEBUG org.apache.poi.openxml4j.opc.PackageRelationshipCollection.parseRelationshipsPart(PackageRelationshipCollection.java:307)oggger - Parsing relationship: /xl/worksheets/_rels/sheet2.xml.rels
08:57:41.845 [main] DEBUG org.apache.poi.openxml4j.opc.PackageRelationshipCollection.parseRelationshipsPart(PackageRelationshipCollection.java:307)oggger - Parsing relationship: /xl/worksheets/_rels/sheet3.xml.rels
08:57:41.845 [main] DEBUG org.apache.poi.openxml4j.opc.PackageRelationshipCollection.parseRelationshipsPart(PackageRelationshipCollection.java:307)oggger - Parsing relationship: /_rels/.rels
08:57:41.863 [main] DEBUG org.apache.poi.ooxml.POIXMLFactory.createDocumentPart(POIXMLFactory.java:65)oggger - using default POIXMLDocumentPart for http://schemas.openxmlformats.org/officeDocument/2006/relationships/printerSettings
08:57:41.882 [main] DEBUG org.apache.poi.openxml4j.opc.PackageRelationshipCollection.parseRelationshipsPart(PackageRelationshipCollection.java:307)oggger - Parsing relationship: /xl/_rels/workbook.xml.rels
08:57:41.883 [main] DEBUG org.apache.poi.openxml4j.opc.PackageRelationshipCollection.parseRelationshipsPart(PackageRelationshipCollection.java:307)oggger - Parsing relationship: /xl/worksheets/_rels/sheet1.xml.rels
08:57:41.884 [main] DEBUG org.apache.poi.openxml4j.opc.PackageRelationshipCollection.parseRelationshipsPart(PackageRelationshipCollection.java:307)oggger - Parsing relationship: /xl/worksheets/_rels/sheet2.xml.rels
08:57:41.885 [main] DEBUG org.apache.poi.openxml4j.opc.PackageRelationshipCollection.parseRelationshipsPart(PackageRelationshipCollection.java:307)oggger - Parsing relationship: /xl/worksheets/_rels/sheet3.xml.rels
08:57:41.886 [main] DEBUG org.apache.poi.openxml4j.opc.PackageRelationshipCollection.parseRelationshipsPart(PackageRelationshipCollection.java:307)oggger - Parsing relationship: /_rels/.rels
08:57:41.898 [main] DEBUG org.apache.poi.ooxml.POIXMLFactory.createDocumentPart(POIXMLFactory.java:65)oggger - using default POIXMLDocumentPart for http://schemas.openxmlformats.org/officeDocument/2006/relationships/printerSettings
08:57:41.916 [main] DEBUG org.apache.poi.openxml4j.opc.PackageRelationshipCollection.parseRelationshipsPart(PackageRelationshipCollection.java:307)oggger - Parsing relationship: /xl/_rels/workbook.xml.rels
08:57:41.917 [main] DEBUG org.apache.poi.openxml4j.opc.PackageRelationshipCollection.parseRelationshipsPart(PackageRelationshipCollection.java:307)oggger - Parsing relationship: /xl/worksheets/_rels/sheet1.xml.rels
08:57:41.918 [main] DEBUG org.apache.poi.openxml4j.opc.PackageRelationshipCollection.parseRelationshipsPart(PackageRelationshipCollection.java:307)oggger - Parsing relationship: /xl/worksheets/_rels/sheet2.xml.rels
08:57:41.920 [main] DEBUG org.apache.poi.openxml4j.opc.PackageRelationshipCollection.parseRelationshipsPart(PackageRelationshipCollection.java:307)oggger - Parsing relationship: /xl/worksheets/_rels/sheet3.xml.rels
08:57:41.926 [main] DEBUG org.apache.poi.openxml4j.opc.PackageRelationshipCollection.parseRelationshipsPart(PackageRelationshipCollection.java:307)oggger - Parsing relationship: /_rels/.rels
08:57:41.934 [main] DEBUG org.apache.poi.ooxml.POIXMLFactory.createDocumentPart(POIXMLFactory.java:65)oggger - using default POIXMLDocumentPart for http://schemas.openxmlformats.org/officeDocument/2006/relationships/printerSettings
08:57:41.953 [main] DEBUG org.apache.poi.openxml4j.opc.PackageRelationshipCollection.parseRelationshipsPart(PackageRelationshipCollection.java:307)oggger - Parsing relationship: /xl/_rels/workbook.xml.rels
08:57:41.958 [main] DEBUG org.apache.poi.openxml4j.opc.PackageRelationshipCollection.parseRelationshipsPart(PackageRelationshipCollection.java:307)oggger - Parsing relationship: /xl/worksheets/_rels/sheet1.xml.rels
08:57:41.959 [main] DEBUG org.apache.poi.openxml4j.opc.PackageRelationshipCollection.parseRelationshipsPart(PackageRelationshipCollection.java:307)oggger - Parsing relationship: /xl/worksheets/_rels/sheet2.xml.rels
08:57:41.960 [main] DEBUG org.apache.poi.openxml4j.opc.PackageRelationshipCollection.parseRelationshipsPart(PackageRelationshipCollection.java:307)oggger - Parsing relationship: /xl/worksheets/_rels/sheet3.xml.rels
08:57:41.961 [main] DEBUG org.apache.poi.openxml4j.opc.PackageRelationshipCollection.parseRelationshipsPart(PackageRelationshipCollection.java:307)oggger - Parsing relationship: /_rels/.rels
08:57:41.969 [main] DEBUG org.apache.poi.ooxml.POIXMLFactory.createDocumentPart(POIXMLFactory.java:65)oggger - using default POIXMLDocumentPart for http://schemas.openxmlformats.org/officeDocument/2006/relationships/printerSettings
08:57:41.991 [main] DEBUG org.apache.poi.openxml4j.opc.PackageRelationshipCollection.parseRelationshipsPart(PackageRelationshipCollection.java:307)oggger - Parsing relationship: /xl/_rels/workbook.xml.rels
08:57:41.992 [main] DEBUG org.apache.poi.openxml4j.opc.PackageRelationshipCollection.parseRelationshipsPart(PackageRelationshipCollection.java:307)oggger - Parsing relationship: /xl/worksheets/_rels/sheet1.xml.rels
08:57:41.993 [main] DEBUG org.apache.poi.openxml4j.opc.PackageRelationshipCollection.parseRelationshipsPart(PackageRelationshipCollection.java:307)oggger - Parsing relationship: /xl/worksheets/_rels/sheet2.xml.rels
08:57:41.993 [main] DEBUG org.apache.poi.openxml4j.opc.PackageRelationshipCollection.parseRelationshipsPart(PackageRelationshipCollection.java:307)oggger - Parsing relationship: /xl/worksheets/_rels/sheet3.xml.rels
08:57:41.994 [main] DEBUG org.apache.poi.openxml4j.opc.PackageRelationshipCollection.parseRelationshipsPart(PackageRelationshipCollection.java:307)oggger - Parsing relationship: /_rels/.rels
08:57:42.008 [main] DEBUG org.apache.poi.ooxml.POIXMLFactory.createDocumentPart(POIXMLFactory.java:65)oggger - using default POIXMLDocumentPart for http://schemas.openxmlformats.org/officeDocument/2006/relationships/printerSettings
08:57:42.025 [main] DEBUG org.apache.poi.openxml4j.opc.PackageRelationshipCollection.parseRelationshipsPart(PackageRelationshipCollection.java:307)oggger - Parsing relationship: /xl/_rels/workbook.xml.rels
08:57:42.026 [main] DEBUG org.apache.poi.openxml4j.opc.PackageRelationshipCollection.parseRelationshipsPart(PackageRelationshipCollection.java:307)oggger - Parsing relationship: /xl/worksheets/_rels/sheet1.xml.rels
08:57:42.026 [main] DEBUG org.apache.poi.openxml4j.opc.PackageRelationshipCollection.parseRelationshipsPart(PackageRelationshipCollection.java:307)oggger - Parsing relationship: /xl/worksheets/_rels/sheet2.xml.rels
08:57:42.027 [main] DEBUG org.apache.poi.openxml4j.opc.PackageRelationshipCollection.parseRelationshipsPart(PackageRelationshipCollection.java:307)oggger - Parsing relationship: /xl/worksheets/_rels/sheet3.xml.rels
08:57:42.028 [main] DEBUG org.apache.poi.openxml4j.opc.PackageRelationshipCollection.parseRelationshipsPart(PackageRelationshipCollection.java:307)oggger - Parsing relationship: /_rels/.rels
08:57:42.035 [main] DEBUG org.apache.poi.ooxml.POIXMLFactory.createDocumentPart(POIXMLFactory.java:65)oggger - using default POIXMLDocumentPart for http://schemas.openxmlformats.org/officeDocument/2006/relationships/printerSettings
08:57:42.050 [main] DEBUG org.apache.poi.openxml4j.opc.PackageRelationshipCollection.parseRelationshipsPart(PackageRelationshipCollection.java:307)oggger - Parsing relationship: /xl/_rels/workbook.xml.rels
08:57:42.051 [main] DEBUG org.apache.poi.openxml4j.opc.PackageRelationshipCollection.parseRelationshipsPart(PackageRelationshipCollection.java:307)oggger - Parsing relationship: /xl/worksheets/_rels/sheet1.xml.rels
08:57:42.052 [main] DEBUG org.apache.poi.openxml4j.opc.PackageRelationshipCollection.parseRelationshipsPart(PackageRelationshipCollection.java:307)oggger - Parsing relationship: /xl/worksheets/_rels/sheet2.xml.rels
08:57:42.053 [main] DEBUG org.apache.poi.openxml4j.opc.PackageRelationshipCollection.parseRelationshipsPart(PackageRelationshipCollection.java:307)oggger - Parsing relationship: /xl/worksheets/_rels/sheet3.xml.rels
08:57:42.053 [main] DEBUG org.apache.poi.openxml4j.opc.PackageRelationshipCollection.parseRelationshipsPart(PackageRelationshipCollection.java:307)oggger - Parsing relationship: /_rels/.rels
08:57:42.065 [main] DEBUG org.apache.poi.ooxml.POIXMLFactory.createDocumentPart(POIXMLFactory.java:65)oggger - using default POIXMLDocumentPart for http://schemas.openxmlformats.org/officeDocument/2006/relationships/printerSettings
08:57:42.082 [main] DEBUG org.apache.poi.openxml4j.opc.PackageRelationshipCollection.parseRelationshipsPart(PackageRelationshipCollection.java:307)oggger - Parsing relationship: /xl/_rels/workbook.xml.rels
08:57:42.084 [main] DEBUG org.apache.poi.openxml4j.opc.PackageRelationshipCollection.parseRelationshipsPart(PackageRelationshipCollection.java:307)oggger - Parsing relationship: /xl/worksheets/_rels/sheet1.xml.rels
08:57:42.084 [main] DEBUG org.apache.poi.openxml4j.opc.PackageRelationshipCollection.parseRelationshipsPart(PackageRelationshipCollection.java:307)oggger - Parsing relationship: /xl/worksheets/_rels/sheet2.xml.rels
08:57:42.084 [main] DEBUG org.apache.poi.openxml4j.opc.PackageRelationshipCollection.parseRelationshipsPart(PackageRelationshipCollection.java:307)oggger - Parsing relationship: /xl/worksheets/_rels/sheet3.xml.rels
08:57:42.086 [main] DEBUG org.apache.poi.openxml4j.opc.PackageRelationshipCollection.parseRelationshipsPart(PackageRelationshipCollection.java:307)oggger - Parsing relationship: /_rels/.rels
08:57:42.092 [main] DEBUG org.apache.poi.ooxml.POIXMLFactory.createDocumentPart(POIXMLFactory.java:65)oggger - using default POIXMLDocumentPart for http://schemas.openxmlformats.org/officeDocument/2006/relationships/printerSettings
08:57:42.108 [main] DEBUG org.apache.poi.openxml4j.opc.PackageRelationshipCollection.parseRelationshipsPart(PackageRelationshipCollection.java:307)oggger - Parsing relationship: /xl/_rels/workbook.xml.rels
08:57:42.110 [main] DEBUG org.apache.poi.openxml4j.opc.PackageRelationshipCollection.parseRelationshipsPart(PackageRelationshipCollection.java:307)oggger - Parsing relationship: /xl/worksheets/_rels/sheet1.xml.rels
08:57:42.110 [main] DEBUG org.apache.poi.openxml4j.opc.PackageRelationshipCollection.parseRelationshipsPart(PackageRelationshipCollection.java:307)oggger - Parsing relationship: /xl/worksheets/_rels/sheet2.xml.rels
08:57:42.112 [main] DEBUG org.apache.poi.openxml4j.opc.PackageRelationshipCollection.parseRelationshipsPart(PackageRelationshipCollection.java:307)oggger - Parsing relationship: /xl/worksheets/_rels/sheet3.xml.rels
08:57:42.112 [main] DEBUG org.apache.poi.openxml4j.opc.PackageRelationshipCollection.parseRelationshipsPart(PackageRelationshipCollection.java:307)oggger - Parsing relationship: /_rels/.rels
08:57:42.118 [main] DEBUG org.apache.poi.ooxml.POIXMLFactory.createDocumentPart(POIXMLFactory.java:65)oggger - using default POIXMLDocumentPart for http://schemas.openxmlformats.org/officeDocument/2006/relationships/printerSettings
08:57:42.133 [main] DEBUG org.apache.poi.openxml4j.opc.PackageRelationshipCollection.parseRelationshipsPart(PackageRelationshipCollection.java:307)oggger - Parsing relationship: /xl/_rels/workbook.xml.rels
08:57:42.133 [main] DEBUG org.apache.poi.openxml4j.opc.PackageRelationshipCollection.parseRelationshipsPart(PackageRelationshipCollection.java:307)oggger - Parsing relationship: /xl/worksheets/_rels/sheet1.xml.rels
08:57:42.135 [main] DEBUG org.apache.poi.openxml4j.opc.PackageRelationshipCollection.parseRelationshipsPart(PackageRelationshipCollection.java:307)oggger - Parsing relationship: /xl/worksheets/_rels/sheet2.xml.rels
08:57:42.135 [main] DEBUG org.apache.poi.openxml4j.opc.PackageRelationshipCollection.parseRelationshipsPart(PackageRelationshipCollection.java:307)oggger - Parsing relationship: /xl/worksheets/_rels/sheet3.xml.rels
08:57:42.135 [main] DEBUG org.apache.poi.openxml4j.opc.PackageRelationshipCollection.parseRelationshipsPart(PackageRelationshipCollection.java:307)oggger - Parsing relationship: /_rels/.rels
08:57:42.143 [main] DEBUG org.apache.poi.ooxml.POIXMLFactory.createDocumentPart(POIXMLFactory.java:65)oggger - using default POIXMLDocumentPart for http://schemas.openxmlformats.org/officeDocument/2006/relationships/printerSettings
08:57:42.161 [main] DEBUG org.apache.poi.openxml4j.opc.PackageRelationshipCollection.parseRelationshipsPart(PackageRelationshipCollection.java:307)oggger - Parsing relationship: /xl/_rels/workbook.xml.rels
08:57:42.163 [main] DEBUG org.apache.poi.openxml4j.opc.PackageRelationshipCollection.parseRelationshipsPart(PackageRelationshipCollection.java:307)oggger - Parsing relationship: /xl/worksheets/_rels/sheet1.xml.rels
08:57:42.163 [main] DEBUG org.apache.poi.openxml4j.opc.PackageRelationshipCollection.parseRelationshipsPart(PackageRelationshipCollection.java:307)oggger - Parsing relationship: /xl/worksheets/_rels/sheet2.xml.rels
08:57:42.163 [main] DEBUG org.apache.poi.openxml4j.opc.PackageRelationshipCollection.parseRelationshipsPart(PackageRelationshipCollection.java:307)oggger - Parsing relationship: /xl/worksheets/_rels/sheet3.xml.rels
08:57:42.165 [main] DEBUG org.apache.poi.openxml4j.opc.PackageRelationshipCollection.parseRelationshipsPart(PackageRelationshipCollection.java:307)oggger - Parsing relationship: /_rels/.rels
08:57:42.171 [main] DEBUG org.apache.poi.ooxml.POIXMLFactory.createDocumentPart(POIXMLFactory.java:65)oggger - using default POIXMLDocumentPart for http://schemas.openxmlformats.org/officeDocument/2006/relationships/printerSettings
08:57:42.187 [main] DEBUG org.apache.poi.openxml4j.opc.PackageRelationshipCollection.parseRelationshipsPart(PackageRelationshipCollection.java:307)oggger - Parsing relationship: /xl/_rels/workbook.xml.rels
08:57:42.187 [main] DEBUG org.apache.poi.openxml4j.opc.PackageRelationshipCollection.parseRelationshipsPart(PackageRelationshipCollection.java:307)oggger - Parsing relationship: /xl/worksheets/_rels/sheet1.xml.rels
08:57:42.189 [main] DEBUG org.apache.poi.openxml4j.opc.PackageRelationshipCollection.parseRelationshipsPart(PackageRelationshipCollection.java:307)oggger - Parsing relationship: /xl/worksheets/_rels/sheet2.xml.rels
08:57:42.189 [main] DEBUG org.apache.poi.openxml4j.opc.PackageRelationshipCollection.parseRelationshipsPart(PackageRelationshipCollection.java:307)oggger - Parsing relationship: /xl/worksheets/_rels/sheet3.xml.rels
08:57:42.189 [main] DEBUG org.apache.poi.openxml4j.opc.PackageRelationshipCollection.parseRelationshipsPart(PackageRelationshipCollection.java:307)oggger - Parsing relationship: /_rels/.rels
08:57:42.197 [main] DEBUG org.apache.poi.ooxml.POIXMLFactory.createDocumentPart(POIXMLFactory.java:65)oggger - using default POIXMLDocumentPart for http://schemas.openxmlformats.org/officeDocument/2006/relationships/printerSettings
08:57:42.208 [main] DEBUG org.apache.poi.openxml4j.opc.PackageRelationshipCollection.parseRelationshipsPart(PackageRelationshipCollection.java:307)oggger - Parsing relationship: /xl/_rels/workbook.xml.rels
08:57:42.210 [main] DEBUG org.apache.poi.openxml4j.opc.PackageRelationshipCollection.parseRelationshipsPart(PackageRelationshipCollection.java:307)oggger - Parsing relationship: /xl/worksheets/_rels/sheet1.xml.rels
08:57:42.210 [main] DEBUG org.apache.poi.openxml4j.opc.PackageRelationshipCollection.parseRelationshipsPart(PackageRelationshipCollection.java:307)oggger - Parsing relationship: /xl/worksheets/_rels/sheet2.xml.rels
08:57:42.210 [main] DEBUG org.apache.poi.openxml4j.opc.PackageRelationshipCollection.parseRelationshipsPart(PackageRelationshipCollection.java:307)oggger - Parsing relationship: /xl/worksheets/_rels/sheet3.xml.rels
08:57:42.212 [main] DEBUG org.apache.poi.openxml4j.opc.PackageRelationshipCollection.parseRelationshipsPart(PackageRelationshipCollection.java:307)oggger - Parsing relationship: /_rels/.rels
08:57:42.218 [main] DEBUG org.apache.poi.ooxml.POIXMLFactory.createDocumentPart(POIXMLFactory.java:65)oggger - using default POIXMLDocumentPart for http://schemas.openxmlformats.org/officeDocument/2006/relationships/printerSettings
08:57:42.248 [main] INFO  testClasses.TC003_LoginDDT.testLoginDDT(TC003_LoginDDT.java:26)oggger - ******Tesing TC003_LoginDDT started*******
08:57:42.767 [main] INFO  testClasses.TC003_LoginDDT.testLoginDDT(TC003_LoginDDT.java:32)oggger - ******On login page *******
08:57:42.950 [main] INFO  testClasses.TC003_LoginDDT.testLoginDDT(TC003_LoginDDT.java:38)oggger - ******on my account page*******
08:57:45.392 [main] INFO  testClasses.TC003_LoginDDT.testLoginDDT(TC003_LoginDDT.java:70)oggger - ********Testing TC003_LoginDDT completed********
08:57:45.398 [main] INFO  testClasses.TC003_LoginDDT.testLoginDDT(TC003_LoginDDT.java:26)oggger - ******Tesing TC003_LoginDDT started*******
08:57:45.811 [main] INFO  testClasses.TC003_LoginDDT.testLoginDDT(TC003_LoginDDT.java:32)oggger - ******On login page *******
08:57:46.000 [main] INFO  testClasses.TC003_LoginDDT.testLoginDDT(TC003_LoginDDT.java:38)oggger - ******on my account page*******
08:57:56.038 [main] INFO  testClasses.TC003_LoginDDT.testLoginDDT(TC003_LoginDDT.java:70)oggger - ********Testing TC003_LoginDDT completed********
08:57:56.052 [main] INFO  testClasses.TC003_LoginDDT.testLoginDDT(TC003_LoginDDT.java:26)oggger - ******Tesing TC003_LoginDDT started*******
08:57:56.521 [main] INFO  testClasses.TC003_LoginDDT.testLoginDDT(TC003_LoginDDT.java:32)oggger - ******On login page *******
08:57:56.683 [main] INFO  testClasses.TC003_LoginDDT.testLoginDDT(TC003_LoginDDT.java:38)oggger - ******on my account page*******
08:57:58.653 [main] INFO  testClasses.TC003_LoginDDT.testLoginDDT(TC003_LoginDDT.java:70)oggger - ********Testing TC003_LoginDDT completed********
08:57:58.669 [main] INFO  testClasses.TC003_LoginDDT.testLoginDDT(TC003_LoginDDT.java:26)oggger - ******Tesing TC003_LoginDDT started*******
08:57:59.086 [main] INFO  testClasses.TC003_LoginDDT.testLoginDDT(TC003_LoginDDT.java:32)oggger - ******On login page *******
08:57:59.258 [main] INFO  testClasses.TC003_LoginDDT.testLoginDDT(TC003_LoginDDT.java:38)oggger - ******on my account page*******
08:58:01.050 [main] ERROR testClasses.TC003_LoginDDT.testLoginDDT(TC003_LoginDDT.java:65)oggger - ****Error Logs****expected [true] but found [false]
08:58:01.056 [main] ERROR baseTest.BaseTest.captureBrowserConsoleLogs(BaseTest.java:131)oggger - --- CAPTURING CHROME BROWSER CONSOLE LOGS ---
08:58:01.064 [main] INFO  testClasses.TC003_LoginDDT.testLoginDDT(TC003_LoginDDT.java:26)oggger - ******Tesing TC003_LoginDDT started*******
08:58:01.508 [main] INFO  testClasses.TC003_LoginDDT.testLoginDDT(TC003_LoginDDT.java:32)oggger - ******On login page *******
08:58:01.684 [main] INFO  testClasses.TC003_LoginDDT.testLoginDDT(TC003_LoginDDT.java:38)oggger - ******on my account page*******
08:58:11.695 [main] ERROR testClasses.TC003_LoginDDT.testLoginDDT(TC003_LoginDDT.java:65)oggger - ****Error Logs****expected [true] but found [false]
08:58:11.695 [main] ERROR baseTest.BaseTest.captureBrowserConsoleLogs(BaseTest.java:131)oggger - --- CAPTURING CHROME BROWSER CONSOLE LOGS ---
09:03:34.983 [main] DEBUG org.testng.log4testng.Logger.debug(Logger.java:82)oggger - suiteXmlPath: "C:\Users\VedaB\eclipse-workspace\OpenCartV121\master.xml"
09:03:35.772 [main] INFO  org.testng.log4testng.Logger.info(Logger.java:112)oggger - [TestNG] Running:
  C:\Users\VedaB\eclipse-workspace\OpenCartV121\master.xml

09:03:40.457 [main] DEBUG org.apache.poi.openxml4j.opc.PackageRelationshipCollection.parseRelationshipsPart(PackageRelationshipCollection.java:307)oggger - Parsing relationship: /xl/_rels/workbook.xml.rels
09:03:40.485 [main] DEBUG org.apache.poi.openxml4j.opc.PackageRelationshipCollection.parseRelationshipsPart(PackageRelationshipCollection.java:307)oggger - Parsing relationship: /xl/worksheets/_rels/sheet1.xml.rels
09:03:40.491 [main] DEBUG org.apache.poi.openxml4j.opc.PackageRelationshipCollection.parseRelationshipsPart(PackageRelationshipCollection.java:307)oggger - Parsing relationship: /xl/worksheets/_rels/sheet2.xml.rels
09:03:40.500 [main] DEBUG org.apache.poi.openxml4j.opc.PackageRelationshipCollection.parseRelationshipsPart(PackageRelationshipCollection.java:307)oggger - Parsing relationship: /xl/worksheets/_rels/sheet3.xml.rels
09:03:40.503 [main] DEBUG org.apache.poi.openxml4j.opc.PackageRelationshipCollection.parseRelationshipsPart(PackageRelationshipCollection.java:307)oggger - Parsing relationship: /_rels/.rels
09:03:41.177 [main] DEBUG org.apache.poi.ooxml.POIXMLFactory.createDocumentPart(POIXMLFactory.java:65)oggger - using default POIXMLDocumentPart for http://schemas.openxmlformats.org/officeDocument/2006/relationships/printerSettings
09:03:41.348 [main] DEBUG org.apache.poi.openxml4j.opc.PackageRelationshipCollection.parseRelationshipsPart(PackageRelationshipCollection.java:307)oggger - Parsing relationship: /xl/_rels/workbook.xml.rels
09:03:41.350 [main] DEBUG org.apache.poi.openxml4j.opc.PackageRelationshipCollection.parseRelationshipsPart(PackageRelationshipCollection.java:307)oggger - Parsing relationship: /xl/worksheets/_rels/sheet1.xml.rels
09:03:41.352 [main] DEBUG org.apache.poi.openxml4j.opc.PackageRelationshipCollection.parseRelationshipsPart(PackageRelationshipCollection.java:307)oggger - Parsing relationship: /xl/worksheets/_rels/sheet2.xml.rels
09:03:41.353 [main] DEBUG org.apache.poi.openxml4j.opc.PackageRelationshipCollection.parseRelationshipsPart(PackageRelationshipCollection.java:307)oggger - Parsing relationship: /xl/worksheets/_rels/sheet3.xml.rels
09:03:41.354 [main] DEBUG org.apache.poi.openxml4j.opc.PackageRelationshipCollection.parseRelationshipsPart(PackageRelationshipCollection.java:307)oggger - Parsing relationship: /_rels/.rels
09:03:41.382 [main] DEBUG org.apache.poi.ooxml.POIXMLFactory.createDocumentPart(POIXMLFactory.java:65)oggger - using default POIXMLDocumentPart for http://schemas.openxmlformats.org/officeDocument/2006/relationships/printerSettings
09:03:41.423 [main] DEBUG org.apache.poi.openxml4j.opc.PackageRelationshipCollection.parseRelationshipsPart(PackageRelationshipCollection.java:307)oggger - Parsing relationship: /xl/_rels/workbook.xml.rels
09:03:41.427 [main] DEBUG org.apache.poi.openxml4j.opc.PackageRelationshipCollection.parseRelationshipsPart(PackageRelationshipCollection.java:307)oggger - Parsing relationship: /xl/worksheets/_rels/sheet1.xml.rels
09:03:41.431 [main] DEBUG org.apache.poi.openxml4j.opc.PackageRelationshipCollection.parseRelationshipsPart(PackageRelationshipCollection.java:307)oggger - Parsing relationship: /xl/worksheets/_rels/sheet2.xml.rels
09:03:41.432 [main] DEBUG org.apache.poi.openxml4j.opc.PackageRelationshipCollection.parseRelationshipsPart(PackageRelationshipCollection.java:307)oggger - Parsing relationship: /xl/worksheets/_rels/sheet3.xml.rels
09:03:41.433 [main] DEBUG org.apache.poi.openxml4j.opc.PackageRelationshipCollection.parseRelationshipsPart(PackageRelationshipCollection.java:307)oggger - Parsing relationship: /_rels/.rels
09:03:41.449 [main] DEBUG org.apache.poi.ooxml.POIXMLFactory.createDocumentPart(POIXMLFactory.java:65)oggger - using default POIXMLDocumentPart for http://schemas.openxmlformats.org/officeDocument/2006/relationships/printerSettings
09:03:41.486 [main] DEBUG org.apache.poi.openxml4j.opc.PackageRelationshipCollection.parseRelationshipsPart(PackageRelationshipCollection.java:307)oggger - Parsing relationship: /xl/_rels/workbook.xml.rels
09:03:41.487 [main] DEBUG org.apache.poi.openxml4j.opc.PackageRelationshipCollection.parseRelationshipsPart(PackageRelationshipCollection.java:307)oggger - Parsing relationship: /xl/worksheets/_rels/sheet1.xml.rels
09:03:41.487 [main] DEBUG org.apache.poi.openxml4j.opc.PackageRelationshipCollection.parseRelationshipsPart(PackageRelationshipCollection.java:307)oggger - Parsing relationship: /xl/worksheets/_rels/sheet2.xml.rels
09:03:41.488 [main] DEBUG org.apache.poi.openxml4j.opc.PackageRelationshipCollection.parseRelationshipsPart(PackageRelationshipCollection.java:307)oggger - Parsing relationship: /xl/worksheets/_rels/sheet3.xml.rels
09:03:41.489 [main] DEBUG org.apache.poi.openxml4j.opc.PackageRelationshipCollection.parseRelationshipsPart(PackageRelationshipCollection.java:307)oggger - Parsing relationship: /_rels/.rels
09:03:41.502 [main] DEBUG org.apache.poi.ooxml.POIXMLFactory.createDocumentPart(POIXMLFactory.java:65)oggger - using default POIXMLDocumentPart for http://schemas.openxmlformats.org/officeDocument/2006/relationships/printerSettings
09:03:41.527 [main] DEBUG org.apache.poi.openxml4j.opc.PackageRelationshipCollection.parseRelationshipsPart(PackageRelationshipCollection.java:307)oggger - Parsing relationship: /xl/_rels/workbook.xml.rels
09:03:41.528 [main] DEBUG org.apache.poi.openxml4j.opc.PackageRelationshipCollection.parseRelationshipsPart(PackageRelationshipCollection.java:307)oggger - Parsing relationship: /xl/worksheets/_rels/sheet1.xml.rels
09:03:41.529 [main] DEBUG org.apache.poi.openxml4j.opc.PackageRelationshipCollection.parseRelationshipsPart(PackageRelationshipCollection.java:307)oggger - Parsing relationship: /xl/worksheets/_rels/sheet2.xml.rels
09:03:41.530 [main] DEBUG org.apache.poi.openxml4j.opc.PackageRelationshipCollection.parseRelationshipsPart(PackageRelationshipCollection.java:307)oggger - Parsing relationship: /xl/worksheets/_rels/sheet3.xml.rels
09:03:41.531 [main] DEBUG org.apache.poi.openxml4j.opc.PackageRelationshipCollection.parseRelationshipsPart(PackageRelationshipCollection.java:307)oggger - Parsing relationship: /_rels/.rels
09:03:41.541 [main] DEBUG org.apache.poi.ooxml.POIXMLFactory.createDocumentPart(POIXMLFactory.java:65)oggger - using default POIXMLDocumentPart for http://schemas.openxmlformats.org/officeDocument/2006/relationships/printerSettings
09:03:41.562 [main] DEBUG org.apache.poi.openxml4j.opc.PackageRelationshipCollection.parseRelationshipsPart(PackageRelationshipCollection.java:307)oggger - Parsing relationship: /xl/_rels/workbook.xml.rels
09:03:41.563 [main] DEBUG org.apache.poi.openxml4j.opc.PackageRelationshipCollection.parseRelationshipsPart(PackageRelationshipCollection.java:307)oggger - Parsing relationship: /xl/worksheets/_rels/sheet1.xml.rels
09:03:41.564 [main] DEBUG org.apache.poi.openxml4j.opc.PackageRelationshipCollection.parseRelationshipsPart(PackageRelationshipCollection.java:307)oggger - Parsing relationship: /xl/worksheets/_rels/sheet2.xml.rels
09:03:41.565 [main] DEBUG org.apache.poi.openxml4j.opc.PackageRelationshipCollection.parseRelationshipsPart(PackageRelationshipCollection.java:307)oggger - Parsing relationship: /xl/worksheets/_rels/sheet3.xml.rels
09:03:41.566 [main] DEBUG org.apache.poi.openxml4j.opc.PackageRelationshipCollection.parseRelationshipsPart(PackageRelationshipCollection.java:307)oggger - Parsing relationship: /_rels/.rels
09:03:41.575 [main] DEBUG org.apache.poi.ooxml.POIXMLFactory.createDocumentPart(POIXMLFactory.java:65)oggger - using default POIXMLDocumentPart for http://schemas.openxmlformats.org/officeDocument/2006/relationships/printerSettings
09:03:41.598 [main] DEBUG org.apache.poi.openxml4j.opc.PackageRelationshipCollection.parseRelationshipsPart(PackageRelationshipCollection.java:307)oggger - Parsing relationship: /xl/_rels/workbook.xml.rels
09:03:41.600 [main] DEBUG org.apache.poi.openxml4j.opc.PackageRelationshipCollection.parseRelationshipsPart(PackageRelationshipCollection.java:307)oggger - Parsing relationship: /xl/worksheets/_rels/sheet1.xml.rels
09:03:41.601 [main] DEBUG org.apache.poi.openxml4j.opc.PackageRelationshipCollection.parseRelationshipsPart(PackageRelationshipCollection.java:307)oggger - Parsing relationship: /xl/worksheets/_rels/sheet2.xml.rels
09:03:41.602 [main] DEBUG org.apache.poi.openxml4j.opc.PackageRelationshipCollection.parseRelationshipsPart(PackageRelationshipCollection.java:307)oggger - Parsing relationship: /xl/worksheets/_rels/sheet3.xml.rels
09:03:41.602 [main] DEBUG org.apache.poi.openxml4j.opc.PackageRelationshipCollection.parseRelationshipsPart(PackageRelationshipCollection.java:307)oggger - Parsing relationship: /_rels/.rels
09:03:41.610 [main] DEBUG org.apache.poi.ooxml.POIXMLFactory.createDocumentPart(POIXMLFactory.java:65)oggger - using default POIXMLDocumentPart for http://schemas.openxmlformats.org/officeDocument/2006/relationships/printerSettings
09:03:41.634 [main] DEBUG org.apache.poi.openxml4j.opc.PackageRelationshipCollection.parseRelationshipsPart(PackageRelationshipCollection.java:307)oggger - Parsing relationship: /xl/_rels/workbook.xml.rels
09:03:41.635 [main] DEBUG org.apache.poi.openxml4j.opc.PackageRelationshipCollection.parseRelationshipsPart(PackageRelationshipCollection.java:307)oggger - Parsing relationship: /xl/worksheets/_rels/sheet1.xml.rels
09:03:41.636 [main] DEBUG org.apache.poi.openxml4j.opc.PackageRelationshipCollection.parseRelationshipsPart(PackageRelationshipCollection.java:307)oggger - Parsing relationship: /xl/worksheets/_rels/sheet2.xml.rels
09:03:41.636 [main] DEBUG org.apache.poi.openxml4j.opc.PackageRelationshipCollection.parseRelationshipsPart(PackageRelationshipCollection.java:307)oggger - Parsing relationship: /xl/worksheets/_rels/sheet3.xml.rels
09:03:41.637 [main] DEBUG org.apache.poi.openxml4j.opc.PackageRelationshipCollection.parseRelationshipsPart(PackageRelationshipCollection.java:307)oggger - Parsing relationship: /_rels/.rels
09:03:41.648 [main] DEBUG org.apache.poi.ooxml.POIXMLFactory.createDocumentPart(POIXMLFactory.java:65)oggger - using default POIXMLDocumentPart for http://schemas.openxmlformats.org/officeDocument/2006/relationships/printerSettings
09:03:41.668 [main] DEBUG org.apache.poi.openxml4j.opc.PackageRelationshipCollection.parseRelationshipsPart(PackageRelationshipCollection.java:307)oggger - Parsing relationship: /xl/_rels/workbook.xml.rels
09:03:41.669 [main] DEBUG org.apache.poi.openxml4j.opc.PackageRelationshipCollection.parseRelationshipsPart(PackageRelationshipCollection.java:307)oggger - Parsing relationship: /xl/worksheets/_rels/sheet1.xml.rels
09:03:41.670 [main] DEBUG org.apache.poi.openxml4j.opc.PackageRelationshipCollection.parseRelationshipsPart(PackageRelationshipCollection.java:307)oggger - Parsing relationship: /xl/worksheets/_rels/sheet2.xml.rels
09:03:41.671 [main] DEBUG org.apache.poi.openxml4j.opc.PackageRelationshipCollection.parseRelationshipsPart(PackageRelationshipCollection.java:307)oggger - Parsing relationship: /xl/worksheets/_rels/sheet3.xml.rels
09:03:41.671 [main] DEBUG org.apache.poi.openxml4j.opc.PackageRelationshipCollection.parseRelationshipsPart(PackageRelationshipCollection.java:307)oggger - Parsing relationship: /_rels/.rels
09:03:41.681 [main] DEBUG org.apache.poi.ooxml.POIXMLFactory.createDocumentPart(POIXMLFactory.java:65)oggger - using default POIXMLDocumentPart for http://schemas.openxmlformats.org/officeDocument/2006/relationships/printerSettings
09:03:41.699 [main] DEBUG org.apache.poi.openxml4j.opc.PackageRelationshipCollection.parseRelationshipsPart(PackageRelationshipCollection.java:307)oggger - Parsing relationship: /xl/_rels/workbook.xml.rels
09:03:41.700 [main] DEBUG org.apache.poi.openxml4j.opc.PackageRelationshipCollection.parseRelationshipsPart(PackageRelationshipCollection.java:307)oggger - Parsing relationship: /xl/worksheets/_rels/sheet1.xml.rels
09:03:41.701 [main] DEBUG org.apache.poi.openxml4j.opc.PackageRelationshipCollection.parseRelationshipsPart(PackageRelationshipCollection.java:307)oggger - Parsing relationship: /xl/worksheets/_rels/sheet2.xml.rels
09:03:41.702 [main] DEBUG org.apache.poi.openxml4j.opc.PackageRelationshipCollection.parseRelationshipsPart(PackageRelationshipCollection.java:307)oggger - Parsing relationship: /xl/worksheets/_rels/sheet3.xml.rels
09:03:41.704 [main] DEBUG org.apache.poi.openxml4j.opc.PackageRelationshipCollection.parseRelationshipsPart(PackageRelationshipCollection.java:307)oggger - Parsing relationship: /_rels/.rels
09:03:41.714 [main] DEBUG org.apache.poi.ooxml.POIXMLFactory.createDocumentPart(POIXMLFactory.java:65)oggger - using default POIXMLDocumentPart for http://schemas.openxmlformats.org/officeDocument/2006/relationships/printerSettings
09:03:41.731 [main] DEBUG org.apache.poi.openxml4j.opc.PackageRelationshipCollection.parseRelationshipsPart(PackageRelationshipCollection.java:307)oggger - Parsing relationship: /xl/_rels/workbook.xml.rels
09:03:41.732 [main] DEBUG org.apache.poi.openxml4j.opc.PackageRelationshipCollection.parseRelationshipsPart(PackageRelationshipCollection.java:307)oggger - Parsing relationship: /xl/worksheets/_rels/sheet1.xml.rels
09:03:41.733 [main] DEBUG org.apache.poi.openxml4j.opc.PackageRelationshipCollection.parseRelationshipsPart(PackageRelationshipCollection.java:307)oggger - Parsing relationship: /xl/worksheets/_rels/sheet2.xml.rels
09:03:41.733 [main] DEBUG org.apache.poi.openxml4j.opc.PackageRelationshipCollection.parseRelationshipsPart(PackageRelationshipCollection.java:307)oggger - Parsing relationship: /xl/worksheets/_rels/sheet3.xml.rels
09:03:41.734 [main] DEBUG org.apache.poi.openxml4j.opc.PackageRelationshipCollection.parseRelationshipsPart(PackageRelationshipCollection.java:307)oggger - Parsing relationship: /_rels/.rels
09:03:41.742 [main] DEBUG org.apache.poi.ooxml.POIXMLFactory.createDocumentPart(POIXMLFactory.java:65)oggger - using default POIXMLDocumentPart for http://schemas.openxmlformats.org/officeDocument/2006/relationships/printerSettings
09:03:41.765 [main] DEBUG org.apache.poi.openxml4j.opc.PackageRelationshipCollection.parseRelationshipsPart(PackageRelationshipCollection.java:307)oggger - Parsing relationship: /xl/_rels/workbook.xml.rels
09:03:41.766 [main] DEBUG org.apache.poi.openxml4j.opc.PackageRelationshipCollection.parseRelationshipsPart(PackageRelationshipCollection.java:307)oggger - Parsing relationship: /xl/worksheets/_rels/sheet1.xml.rels
09:03:41.767 [main] DEBUG org.apache.poi.openxml4j.opc.PackageRelationshipCollection.parseRelationshipsPart(PackageRelationshipCollection.java:307)oggger - Parsing relationship: /xl/worksheets/_rels/sheet2.xml.rels
09:03:41.768 [main] DEBUG org.apache.poi.openxml4j.opc.PackageRelationshipCollection.parseRelationshipsPart(PackageRelationshipCollection.java:307)oggger - Parsing relationship: /xl/worksheets/_rels/sheet3.xml.rels
09:03:41.768 [main] DEBUG org.apache.poi.openxml4j.opc.PackageRelationshipCollection.parseRelationshipsPart(PackageRelationshipCollection.java:307)oggger - Parsing relationship: /_rels/.rels
09:03:41.777 [main] DEBUG org.apache.poi.ooxml.POIXMLFactory.createDocumentPart(POIXMLFactory.java:65)oggger - using default POIXMLDocumentPart for http://schemas.openxmlformats.org/officeDocument/2006/relationships/printerSettings
09:03:41.796 [main] DEBUG org.apache.poi.openxml4j.opc.PackageRelationshipCollection.parseRelationshipsPart(PackageRelationshipCollection.java:307)oggger - Parsing relationship: /xl/_rels/workbook.xml.rels
09:03:41.797 [main] DEBUG org.apache.poi.openxml4j.opc.PackageRelationshipCollection.parseRelationshipsPart(PackageRelationshipCollection.java:307)oggger - Parsing relationship: /xl/worksheets/_rels/sheet1.xml.rels
09:03:41.798 [main] DEBUG org.apache.poi.openxml4j.opc.PackageRelationshipCollection.parseRelationshipsPart(PackageRelationshipCollection.java:307)oggger - Parsing relationship: /xl/worksheets/_rels/sheet2.xml.rels
09:03:41.799 [main] DEBUG org.apache.poi.openxml4j.opc.PackageRelationshipCollection.parseRelationshipsPart(PackageRelationshipCollection.java:307)oggger - Parsing relationship: /xl/worksheets/_rels/sheet3.xml.rels
09:03:41.799 [main] DEBUG org.apache.poi.openxml4j.opc.PackageRelationshipCollection.parseRelationshipsPart(PackageRelationshipCollection.java:307)oggger - Parsing relationship: /_rels/.rels
09:03:41.808 [main] DEBUG org.apache.poi.ooxml.POIXMLFactory.createDocumentPart(POIXMLFactory.java:65)oggger - using default POIXMLDocumentPart for http://schemas.openxmlformats.org/officeDocument/2006/relationships/printerSettings
09:03:41.825 [main] DEBUG org.apache.poi.openxml4j.opc.PackageRelationshipCollection.parseRelationshipsPart(PackageRelationshipCollection.java:307)oggger - Parsing relationship: /xl/_rels/workbook.xml.rels
09:03:41.826 [main] DEBUG org.apache.poi.openxml4j.opc.PackageRelationshipCollection.parseRelationshipsPart(PackageRelationshipCollection.java:307)oggger - Parsing relationship: /xl/worksheets/_rels/sheet1.xml.rels
09:03:41.827 [main] DEBUG org.apache.poi.openxml4j.opc.PackageRelationshipCollection.parseRelationshipsPart(PackageRelationshipCollection.java:307)oggger - Parsing relationship: /xl/worksheets/_rels/sheet2.xml.rels
09:03:41.828 [main] DEBUG org.apache.poi.openxml4j.opc.PackageRelationshipCollection.parseRelationshipsPart(PackageRelationshipCollection.java:307)oggger - Parsing relationship: /xl/worksheets/_rels/sheet3.xml.rels
09:03:41.828 [main] DEBUG org.apache.poi.openxml4j.opc.PackageRelationshipCollection.parseRelationshipsPart(PackageRelationshipCollection.java:307)oggger - Parsing relationship: /_rels/.rels
09:03:41.839 [main] DEBUG org.apache.poi.ooxml.POIXMLFactory.createDocumentPart(POIXMLFactory.java:65)oggger - using default POIXMLDocumentPart for http://schemas.openxmlformats.org/officeDocument/2006/relationships/printerSettings
09:03:41.856 [main] DEBUG org.apache.poi.openxml4j.opc.PackageRelationshipCollection.parseRelationshipsPart(PackageRelationshipCollection.java:307)oggger - Parsing relationship: /xl/_rels/workbook.xml.rels
09:03:41.857 [main] DEBUG org.apache.poi.openxml4j.opc.PackageRelationshipCollection.parseRelationshipsPart(PackageRelationshipCollection.java:307)oggger - Parsing relationship: /xl/worksheets/_rels/sheet1.xml.rels
09:03:41.857 [main] DEBUG org.apache.poi.openxml4j.opc.PackageRelationshipCollection.parseRelationshipsPart(PackageRelationshipCollection.java:307)oggger - Parsing relationship: /xl/worksheets/_rels/sheet2.xml.rels
09:03:41.859 [main] DEBUG org.apache.poi.openxml4j.opc.PackageRelationshipCollection.parseRelationshipsPart(PackageRelationshipCollection.java:307)oggger - Parsing relationship: /xl/worksheets/_rels/sheet3.xml.rels
09:03:41.860 [main] DEBUG org.apache.poi.openxml4j.opc.PackageRelationshipCollection.parseRelationshipsPart(PackageRelationshipCollection.java:307)oggger - Parsing relationship: /_rels/.rels
09:03:41.870 [main] DEBUG org.apache.poi.ooxml.POIXMLFactory.createDocumentPart(POIXMLFactory.java:65)oggger - using default POIXMLDocumentPart for http://schemas.openxmlformats.org/officeDocument/2006/relationships/printerSettings
09:03:41.885 [main] DEBUG org.apache.poi.openxml4j.opc.PackageRelationshipCollection.parseRelationshipsPart(PackageRelationshipCollection.java:307)oggger - Parsing relationship: /xl/_rels/workbook.xml.rels
09:03:41.886 [main] DEBUG org.apache.poi.openxml4j.opc.PackageRelationshipCollection.parseRelationshipsPart(PackageRelationshipCollection.java:307)oggger - Parsing relationship: /xl/worksheets/_rels/sheet1.xml.rels
09:03:41.887 [main] DEBUG org.apache.poi.openxml4j.opc.PackageRelationshipCollection.parseRelationshipsPart(PackageRelationshipCollection.java:307)oggger - Parsing relationship: /xl/worksheets/_rels/sheet2.xml.rels
09:03:41.888 [main] DEBUG org.apache.poi.openxml4j.opc.PackageRelationshipCollection.parseRelationshipsPart(PackageRelationshipCollection.java:307)oggger - Parsing relationship: /xl/worksheets/_rels/sheet3.xml.rels
09:03:41.888 [main] DEBUG org.apache.poi.openxml4j.opc.PackageRelationshipCollection.parseRelationshipsPart(PackageRelationshipCollection.java:307)oggger - Parsing relationship: /_rels/.rels
09:03:41.900 [main] DEBUG org.apache.poi.ooxml.POIXMLFactory.createDocumentPart(POIXMLFactory.java:65)oggger - using default POIXMLDocumentPart for http://schemas.openxmlformats.org/officeDocument/2006/relationships/printerSettings
09:03:41.917 [main] DEBUG org.apache.poi.openxml4j.opc.PackageRelationshipCollection.parseRelationshipsPart(PackageRelationshipCollection.java:307)oggger - Parsing relationship: /xl/_rels/workbook.xml.rels
09:03:41.918 [main] DEBUG org.apache.poi.openxml4j.opc.PackageRelationshipCollection.parseRelationshipsPart(PackageRelationshipCollection.java:307)oggger - Parsing relationship: /xl/worksheets/_rels/sheet1.xml.rels
09:03:41.919 [main] DEBUG org.apache.poi.openxml4j.opc.PackageRelationshipCollection.parseRelationshipsPart(PackageRelationshipCollection.java:307)oggger - Parsing relationship: /xl/worksheets/_rels/sheet2.xml.rels
09:03:41.919 [main] DEBUG org.apache.poi.openxml4j.opc.PackageRelationshipCollection.parseRelationshipsPart(PackageRelationshipCollection.java:307)oggger - Parsing relationship: /xl/worksheets/_rels/sheet3.xml.rels
09:03:41.920 [main] DEBUG org.apache.poi.openxml4j.opc.PackageRelationshipCollection.parseRelationshipsPart(PackageRelationshipCollection.java:307)oggger - Parsing relationship: /_rels/.rels
09:03:41.926 [main] DEBUG org.apache.poi.ooxml.POIXMLFactory.createDocumentPart(POIXMLFactory.java:65)oggger - using default POIXMLDocumentPart for http://schemas.openxmlformats.org/officeDocument/2006/relationships/printerSettings
09:03:41.940 [main] DEBUG org.apache.poi.openxml4j.opc.PackageRelationshipCollection.parseRelationshipsPart(PackageRelationshipCollection.java:307)oggger - Parsing relationship: /xl/_rels/workbook.xml.rels
09:03:41.941 [main] DEBUG org.apache.poi.openxml4j.opc.PackageRelationshipCollection.parseRelationshipsPart(PackageRelationshipCollection.java:307)oggger - Parsing relationship: /xl/worksheets/_rels/sheet1.xml.rels
09:03:41.942 [main] DEBUG org.apache.poi.openxml4j.opc.PackageRelationshipCollection.parseRelationshipsPart(PackageRelationshipCollection.java:307)oggger - Parsing relationship: /xl/worksheets/_rels/sheet2.xml.rels
09:03:41.942 [main] DEBUG org.apache.poi.openxml4j.opc.PackageRelationshipCollection.parseRelationshipsPart(PackageRelationshipCollection.java:307)oggger - Parsing relationship: /xl/worksheets/_rels/sheet3.xml.rels
09:03:41.943 [main] DEBUG org.apache.poi.openxml4j.opc.PackageRelationshipCollection.parseRelationshipsPart(PackageRelationshipCollection.java:307)oggger - Parsing relationship: /_rels/.rels
09:03:41.950 [main] DEBUG org.apache.poi.ooxml.POIXMLFactory.createDocumentPart(POIXMLFactory.java:65)oggger - using default POIXMLDocumentPart for http://schemas.openxmlformats.org/officeDocument/2006/relationships/printerSettings
09:03:41.966 [main] DEBUG org.apache.poi.openxml4j.opc.PackageRelationshipCollection.parseRelationshipsPart(PackageRelationshipCollection.java:307)oggger - Parsing relationship: /xl/_rels/workbook.xml.rels
09:03:41.966 [main] DEBUG org.apache.poi.openxml4j.opc.PackageRelationshipCollection.parseRelationshipsPart(PackageRelationshipCollection.java:307)oggger - Parsing relationship: /xl/worksheets/_rels/sheet1.xml.rels
09:03:41.967 [main] DEBUG org.apache.poi.openxml4j.opc.PackageRelationshipCollection.parseRelationshipsPart(PackageRelationshipCollection.java:307)oggger - Parsing relationship: /xl/worksheets/_rels/sheet2.xml.rels
09:03:41.968 [main] DEBUG org.apache.poi.openxml4j.opc.PackageRelationshipCollection.parseRelationshipsPart(PackageRelationshipCollection.java:307)oggger - Parsing relationship: /xl/worksheets/_rels/sheet3.xml.rels
09:03:41.968 [main] DEBUG org.apache.poi.openxml4j.opc.PackageRelationshipCollection.parseRelationshipsPart(PackageRelationshipCollection.java:307)oggger - Parsing relationship: /_rels/.rels
09:03:41.974 [main] DEBUG org.apache.poi.ooxml.POIXMLFactory.createDocumentPart(POIXMLFactory.java:65)oggger - using default POIXMLDocumentPart for http://schemas.openxmlformats.org/officeDocument/2006/relationships/printerSettings
09:03:41.988 [main] DEBUG org.apache.poi.openxml4j.opc.PackageRelationshipCollection.parseRelationshipsPart(PackageRelationshipCollection.java:307)oggger - Parsing relationship: /xl/_rels/workbook.xml.rels
09:03:41.989 [main] DEBUG org.apache.poi.openxml4j.opc.PackageRelationshipCollection.parseRelationshipsPart(PackageRelationshipCollection.java:307)oggger - Parsing relationship: /xl/worksheets/_rels/sheet1.xml.rels
09:03:41.989 [main] DEBUG org.apache.poi.openxml4j.opc.PackageRelationshipCollection.parseRelationshipsPart(PackageRelationshipCollection.java:307)oggger - Parsing relationship: /xl/worksheets/_rels/sheet2.xml.rels
09:03:41.990 [main] DEBUG org.apache.poi.openxml4j.opc.PackageRelationshipCollection.parseRelationshipsPart(PackageRelationshipCollection.java:307)oggger - Parsing relationship: /xl/worksheets/_rels/sheet3.xml.rels
09:03:41.991 [main] DEBUG org.apache.poi.openxml4j.opc.PackageRelationshipCollection.parseRelationshipsPart(PackageRelationshipCollection.java:307)oggger - Parsing relationship: /_rels/.rels
09:03:41.997 [main] DEBUG org.apache.poi.ooxml.POIXMLFactory.createDocumentPart(POIXMLFactory.java:65)oggger - using default POIXMLDocumentPart for http://schemas.openxmlformats.org/officeDocument/2006/relationships/printerSettings
09:03:42.008 [main] DEBUG org.apache.poi.openxml4j.opc.PackageRelationshipCollection.parseRelationshipsPart(PackageRelationshipCollection.java:307)oggger - Parsing relationship: /xl/_rels/workbook.xml.rels
09:03:42.008 [main] DEBUG org.apache.poi.openxml4j.opc.PackageRelationshipCollection.parseRelationshipsPart(PackageRelationshipCollection.java:307)oggger - Parsing relationship: /xl/worksheets/_rels/sheet1.xml.rels
09:03:42.009 [main] DEBUG org.apache.poi.openxml4j.opc.PackageRelationshipCollection.parseRelationshipsPart(PackageRelationshipCollection.java:307)oggger - Parsing relationship: /xl/worksheets/_rels/sheet2.xml.rels
09:03:42.010 [main] DEBUG org.apache.poi.openxml4j.opc.PackageRelationshipCollection.parseRelationshipsPart(PackageRelationshipCollection.java:307)oggger - Parsing relationship: /xl/worksheets/_rels/sheet3.xml.rels
09:03:42.010 [main] DEBUG org.apache.poi.openxml4j.opc.PackageRelationshipCollection.parseRelationshipsPart(PackageRelationshipCollection.java:307)oggger - Parsing relationship: /_rels/.rels
09:03:42.016 [main] DEBUG org.apache.poi.ooxml.POIXMLFactory.createDocumentPart(POIXMLFactory.java:65)oggger - using default POIXMLDocumentPart for http://schemas.openxmlformats.org/officeDocument/2006/relationships/printerSettings
09:03:42.027 [main] DEBUG org.apache.poi.openxml4j.opc.PackageRelationshipCollection.parseRelationshipsPart(PackageRelationshipCollection.java:307)oggger - Parsing relationship: /xl/_rels/workbook.xml.rels
09:03:42.028 [main] DEBUG org.apache.poi.openxml4j.opc.PackageRelationshipCollection.parseRelationshipsPart(PackageRelationshipCollection.java:307)oggger - Parsing relationship: /xl/worksheets/_rels/sheet1.xml.rels
09:03:42.029 [main] DEBUG org.apache.poi.openxml4j.opc.PackageRelationshipCollection.parseRelationshipsPart(PackageRelationshipCollection.java:307)oggger - Parsing relationship: /xl/worksheets/_rels/sheet2.xml.rels
09:03:42.029 [main] DEBUG org.apache.poi.openxml4j.opc.PackageRelationshipCollection.parseRelationshipsPart(PackageRelationshipCollection.java:307)oggger - Parsing relationship: /xl/worksheets/_rels/sheet3.xml.rels
09:03:42.030 [main] DEBUG org.apache.poi.openxml4j.opc.PackageRelationshipCollection.parseRelationshipsPart(PackageRelationshipCollection.java:307)oggger - Parsing relationship: /_rels/.rels
09:03:42.036 [main] DEBUG org.apache.poi.ooxml.POIXMLFactory.createDocumentPart(POIXMLFactory.java:65)oggger - using default POIXMLDocumentPart for http://schemas.openxmlformats.org/officeDocument/2006/relationships/printerSettings
09:03:42.050 [main] DEBUG org.apache.poi.openxml4j.opc.PackageRelationshipCollection.parseRelationshipsPart(PackageRelationshipCollection.java:307)oggger - Parsing relationship: /xl/_rels/workbook.xml.rels
09:03:42.050 [main] DEBUG org.apache.poi.openxml4j.opc.PackageRelationshipCollection.parseRelationshipsPart(PackageRelationshipCollection.java:307)oggger - Parsing relationship: /xl/worksheets/_rels/sheet1.xml.rels
09:03:42.051 [main] DEBUG org.apache.poi.openxml4j.opc.PackageRelationshipCollection.parseRelationshipsPart(PackageRelationshipCollection.java:307)oggger - Parsing relationship: /xl/worksheets/_rels/sheet2.xml.rels
09:03:42.052 [main] DEBUG org.apache.poi.openxml4j.opc.PackageRelationshipCollection.parseRelationshipsPart(PackageRelationshipCollection.java:307)oggger - Parsing relationship: /xl/worksheets/_rels/sheet3.xml.rels
09:03:42.052 [main] DEBUG org.apache.poi.openxml4j.opc.PackageRelationshipCollection.parseRelationshipsPart(PackageRelationshipCollection.java:307)oggger - Parsing relationship: /_rels/.rels
09:03:42.058 [main] DEBUG org.apache.poi.ooxml.POIXMLFactory.createDocumentPart(POIXMLFactory.java:65)oggger - using default POIXMLDocumentPart for http://schemas.openxmlformats.org/officeDocument/2006/relationships/printerSettings
09:03:42.083 [main] INFO  testClasses.TC003_LoginDDT.testLoginDDT(TC003_LoginDDT.java:26)oggger - ******Tesing TC003_LoginDDT started*******
09:03:42.549 [main] INFO  testClasses.TC003_LoginDDT.testLoginDDT(TC003_LoginDDT.java:32)oggger - ******On login page *******
09:03:42.731 [main] INFO  testClasses.TC003_LoginDDT.testLoginDDT(TC003_LoginDDT.java:38)oggger - ******on my account page*******
09:03:44.740 [main] INFO  testClasses.TC003_LoginDDT.testLoginDDT(TC003_LoginDDT.java:47)oggger - ****Logged in with valid data successufully*******
09:03:44.744 [main] INFO  testClasses.TC003_LoginDDT.testLoginDDT(TC003_LoginDDT.java:74)oggger - ********Testing TC003_LoginDDT completed********
09:03:44.752 [main] INFO  testClasses.TC003_LoginDDT.testLoginDDT(TC003_LoginDDT.java:26)oggger - ******Tesing TC003_LoginDDT started*******
09:03:45.188 [main] INFO  testClasses.TC003_LoginDDT.testLoginDDT(TC003_LoginDDT.java:32)oggger - ******On login page *******
09:03:46.849 [main] INFO  testClasses.TC003_LoginDDT.testLoginDDT(TC003_LoginDDT.java:38)oggger - ******on my account page*******
09:03:56.880 [main] INFO  testClasses.TC003_LoginDDT.testLoginDDT(TC003_LoginDDT.java:62)oggger - ****Not Logged in with Invalid data *******
09:03:56.880 [main] INFO  testClasses.TC003_LoginDDT.testLoginDDT(TC003_LoginDDT.java:74)oggger - ********Testing TC003_LoginDDT completed********
09:03:56.886 [main] INFO  testClasses.TC003_LoginDDT.testLoginDDT(TC003_LoginDDT.java:26)oggger - ******Tesing TC003_LoginDDT started*******
09:03:57.309 [main] INFO  testClasses.TC003_LoginDDT.testLoginDDT(TC003_LoginDDT.java:32)oggger - ******On login page *******
09:03:57.484 [main] INFO  testClasses.TC003_LoginDDT.testLoginDDT(TC003_LoginDDT.java:38)oggger - ******on my account page*******
09:03:59.688 [main] INFO  testClasses.TC003_LoginDDT.testLoginDDT(TC003_LoginDDT.java:47)oggger - ****Logged in with valid data successufully*******
09:03:59.688 [main] INFO  testClasses.TC003_LoginDDT.testLoginDDT(TC003_LoginDDT.java:74)oggger - ********Testing TC003_LoginDDT completed********
09:03:59.695 [main] INFO  testClasses.TC003_LoginDDT.testLoginDDT(TC003_LoginDDT.java:26)oggger - ******Tesing TC003_LoginDDT started*******
09:04:00.107 [main] INFO  testClasses.TC003_LoginDDT.testLoginDDT(TC003_LoginDDT.java:32)oggger - ******On login page *******
09:04:01.530 [main] INFO  testClasses.TC003_LoginDDT.testLoginDDT(TC003_LoginDDT.java:38)oggger - ******on my account page*******
09:04:02.309 [main] INFO  testClasses.TC003_LoginDDT.testLoginDDT(TC003_LoginDDT.java:59)oggger - ****Logged in with Invalid data successufully*******
09:04:02.319 [main] ERROR testClasses.TC003_LoginDDT.testLoginDDT(TC003_LoginDDT.java:69)oggger - ****Error Logs****expected [true] but found [false]
09:04:02.325 [main] ERROR baseTest.BaseTest.captureBrowserConsoleLogs(BaseTest.java:131)oggger - --- CAPTURING CHROME BROWSER CONSOLE LOGS ---
09:04:02.336 [main] INFO  testClasses.TC003_LoginDDT.testLoginDDT(TC003_LoginDDT.java:26)oggger - ******Tesing TC003_LoginDDT started*******
09:04:02.786 [main] INFO  testClasses.TC003_LoginDDT.testLoginDDT(TC003_LoginDDT.java:32)oggger - ******On login page *******
09:04:02.968 [main] INFO  testClasses.TC003_LoginDDT.testLoginDDT(TC003_LoginDDT.java:38)oggger - ******on my account page*******
09:04:13.026 [main] INFO  testClasses.TC003_LoginDDT.testLoginDDT(TC003_LoginDDT.java:50)oggger - ****Not Logged in with valid data *******
09:04:13.026 [main] ERROR testClasses.TC003_LoginDDT.testLoginDDT(TC003_LoginDDT.java:69)oggger - ****Error Logs****expected [true] but found [false]
09:04:13.026 [main] ERROR baseTest.BaseTest.captureBrowserConsoleLogs(BaseTest.java:131)oggger - --- CAPTURING CHROME BROWSER CONSOLE LOGS ---
09:05:12.738 [main] DEBUG org.testng.log4testng.Logger.debug(Logger.java:82)oggger - suiteXmlPath: "C:\Users\VedaB\eclipse-workspace\OpenCartV121\master.xml"
09:05:13.550 [main] INFO  org.testng.log4testng.Logger.info(Logger.java:112)oggger - [TestNG] Running:
  C:\Users\VedaB\eclipse-workspace\OpenCartV121\master.xml

09:05:17.852 [main] DEBUG org.apache.poi.openxml4j.opc.PackageRelationshipCollection.parseRelationshipsPart(PackageRelationshipCollection.java:307)oggger - Parsing relationship: /xl/_rels/workbook.xml.rels
09:05:17.857 [main] DEBUG org.apache.poi.openxml4j.opc.PackageRelationshipCollection.parseRelationshipsPart(PackageRelationshipCollection.java:307)oggger - Parsing relationship: /xl/worksheets/_rels/sheet1.xml.rels
09:05:17.859 [main] DEBUG org.apache.poi.openxml4j.opc.PackageRelationshipCollection.parseRelationshipsPart(PackageRelationshipCollection.java:307)oggger - Parsing relationship: /xl/worksheets/_rels/sheet2.xml.rels
09:05:17.861 [main] DEBUG org.apache.poi.openxml4j.opc.PackageRelationshipCollection.parseRelationshipsPart(PackageRelationshipCollection.java:307)oggger - Parsing relationship: /xl/worksheets/_rels/sheet3.xml.rels
09:05:17.863 [main] DEBUG org.apache.poi.openxml4j.opc.PackageRelationshipCollection.parseRelationshipsPart(PackageRelationshipCollection.java:307)oggger - Parsing relationship: /_rels/.rels
09:05:18.728 [main] DEBUG org.apache.poi.ooxml.POIXMLFactory.createDocumentPart(POIXMLFactory.java:65)oggger - using default POIXMLDocumentPart for http://schemas.openxmlformats.org/officeDocument/2006/relationships/printerSettings
09:05:18.996 [main] DEBUG org.apache.poi.openxml4j.opc.PackageRelationshipCollection.parseRelationshipsPart(PackageRelationshipCollection.java:307)oggger - Parsing relationship: /xl/_rels/workbook.xml.rels
09:05:18.998 [main] DEBUG org.apache.poi.openxml4j.opc.PackageRelationshipCollection.parseRelationshipsPart(PackageRelationshipCollection.java:307)oggger - Parsing relationship: /xl/worksheets/_rels/sheet1.xml.rels
09:05:19.000 [main] DEBUG org.apache.poi.openxml4j.opc.PackageRelationshipCollection.parseRelationshipsPart(PackageRelationshipCollection.java:307)oggger - Parsing relationship: /xl/worksheets/_rels/sheet2.xml.rels
09:05:19.002 [main] DEBUG org.apache.poi.openxml4j.opc.PackageRelationshipCollection.parseRelationshipsPart(PackageRelationshipCollection.java:307)oggger - Parsing relationship: /xl/worksheets/_rels/sheet3.xml.rels
09:05:19.003 [main] DEBUG org.apache.poi.openxml4j.opc.PackageRelationshipCollection.parseRelationshipsPart(PackageRelationshipCollection.java:307)oggger - Parsing relationship: /_rels/.rels
09:05:19.027 [main] DEBUG org.apache.poi.ooxml.POIXMLFactory.createDocumentPart(POIXMLFactory.java:65)oggger - using default POIXMLDocumentPart for http://schemas.openxmlformats.org/officeDocument/2006/relationships/printerSettings
09:05:19.076 [main] DEBUG org.apache.poi.openxml4j.opc.PackageRelationshipCollection.parseRelationshipsPart(PackageRelationshipCollection.java:307)oggger - Parsing relationship: /xl/_rels/workbook.xml.rels
09:05:19.079 [main] DEBUG org.apache.poi.openxml4j.opc.PackageRelationshipCollection.parseRelationshipsPart(PackageRelationshipCollection.java:307)oggger - Parsing relationship: /xl/worksheets/_rels/sheet1.xml.rels
09:05:19.081 [main] DEBUG org.apache.poi.openxml4j.opc.PackageRelationshipCollection.parseRelationshipsPart(PackageRelationshipCollection.java:307)oggger - Parsing relationship: /xl/worksheets/_rels/sheet2.xml.rels
09:05:19.087 [main] DEBUG org.apache.poi.openxml4j.opc.PackageRelationshipCollection.parseRelationshipsPart(PackageRelationshipCollection.java:307)oggger - Parsing relationship: /xl/worksheets/_rels/sheet3.xml.rels
09:05:19.089 [main] DEBUG org.apache.poi.openxml4j.opc.PackageRelationshipCollection.parseRelationshipsPart(PackageRelationshipCollection.java:307)oggger - Parsing relationship: /_rels/.rels
09:05:19.105 [main] DEBUG org.apache.poi.ooxml.POIXMLFactory.createDocumentPart(POIXMLFactory.java:65)oggger - using default POIXMLDocumentPart for http://schemas.openxmlformats.org/officeDocument/2006/relationships/printerSettings
09:05:19.156 [main] DEBUG org.apache.poi.openxml4j.opc.PackageRelationshipCollection.parseRelationshipsPart(PackageRelationshipCollection.java:307)oggger - Parsing relationship: /xl/_rels/workbook.xml.rels
09:05:19.159 [main] DEBUG org.apache.poi.openxml4j.opc.PackageRelationshipCollection.parseRelationshipsPart(PackageRelationshipCollection.java:307)oggger - Parsing relationship: /xl/worksheets/_rels/sheet1.xml.rels
09:05:19.163 [main] DEBUG org.apache.poi.openxml4j.opc.PackageRelationshipCollection.parseRelationshipsPart(PackageRelationshipCollection.java:307)oggger - Parsing relationship: /xl/worksheets/_rels/sheet2.xml.rels
09:05:19.164 [main] DEBUG org.apache.poi.openxml4j.opc.PackageRelationshipCollection.parseRelationshipsPart(PackageRelationshipCollection.java:307)oggger - Parsing relationship: /xl/worksheets/_rels/sheet3.xml.rels
09:05:19.166 [main] DEBUG org.apache.poi.openxml4j.opc.PackageRelationshipCollection.parseRelationshipsPart(PackageRelationshipCollection.java:307)oggger - Parsing relationship: /_rels/.rels
09:05:19.182 [main] DEBUG org.apache.poi.ooxml.POIXMLFactory.createDocumentPart(POIXMLFactory.java:65)oggger - using default POIXMLDocumentPart for http://schemas.openxmlformats.org/officeDocument/2006/relationships/printerSettings
09:05:19.214 [main] DEBUG org.apache.poi.openxml4j.opc.PackageRelationshipCollection.parseRelationshipsPart(PackageRelationshipCollection.java:307)oggger - Parsing relationship: /xl/_rels/workbook.xml.rels
09:05:19.216 [main] DEBUG org.apache.poi.openxml4j.opc.PackageRelationshipCollection.parseRelationshipsPart(PackageRelationshipCollection.java:307)oggger - Parsing relationship: /xl/worksheets/_rels/sheet1.xml.rels
09:05:19.218 [main] DEBUG org.apache.poi.openxml4j.opc.PackageRelationshipCollection.parseRelationshipsPart(PackageRelationshipCollection.java:307)oggger - Parsing relationship: /xl/worksheets/_rels/sheet2.xml.rels
09:05:19.220 [main] DEBUG org.apache.poi.openxml4j.opc.PackageRelationshipCollection.parseRelationshipsPart(PackageRelationshipCollection.java:307)oggger - Parsing relationship: /xl/worksheets/_rels/sheet3.xml.rels
09:05:19.221 [main] DEBUG org.apache.poi.openxml4j.opc.PackageRelationshipCollection.parseRelationshipsPart(PackageRelationshipCollection.java:307)oggger - Parsing relationship: /_rels/.rels
09:05:19.235 [main] DEBUG org.apache.poi.ooxml.POIXMLFactory.createDocumentPart(POIXMLFactory.java:65)oggger - using default POIXMLDocumentPart for http://schemas.openxmlformats.org/officeDocument/2006/relationships/printerSettings
09:05:19.279 [main] DEBUG org.apache.poi.openxml4j.opc.PackageRelationshipCollection.parseRelationshipsPart(PackageRelationshipCollection.java:307)oggger - Parsing relationship: /xl/_rels/workbook.xml.rels
09:05:19.280 [main] DEBUG org.apache.poi.openxml4j.opc.PackageRelationshipCollection.parseRelationshipsPart(PackageRelationshipCollection.java:307)oggger - Parsing relationship: /xl/worksheets/_rels/sheet1.xml.rels
09:05:19.281 [main] DEBUG org.apache.poi.openxml4j.opc.PackageRelationshipCollection.parseRelationshipsPart(PackageRelationshipCollection.java:307)oggger - Parsing relationship: /xl/worksheets/_rels/sheet2.xml.rels
09:05:19.282 [main] DEBUG org.apache.poi.openxml4j.opc.PackageRelationshipCollection.parseRelationshipsPart(PackageRelationshipCollection.java:307)oggger - Parsing relationship: /xl/worksheets/_rels/sheet3.xml.rels
09:05:19.283 [main] DEBUG org.apache.poi.openxml4j.opc.PackageRelationshipCollection.parseRelationshipsPart(PackageRelationshipCollection.java:307)oggger - Parsing relationship: /_rels/.rels
09:05:19.296 [main] DEBUG org.apache.poi.ooxml.POIXMLFactory.createDocumentPart(POIXMLFactory.java:65)oggger - using default POIXMLDocumentPart for http://schemas.openxmlformats.org/officeDocument/2006/relationships/printerSettings
09:05:19.326 [main] DEBUG org.apache.poi.openxml4j.opc.PackageRelationshipCollection.parseRelationshipsPart(PackageRelationshipCollection.java:307)oggger - Parsing relationship: /xl/_rels/workbook.xml.rels
09:05:19.326 [main] DEBUG org.apache.poi.openxml4j.opc.PackageRelationshipCollection.parseRelationshipsPart(PackageRelationshipCollection.java:307)oggger - Parsing relationship: /xl/worksheets/_rels/sheet1.xml.rels
09:05:19.327 [main] DEBUG org.apache.poi.openxml4j.opc.PackageRelationshipCollection.parseRelationshipsPart(PackageRelationshipCollection.java:307)oggger - Parsing relationship: /xl/worksheets/_rels/sheet2.xml.rels
09:05:19.328 [main] DEBUG org.apache.poi.openxml4j.opc.PackageRelationshipCollection.parseRelationshipsPart(PackageRelationshipCollection.java:307)oggger - Parsing relationship: /xl/worksheets/_rels/sheet3.xml.rels
09:05:19.328 [main] DEBUG org.apache.poi.openxml4j.opc.PackageRelationshipCollection.parseRelationshipsPart(PackageRelationshipCollection.java:307)oggger - Parsing relationship: /_rels/.rels
09:05:19.337 [main] DEBUG org.apache.poi.ooxml.POIXMLFactory.createDocumentPart(POIXMLFactory.java:65)oggger - using default POIXMLDocumentPart for http://schemas.openxmlformats.org/officeDocument/2006/relationships/printerSettings
09:05:19.356 [main] DEBUG org.apache.poi.openxml4j.opc.PackageRelationshipCollection.parseRelationshipsPart(PackageRelationshipCollection.java:307)oggger - Parsing relationship: /xl/_rels/workbook.xml.rels
09:05:19.357 [main] DEBUG org.apache.poi.openxml4j.opc.PackageRelationshipCollection.parseRelationshipsPart(PackageRelationshipCollection.java:307)oggger - Parsing relationship: /xl/worksheets/_rels/sheet1.xml.rels
09:05:19.358 [main] DEBUG org.apache.poi.openxml4j.opc.PackageRelationshipCollection.parseRelationshipsPart(PackageRelationshipCollection.java:307)oggger - Parsing relationship: /xl/worksheets/_rels/sheet2.xml.rels
09:05:19.359 [main] DEBUG org.apache.poi.openxml4j.opc.PackageRelationshipCollection.parseRelationshipsPart(PackageRelationshipCollection.java:307)oggger - Parsing relationship: /xl/worksheets/_rels/sheet3.xml.rels
09:05:19.359 [main] DEBUG org.apache.poi.openxml4j.opc.PackageRelationshipCollection.parseRelationshipsPart(PackageRelationshipCollection.java:307)oggger - Parsing relationship: /_rels/.rels
09:05:19.368 [main] DEBUG org.apache.poi.ooxml.POIXMLFactory.createDocumentPart(POIXMLFactory.java:65)oggger - using default POIXMLDocumentPart for http://schemas.openxmlformats.org/officeDocument/2006/relationships/printerSettings
09:05:19.384 [main] DEBUG org.apache.poi.openxml4j.opc.PackageRelationshipCollection.parseRelationshipsPart(PackageRelationshipCollection.java:307)oggger - Parsing relationship: /xl/_rels/workbook.xml.rels
09:05:19.385 [main] DEBUG org.apache.poi.openxml4j.opc.PackageRelationshipCollection.parseRelationshipsPart(PackageRelationshipCollection.java:307)oggger - Parsing relationship: /xl/worksheets/_rels/sheet1.xml.rels
09:05:19.385 [main] DEBUG org.apache.poi.openxml4j.opc.PackageRelationshipCollection.parseRelationshipsPart(PackageRelationshipCollection.java:307)oggger - Parsing relationship: /xl/worksheets/_rels/sheet2.xml.rels
09:05:19.386 [main] DEBUG org.apache.poi.openxml4j.opc.PackageRelationshipCollection.parseRelationshipsPart(PackageRelationshipCollection.java:307)oggger - Parsing relationship: /xl/worksheets/_rels/sheet3.xml.rels
09:05:19.387 [main] DEBUG org.apache.poi.openxml4j.opc.PackageRelationshipCollection.parseRelationshipsPart(PackageRelationshipCollection.java:307)oggger - Parsing relationship: /_rels/.rels
09:05:19.395 [main] DEBUG org.apache.poi.ooxml.POIXMLFactory.createDocumentPart(POIXMLFactory.java:65)oggger - using default POIXMLDocumentPart for http://schemas.openxmlformats.org/officeDocument/2006/relationships/printerSettings
09:05:19.413 [main] DEBUG org.apache.poi.openxml4j.opc.PackageRelationshipCollection.parseRelationshipsPart(PackageRelationshipCollection.java:307)oggger - Parsing relationship: /xl/_rels/workbook.xml.rels
09:05:19.418 [main] DEBUG org.apache.poi.openxml4j.opc.PackageRelationshipCollection.parseRelationshipsPart(PackageRelationshipCollection.java:307)oggger - Parsing relationship: /xl/worksheets/_rels/sheet1.xml.rels
09:05:19.419 [main] DEBUG org.apache.poi.openxml4j.opc.PackageRelationshipCollection.parseRelationshipsPart(PackageRelationshipCollection.java:307)oggger - Parsing relationship: /xl/worksheets/_rels/sheet2.xml.rels
09:05:19.419 [main] DEBUG org.apache.poi.openxml4j.opc.PackageRelationshipCollection.parseRelationshipsPart(PackageRelationshipCollection.java:307)oggger - Parsing relationship: /xl/worksheets/_rels/sheet3.xml.rels
09:05:19.420 [main] DEBUG org.apache.poi.openxml4j.opc.PackageRelationshipCollection.parseRelationshipsPart(PackageRelationshipCollection.java:307)oggger - Parsing relationship: /_rels/.rels
09:05:19.428 [main] DEBUG org.apache.poi.ooxml.POIXMLFactory.createDocumentPart(POIXMLFactory.java:65)oggger - using default POIXMLDocumentPart for http://schemas.openxmlformats.org/officeDocument/2006/relationships/printerSettings
09:05:19.449 [main] DEBUG org.apache.poi.openxml4j.opc.PackageRelationshipCollection.parseRelationshipsPart(PackageRelationshipCollection.java:307)oggger - Parsing relationship: /xl/_rels/workbook.xml.rels
09:05:19.449 [main] DEBUG org.apache.poi.openxml4j.opc.PackageRelationshipCollection.parseRelationshipsPart(PackageRelationshipCollection.java:307)oggger - Parsing relationship: /xl/worksheets/_rels/sheet1.xml.rels
09:05:19.450 [main] DEBUG org.apache.poi.openxml4j.opc.PackageRelationshipCollection.parseRelationshipsPart(PackageRelationshipCollection.java:307)oggger - Parsing relationship: /xl/worksheets/_rels/sheet2.xml.rels
09:05:19.451 [main] DEBUG org.apache.poi.openxml4j.opc.PackageRelationshipCollection.parseRelationshipsPart(PackageRelationshipCollection.java:307)oggger - Parsing relationship: /xl/worksheets/_rels/sheet3.xml.rels
09:05:19.451 [main] DEBUG org.apache.poi.openxml4j.opc.PackageRelationshipCollection.parseRelationshipsPart(PackageRelationshipCollection.java:307)oggger - Parsing relationship: /_rels/.rels
09:05:19.461 [main] DEBUG org.apache.poi.ooxml.POIXMLFactory.createDocumentPart(POIXMLFactory.java:65)oggger - using default POIXMLDocumentPart for http://schemas.openxmlformats.org/officeDocument/2006/relationships/printerSettings
09:05:19.477 [main] DEBUG org.apache.poi.openxml4j.opc.PackageRelationshipCollection.parseRelationshipsPart(PackageRelationshipCollection.java:307)oggger - Parsing relationship: /xl/_rels/workbook.xml.rels
09:05:19.477 [main] DEBUG org.apache.poi.openxml4j.opc.PackageRelationshipCollection.parseRelationshipsPart(PackageRelationshipCollection.java:307)oggger - Parsing relationship: /xl/worksheets/_rels/sheet1.xml.rels
09:05:19.478 [main] DEBUG org.apache.poi.openxml4j.opc.PackageRelationshipCollection.parseRelationshipsPart(PackageRelationshipCollection.java:307)oggger - Parsing relationship: /xl/worksheets/_rels/sheet2.xml.rels
09:05:19.479 [main] DEBUG org.apache.poi.openxml4j.opc.PackageRelationshipCollection.parseRelationshipsPart(PackageRelationshipCollection.java:307)oggger - Parsing relationship: /xl/worksheets/_rels/sheet3.xml.rels
09:05:19.479 [main] DEBUG org.apache.poi.openxml4j.opc.PackageRelationshipCollection.parseRelationshipsPart(PackageRelationshipCollection.java:307)oggger - Parsing relationship: /_rels/.rels
09:05:19.490 [main] DEBUG org.apache.poi.ooxml.POIXMLFactory.createDocumentPart(POIXMLFactory.java:65)oggger - using default POIXMLDocumentPart for http://schemas.openxmlformats.org/officeDocument/2006/relationships/printerSettings
09:05:19.506 [main] DEBUG org.apache.poi.openxml4j.opc.PackageRelationshipCollection.parseRelationshipsPart(PackageRelationshipCollection.java:307)oggger - Parsing relationship: /xl/_rels/workbook.xml.rels
09:05:19.507 [main] DEBUG org.apache.poi.openxml4j.opc.PackageRelationshipCollection.parseRelationshipsPart(PackageRelationshipCollection.java:307)oggger - Parsing relationship: /xl/worksheets/_rels/sheet1.xml.rels
09:05:19.508 [main] DEBUG org.apache.poi.openxml4j.opc.PackageRelationshipCollection.parseRelationshipsPart(PackageRelationshipCollection.java:307)oggger - Parsing relationship: /xl/worksheets/_rels/sheet2.xml.rels
09:05:19.508 [main] DEBUG org.apache.poi.openxml4j.opc.PackageRelationshipCollection.parseRelationshipsPart(PackageRelationshipCollection.java:307)oggger - Parsing relationship: /xl/worksheets/_rels/sheet3.xml.rels
09:05:19.509 [main] DEBUG org.apache.poi.openxml4j.opc.PackageRelationshipCollection.parseRelationshipsPart(PackageRelationshipCollection.java:307)oggger - Parsing relationship: /_rels/.rels
09:05:19.517 [main] DEBUG org.apache.poi.ooxml.POIXMLFactory.createDocumentPart(POIXMLFactory.java:65)oggger - using default POIXMLDocumentPart for http://schemas.openxmlformats.org/officeDocument/2006/relationships/printerSettings
09:05:19.532 [main] DEBUG org.apache.poi.openxml4j.opc.PackageRelationshipCollection.parseRelationshipsPart(PackageRelationshipCollection.java:307)oggger - Parsing relationship: /xl/_rels/workbook.xml.rels
09:05:19.533 [main] DEBUG org.apache.poi.openxml4j.opc.PackageRelationshipCollection.parseRelationshipsPart(PackageRelationshipCollection.java:307)oggger - Parsing relationship: /xl/worksheets/_rels/sheet1.xml.rels
09:05:19.534 [main] DEBUG org.apache.poi.openxml4j.opc.PackageRelationshipCollection.parseRelationshipsPart(PackageRelationshipCollection.java:307)oggger - Parsing relationship: /xl/worksheets/_rels/sheet2.xml.rels
09:05:19.534 [main] DEBUG org.apache.poi.openxml4j.opc.PackageRelationshipCollection.parseRelationshipsPart(PackageRelationshipCollection.java:307)oggger - Parsing relationship: /xl/worksheets/_rels/sheet3.xml.rels
09:05:19.535 [main] DEBUG org.apache.poi.openxml4j.opc.PackageRelationshipCollection.parseRelationshipsPart(PackageRelationshipCollection.java:307)oggger - Parsing relationship: /_rels/.rels
09:05:19.542 [main] DEBUG org.apache.poi.ooxml.POIXMLFactory.createDocumentPart(POIXMLFactory.java:65)oggger - using default POIXMLDocumentPart for http://schemas.openxmlformats.org/officeDocument/2006/relationships/printerSettings
09:05:19.559 [main] DEBUG org.apache.poi.openxml4j.opc.PackageRelationshipCollection.parseRelationshipsPart(PackageRelationshipCollection.java:307)oggger - Parsing relationship: /xl/_rels/workbook.xml.rels
09:05:19.560 [main] DEBUG org.apache.poi.openxml4j.opc.PackageRelationshipCollection.parseRelationshipsPart(PackageRelationshipCollection.java:307)oggger - Parsing relationship: /xl/worksheets/_rels/sheet1.xml.rels
09:05:19.561 [main] DEBUG org.apache.poi.openxml4j.opc.PackageRelationshipCollection.parseRelationshipsPart(PackageRelationshipCollection.java:307)oggger - Parsing relationship: /xl/worksheets/_rels/sheet2.xml.rels
09:05:19.562 [main] DEBUG org.apache.poi.openxml4j.opc.PackageRelationshipCollection.parseRelationshipsPart(PackageRelationshipCollection.java:307)oggger - Parsing relationship: /xl/worksheets/_rels/sheet3.xml.rels
09:05:19.562 [main] DEBUG org.apache.poi.openxml4j.opc.PackageRelationshipCollection.parseRelationshipsPart(PackageRelationshipCollection.java:307)oggger - Parsing relationship: /_rels/.rels
09:05:19.571 [main] DEBUG org.apache.poi.ooxml.POIXMLFactory.createDocumentPart(POIXMLFactory.java:65)oggger - using default POIXMLDocumentPart for http://schemas.openxmlformats.org/officeDocument/2006/relationships/printerSettings
09:05:19.596 [main] DEBUG org.apache.poi.openxml4j.opc.PackageRelationshipCollection.parseRelationshipsPart(PackageRelationshipCollection.java:307)oggger - Parsing relationship: /xl/_rels/workbook.xml.rels
09:05:19.597 [main] DEBUG org.apache.poi.openxml4j.opc.PackageRelationshipCollection.parseRelationshipsPart(PackageRelationshipCollection.java:307)oggger - Parsing relationship: /xl/worksheets/_rels/sheet1.xml.rels
09:05:19.598 [main] DEBUG org.apache.poi.openxml4j.opc.PackageRelationshipCollection.parseRelationshipsPart(PackageRelationshipCollection.java:307)oggger - Parsing relationship: /xl/worksheets/_rels/sheet2.xml.rels
09:05:19.599 [main] DEBUG org.apache.poi.openxml4j.opc.PackageRelationshipCollection.parseRelationshipsPart(PackageRelationshipCollection.java:307)oggger - Parsing relationship: /xl/worksheets/_rels/sheet3.xml.rels
09:05:19.600 [main] DEBUG org.apache.poi.openxml4j.opc.PackageRelationshipCollection.parseRelationshipsPart(PackageRelationshipCollection.java:307)oggger - Parsing relationship: /_rels/.rels
09:05:19.612 [main] DEBUG org.apache.poi.ooxml.POIXMLFactory.createDocumentPart(POIXMLFactory.java:65)oggger - using default POIXMLDocumentPart for http://schemas.openxmlformats.org/officeDocument/2006/relationships/printerSettings
09:05:19.632 [main] DEBUG org.apache.poi.openxml4j.opc.PackageRelationshipCollection.parseRelationshipsPart(PackageRelationshipCollection.java:307)oggger - Parsing relationship: /xl/_rels/workbook.xml.rels
09:05:19.633 [main] DEBUG org.apache.poi.openxml4j.opc.PackageRelationshipCollection.parseRelationshipsPart(PackageRelationshipCollection.java:307)oggger - Parsing relationship: /xl/worksheets/_rels/sheet1.xml.rels
09:05:19.634 [main] DEBUG org.apache.poi.openxml4j.opc.PackageRelationshipCollection.parseRelationshipsPart(PackageRelationshipCollection.java:307)oggger - Parsing relationship: /xl/worksheets/_rels/sheet2.xml.rels
09:05:19.634 [main] DEBUG org.apache.poi.openxml4j.opc.PackageRelationshipCollection.parseRelationshipsPart(PackageRelationshipCollection.java:307)oggger - Parsing relationship: /xl/worksheets/_rels/sheet3.xml.rels
09:05:19.635 [main] DEBUG org.apache.poi.openxml4j.opc.PackageRelationshipCollection.parseRelationshipsPart(PackageRelationshipCollection.java:307)oggger - Parsing relationship: /_rels/.rels
09:05:19.645 [main] DEBUG org.apache.poi.ooxml.POIXMLFactory.createDocumentPart(POIXMLFactory.java:65)oggger - using default POIXMLDocumentPart for http://schemas.openxmlformats.org/officeDocument/2006/relationships/printerSettings
09:05:19.661 [main] DEBUG org.apache.poi.openxml4j.opc.PackageRelationshipCollection.parseRelationshipsPart(PackageRelationshipCollection.java:307)oggger - Parsing relationship: /xl/_rels/workbook.xml.rels
09:05:19.662 [main] DEBUG org.apache.poi.openxml4j.opc.PackageRelationshipCollection.parseRelationshipsPart(PackageRelationshipCollection.java:307)oggger - Parsing relationship: /xl/worksheets/_rels/sheet1.xml.rels
09:05:19.663 [main] DEBUG org.apache.poi.openxml4j.opc.PackageRelationshipCollection.parseRelationshipsPart(PackageRelationshipCollection.java:307)oggger - Parsing relationship: /xl/worksheets/_rels/sheet2.xml.rels
09:05:19.664 [main] DEBUG org.apache.poi.openxml4j.opc.PackageRelationshipCollection.parseRelationshipsPart(PackageRelationshipCollection.java:307)oggger - Parsing relationship: /xl/worksheets/_rels/sheet3.xml.rels
09:05:19.664 [main] DEBUG org.apache.poi.openxml4j.opc.PackageRelationshipCollection.parseRelationshipsPart(PackageRelationshipCollection.java:307)oggger - Parsing relationship: /_rels/.rels
09:05:19.672 [main] DEBUG org.apache.poi.ooxml.POIXMLFactory.createDocumentPart(POIXMLFactory.java:65)oggger - using default POIXMLDocumentPart for http://schemas.openxmlformats.org/officeDocument/2006/relationships/printerSettings
09:05:19.689 [main] DEBUG org.apache.poi.openxml4j.opc.PackageRelationshipCollection.parseRelationshipsPart(PackageRelationshipCollection.java:307)oggger - Parsing relationship: /xl/_rels/workbook.xml.rels
09:05:19.691 [main] DEBUG org.apache.poi.openxml4j.opc.PackageRelationshipCollection.parseRelationshipsPart(PackageRelationshipCollection.java:307)oggger - Parsing relationship: /xl/worksheets/_rels/sheet1.xml.rels
09:05:19.692 [main] DEBUG org.apache.poi.openxml4j.opc.PackageRelationshipCollection.parseRelationshipsPart(PackageRelationshipCollection.java:307)oggger - Parsing relationship: /xl/worksheets/_rels/sheet2.xml.rels
09:05:19.692 [main] DEBUG org.apache.poi.openxml4j.opc.PackageRelationshipCollection.parseRelationshipsPart(PackageRelationshipCollection.java:307)oggger - Parsing relationship: /xl/worksheets/_rels/sheet3.xml.rels
09:05:19.693 [main] DEBUG org.apache.poi.openxml4j.opc.PackageRelationshipCollection.parseRelationshipsPart(PackageRelationshipCollection.java:307)oggger - Parsing relationship: /_rels/.rels
09:05:19.702 [main] DEBUG org.apache.poi.ooxml.POIXMLFactory.createDocumentPart(POIXMLFactory.java:65)oggger - using default POIXMLDocumentPart for http://schemas.openxmlformats.org/officeDocument/2006/relationships/printerSettings
09:05:19.719 [main] DEBUG org.apache.poi.openxml4j.opc.PackageRelationshipCollection.parseRelationshipsPart(PackageRelationshipCollection.java:307)oggger - Parsing relationship: /xl/_rels/workbook.xml.rels
09:05:19.720 [main] DEBUG org.apache.poi.openxml4j.opc.PackageRelationshipCollection.parseRelationshipsPart(PackageRelationshipCollection.java:307)oggger - Parsing relationship: /xl/worksheets/_rels/sheet1.xml.rels
09:05:19.721 [main] DEBUG org.apache.poi.openxml4j.opc.PackageRelationshipCollection.parseRelationshipsPart(PackageRelationshipCollection.java:307)oggger - Parsing relationship: /xl/worksheets/_rels/sheet2.xml.rels
09:05:19.722 [main] DEBUG org.apache.poi.openxml4j.opc.PackageRelationshipCollection.parseRelationshipsPart(PackageRelationshipCollection.java:307)oggger - Parsing relationship: /xl/worksheets/_rels/sheet3.xml.rels
09:05:19.723 [main] DEBUG org.apache.poi.openxml4j.opc.PackageRelationshipCollection.parseRelationshipsPart(PackageRelationshipCollection.java:307)oggger - Parsing relationship: /_rels/.rels
09:05:19.732 [main] DEBUG org.apache.poi.ooxml.POIXMLFactory.createDocumentPart(POIXMLFactory.java:65)oggger - using default POIXMLDocumentPart for http://schemas.openxmlformats.org/officeDocument/2006/relationships/printerSettings
09:05:19.750 [main] DEBUG org.apache.poi.openxml4j.opc.PackageRelationshipCollection.parseRelationshipsPart(PackageRelationshipCollection.java:307)oggger - Parsing relationship: /xl/_rels/workbook.xml.rels
09:05:19.751 [main] DEBUG org.apache.poi.openxml4j.opc.PackageRelationshipCollection.parseRelationshipsPart(PackageRelationshipCollection.java:307)oggger - Parsing relationship: /xl/worksheets/_rels/sheet1.xml.rels
09:05:19.753 [main] DEBUG org.apache.poi.openxml4j.opc.PackageRelationshipCollection.parseRelationshipsPart(PackageRelationshipCollection.java:307)oggger - Parsing relationship: /xl/worksheets/_rels/sheet2.xml.rels
09:05:19.754 [main] DEBUG org.apache.poi.openxml4j.opc.PackageRelationshipCollection.parseRelationshipsPart(PackageRelationshipCollection.java:307)oggger - Parsing relationship: /xl/worksheets/_rels/sheet3.xml.rels
09:05:19.754 [main] DEBUG org.apache.poi.openxml4j.opc.PackageRelationshipCollection.parseRelationshipsPart(PackageRelationshipCollection.java:307)oggger - Parsing relationship: /_rels/.rels
09:05:19.763 [main] DEBUG org.apache.poi.ooxml.POIXMLFactory.createDocumentPart(POIXMLFactory.java:65)oggger - using default POIXMLDocumentPart for http://schemas.openxmlformats.org/officeDocument/2006/relationships/printerSettings
09:05:19.777 [main] DEBUG org.apache.poi.openxml4j.opc.PackageRelationshipCollection.parseRelationshipsPart(PackageRelationshipCollection.java:307)oggger - Parsing relationship: /xl/_rels/workbook.xml.rels
09:05:19.778 [main] DEBUG org.apache.poi.openxml4j.opc.PackageRelationshipCollection.parseRelationshipsPart(PackageRelationshipCollection.java:307)oggger - Parsing relationship: /xl/worksheets/_rels/sheet1.xml.rels
09:05:19.779 [main] DEBUG org.apache.poi.openxml4j.opc.PackageRelationshipCollection.parseRelationshipsPart(PackageRelationshipCollection.java:307)oggger - Parsing relationship: /xl/worksheets/_rels/sheet2.xml.rels
09:05:19.779 [main] DEBUG org.apache.poi.openxml4j.opc.PackageRelationshipCollection.parseRelationshipsPart(PackageRelationshipCollection.java:307)oggger - Parsing relationship: /xl/worksheets/_rels/sheet3.xml.rels
09:05:19.780 [main] DEBUG org.apache.poi.openxml4j.opc.PackageRelationshipCollection.parseRelationshipsPart(PackageRelationshipCollection.java:307)oggger - Parsing relationship: /_rels/.rels
09:05:19.789 [main] DEBUG org.apache.poi.ooxml.POIXMLFactory.createDocumentPart(POIXMLFactory.java:65)oggger - using default POIXMLDocumentPart for http://schemas.openxmlformats.org/officeDocument/2006/relationships/printerSettings
09:05:19.804 [main] DEBUG org.apache.poi.openxml4j.opc.PackageRelationshipCollection.parseRelationshipsPart(PackageRelationshipCollection.java:307)oggger - Parsing relationship: /xl/_rels/workbook.xml.rels
09:05:19.805 [main] DEBUG org.apache.poi.openxml4j.opc.PackageRelationshipCollection.parseRelationshipsPart(PackageRelationshipCollection.java:307)oggger - Parsing relationship: /xl/worksheets/_rels/sheet1.xml.rels
09:05:19.806 [main] DEBUG org.apache.poi.openxml4j.opc.PackageRelationshipCollection.parseRelationshipsPart(PackageRelationshipCollection.java:307)oggger - Parsing relationship: /xl/worksheets/_rels/sheet2.xml.rels
09:05:19.807 [main] DEBUG org.apache.poi.openxml4j.opc.PackageRelationshipCollection.parseRelationshipsPart(PackageRelationshipCollection.java:307)oggger - Parsing relationship: /xl/worksheets/_rels/sheet3.xml.rels
09:05:19.808 [main] DEBUG org.apache.poi.openxml4j.opc.PackageRelationshipCollection.parseRelationshipsPart(PackageRelationshipCollection.java:307)oggger - Parsing relationship: /_rels/.rels
09:05:19.814 [main] DEBUG org.apache.poi.ooxml.POIXMLFactory.createDocumentPart(POIXMLFactory.java:65)oggger - using default POIXMLDocumentPart for http://schemas.openxmlformats.org/officeDocument/2006/relationships/printerSettings
09:05:19.845 [main] INFO  testClasses.TC003_LoginDDT.testLoginDDT(TC003_LoginDDT.java:26)oggger - ******Tesing TC003_LoginDDT started*******
09:05:20.442 [main] INFO  testClasses.TC003_LoginDDT.testLoginDDT(TC003_LoginDDT.java:32)oggger - ******On login page *******
09:05:22.432 [main] INFO  testClasses.TC003_LoginDDT.testLoginDDT(TC003_LoginDDT.java:38)oggger - ******on my account page*******
09:05:23.182 [main] INFO  testClasses.TC003_LoginDDT.testLoginDDT(TC003_LoginDDT.java:47)oggger - ****Logged in with valid data successufully*******
09:05:23.188 [main] INFO  testClasses.TC003_LoginDDT.testLoginDDT(TC003_LoginDDT.java:74)oggger - ********Testing TC003_LoginDDT completed********
09:05:23.194 [main] INFO  testClasses.TC003_LoginDDT.testLoginDDT(TC003_LoginDDT.java:26)oggger - ******Tesing TC003_LoginDDT started*******
09:05:23.606 [main] INFO  testClasses.TC003_LoginDDT.testLoginDDT(TC003_LoginDDT.java:32)oggger - ******On login page *******
09:05:25.020 [main] INFO  testClasses.TC003_LoginDDT.testLoginDDT(TC003_LoginDDT.java:38)oggger - ******on my account page*******
09:05:35.035 [main] INFO  testClasses.TC003_LoginDDT.testLoginDDT(TC003_LoginDDT.java:62)oggger - ****Not Logged in with Invalid data *******
09:05:35.035 [main] INFO  testClasses.TC003_LoginDDT.testLoginDDT(TC003_LoginDDT.java:74)oggger - ********Testing TC003_LoginDDT completed********
09:05:35.035 [main] INFO  testClasses.TC003_LoginDDT.testLoginDDT(TC003_LoginDDT.java:26)oggger - ******Tesing TC003_LoginDDT started*******
09:05:35.503 [main] INFO  testClasses.TC003_LoginDDT.testLoginDDT(TC003_LoginDDT.java:32)oggger - ******On login page *******
09:05:35.660 [main] INFO  testClasses.TC003_LoginDDT.testLoginDDT(TC003_LoginDDT.java:38)oggger - ******on my account page*******
09:05:37.512 [main] INFO  testClasses.TC003_LoginDDT.testLoginDDT(TC003_LoginDDT.java:47)oggger - ****Logged in with valid data successufully*******
09:05:37.512 [main] INFO  testClasses.TC003_LoginDDT.testLoginDDT(TC003_LoginDDT.java:74)oggger - ********Testing TC003_LoginDDT completed********
09:05:37.522 [main] INFO  testClasses.TC003_LoginDDT.testLoginDDT(TC003_LoginDDT.java:26)oggger - ******Tesing TC003_LoginDDT started*******
09:05:37.934 [main] INFO  testClasses.TC003_LoginDDT.testLoginDDT(TC003_LoginDDT.java:32)oggger - ******On login page *******
09:05:38.140 [main] INFO  testClasses.TC003_LoginDDT.testLoginDDT(TC003_LoginDDT.java:38)oggger - ******on my account page*******
09:05:40.067 [main] INFO  testClasses.TC003_LoginDDT.testLoginDDT(TC003_LoginDDT.java:59)oggger - ****Logged in with Invalid data successufully*******
09:05:40.078 [main] ERROR testClasses.TC003_LoginDDT.testLoginDDT(TC003_LoginDDT.java:69)oggger - ****Error Logs****expected [true] but found [false]
09:05:40.084 [main] ERROR baseTest.BaseTest.captureBrowserConsoleLogs(BaseTest.java:131)oggger - --- CAPTURING CHROME BROWSER CONSOLE LOGS ---
09:05:40.117 [main] INFO  testClasses.TC003_LoginDDT.testLoginDDT(TC003_LoginDDT.java:26)oggger - ******Tesing TC003_LoginDDT started*******
09:05:40.625 [main] INFO  testClasses.TC003_LoginDDT.testLoginDDT(TC003_LoginDDT.java:32)oggger - ******On login page *******
09:05:40.839 [main] INFO  testClasses.TC003_LoginDDT.testLoginDDT(TC003_LoginDDT.java:38)oggger - ******on my account page*******
09:05:50.896 [main] INFO  testClasses.TC003_LoginDDT.testLoginDDT(TC003_LoginDDT.java:50)oggger - ****Not Logged in with valid data *******
09:05:50.897 [main] ERROR testClasses.TC003_LoginDDT.testLoginDDT(TC003_LoginDDT.java:69)oggger - ****Error Logs****expected [true] but found [false]
09:05:50.901 [main] ERROR baseTest.BaseTest.captureBrowserConsoleLogs(BaseTest.java:131)oggger - --- CAPTURING CHROME BROWSER CONSOLE LOGS ---
09:06:29.629 [main] DEBUG org.testng.log4testng.Logger.debug(Logger.java:82)oggger - suiteXmlPath: "C:\Users\VedaB\eclipse-workspace\OpenCartV121\master.xml"
09:06:30.780 [main] INFO  org.testng.log4testng.Logger.info(Logger.java:112)oggger - [TestNG] Running:
  C:\Users\VedaB\eclipse-workspace\OpenCartV121\master.xml

09:06:34.963 [main] DEBUG org.apache.poi.openxml4j.opc.PackageRelationshipCollection.parseRelationshipsPart(PackageRelationshipCollection.java:307)oggger - Parsing relationship: /xl/_rels/workbook.xml.rels
09:06:34.967 [main] DEBUG org.apache.poi.openxml4j.opc.PackageRelationshipCollection.parseRelationshipsPart(PackageRelationshipCollection.java:307)oggger - Parsing relationship: /xl/worksheets/_rels/sheet1.xml.rels
09:06:34.969 [main] DEBUG org.apache.poi.openxml4j.opc.PackageRelationshipCollection.parseRelationshipsPart(PackageRelationshipCollection.java:307)oggger - Parsing relationship: /xl/worksheets/_rels/sheet2.xml.rels
09:06:34.970 [main] DEBUG org.apache.poi.openxml4j.opc.PackageRelationshipCollection.parseRelationshipsPart(PackageRelationshipCollection.java:307)oggger - Parsing relationship: /xl/worksheets/_rels/sheet3.xml.rels
09:06:34.972 [main] DEBUG org.apache.poi.openxml4j.opc.PackageRelationshipCollection.parseRelationshipsPart(PackageRelationshipCollection.java:307)oggger - Parsing relationship: /_rels/.rels
09:06:35.901 [main] DEBUG org.apache.poi.ooxml.POIXMLFactory.createDocumentPart(POIXMLFactory.java:65)oggger - using default POIXMLDocumentPart for http://schemas.openxmlformats.org/officeDocument/2006/relationships/printerSettings
09:06:36.095 [main] DEBUG org.apache.poi.openxml4j.opc.PackageRelationshipCollection.parseRelationshipsPart(PackageRelationshipCollection.java:307)oggger - Parsing relationship: /xl/_rels/workbook.xml.rels
09:06:36.096 [main] DEBUG org.apache.poi.openxml4j.opc.PackageRelationshipCollection.parseRelationshipsPart(PackageRelationshipCollection.java:307)oggger - Parsing relationship: /xl/worksheets/_rels/sheet1.xml.rels
09:06:36.098 [main] DEBUG org.apache.poi.openxml4j.opc.PackageRelationshipCollection.parseRelationshipsPart(PackageRelationshipCollection.java:307)oggger - Parsing relationship: /xl/worksheets/_rels/sheet2.xml.rels
09:06:36.099 [main] DEBUG org.apache.poi.openxml4j.opc.PackageRelationshipCollection.parseRelationshipsPart(PackageRelationshipCollection.java:307)oggger - Parsing relationship: /xl/worksheets/_rels/sheet3.xml.rels
09:06:36.100 [main] DEBUG org.apache.poi.openxml4j.opc.PackageRelationshipCollection.parseRelationshipsPart(PackageRelationshipCollection.java:307)oggger - Parsing relationship: /_rels/.rels
09:06:36.115 [main] DEBUG org.apache.poi.ooxml.POIXMLFactory.createDocumentPart(POIXMLFactory.java:65)oggger - using default POIXMLDocumentPart for http://schemas.openxmlformats.org/officeDocument/2006/relationships/printerSettings
09:06:36.159 [main] DEBUG org.apache.poi.openxml4j.opc.PackageRelationshipCollection.parseRelationshipsPart(PackageRelationshipCollection.java:307)oggger - Parsing relationship: /xl/_rels/workbook.xml.rels
09:06:36.161 [main] DEBUG org.apache.poi.openxml4j.opc.PackageRelationshipCollection.parseRelationshipsPart(PackageRelationshipCollection.java:307)oggger - Parsing relationship: /xl/worksheets/_rels/sheet1.xml.rels
09:06:36.168 [main] DEBUG org.apache.poi.openxml4j.opc.PackageRelationshipCollection.parseRelationshipsPart(PackageRelationshipCollection.java:307)oggger - Parsing relationship: /xl/worksheets/_rels/sheet2.xml.rels
09:06:36.199 [main] DEBUG org.apache.poi.openxml4j.opc.PackageRelationshipCollection.parseRelationshipsPart(PackageRelationshipCollection.java:307)oggger - Parsing relationship: /xl/worksheets/_rels/sheet3.xml.rels
09:06:36.206 [main] DEBUG org.apache.poi.openxml4j.opc.PackageRelationshipCollection.parseRelationshipsPart(PackageRelationshipCollection.java:307)oggger - Parsing relationship: /_rels/.rels
09:06:36.344 [main] DEBUG org.apache.poi.ooxml.POIXMLFactory.createDocumentPart(POIXMLFactory.java:65)oggger - using default POIXMLDocumentPart for http://schemas.openxmlformats.org/officeDocument/2006/relationships/printerSettings
09:06:36.410 [main] DEBUG org.apache.poi.openxml4j.opc.PackageRelationshipCollection.parseRelationshipsPart(PackageRelationshipCollection.java:307)oggger - Parsing relationship: /xl/_rels/workbook.xml.rels
09:06:36.412 [main] DEBUG org.apache.poi.openxml4j.opc.PackageRelationshipCollection.parseRelationshipsPart(PackageRelationshipCollection.java:307)oggger - Parsing relationship: /xl/worksheets/_rels/sheet1.xml.rels
09:06:36.416 [main] DEBUG org.apache.poi.openxml4j.opc.PackageRelationshipCollection.parseRelationshipsPart(PackageRelationshipCollection.java:307)oggger - Parsing relationship: /xl/worksheets/_rels/sheet2.xml.rels
09:06:36.421 [main] DEBUG org.apache.poi.openxml4j.opc.PackageRelationshipCollection.parseRelationshipsPart(PackageRelationshipCollection.java:307)oggger - Parsing relationship: /xl/worksheets/_rels/sheet3.xml.rels
09:06:36.423 [main] DEBUG org.apache.poi.openxml4j.opc.PackageRelationshipCollection.parseRelationshipsPart(PackageRelationshipCollection.java:307)oggger - Parsing relationship: /_rels/.rels
09:06:36.441 [main] DEBUG org.apache.poi.ooxml.POIXMLFactory.createDocumentPart(POIXMLFactory.java:65)oggger - using default POIXMLDocumentPart for http://schemas.openxmlformats.org/officeDocument/2006/relationships/printerSettings
09:06:36.533 [main] DEBUG org.apache.poi.openxml4j.opc.PackageRelationshipCollection.parseRelationshipsPart(PackageRelationshipCollection.java:307)oggger - Parsing relationship: /xl/_rels/workbook.xml.rels
09:06:36.535 [main] DEBUG org.apache.poi.openxml4j.opc.PackageRelationshipCollection.parseRelationshipsPart(PackageRelationshipCollection.java:307)oggger - Parsing relationship: /xl/worksheets/_rels/sheet1.xml.rels
09:06:36.537 [main] DEBUG org.apache.poi.openxml4j.opc.PackageRelationshipCollection.parseRelationshipsPart(PackageRelationshipCollection.java:307)oggger - Parsing relationship: /xl/worksheets/_rels/sheet2.xml.rels
09:06:36.544 [main] DEBUG org.apache.poi.openxml4j.opc.PackageRelationshipCollection.parseRelationshipsPart(PackageRelationshipCollection.java:307)oggger - Parsing relationship: /xl/worksheets/_rels/sheet3.xml.rels
09:06:36.547 [main] DEBUG org.apache.poi.openxml4j.opc.PackageRelationshipCollection.parseRelationshipsPart(PackageRelationshipCollection.java:307)oggger - Parsing relationship: /_rels/.rels
09:06:36.568 [main] DEBUG org.apache.poi.ooxml.POIXMLFactory.createDocumentPart(POIXMLFactory.java:65)oggger - using default POIXMLDocumentPart for http://schemas.openxmlformats.org/officeDocument/2006/relationships/printerSettings
09:06:36.598 [main] DEBUG org.apache.poi.openxml4j.opc.PackageRelationshipCollection.parseRelationshipsPart(PackageRelationshipCollection.java:307)oggger - Parsing relationship: /xl/_rels/workbook.xml.rels
09:06:36.599 [main] DEBUG org.apache.poi.openxml4j.opc.PackageRelationshipCollection.parseRelationshipsPart(PackageRelationshipCollection.java:307)oggger - Parsing relationship: /xl/worksheets/_rels/sheet1.xml.rels
09:06:36.600 [main] DEBUG org.apache.poi.openxml4j.opc.PackageRelationshipCollection.parseRelationshipsPart(PackageRelationshipCollection.java:307)oggger - Parsing relationship: /xl/worksheets/_rels/sheet2.xml.rels
09:06:36.601 [main] DEBUG org.apache.poi.openxml4j.opc.PackageRelationshipCollection.parseRelationshipsPart(PackageRelationshipCollection.java:307)oggger - Parsing relationship: /xl/worksheets/_rels/sheet3.xml.rels
09:06:36.601 [main] DEBUG org.apache.poi.openxml4j.opc.PackageRelationshipCollection.parseRelationshipsPart(PackageRelationshipCollection.java:307)oggger - Parsing relationship: /_rels/.rels
09:06:36.612 [main] DEBUG org.apache.poi.ooxml.POIXMLFactory.createDocumentPart(POIXMLFactory.java:65)oggger - using default POIXMLDocumentPart for http://schemas.openxmlformats.org/officeDocument/2006/relationships/printerSettings
09:06:36.641 [main] DEBUG org.apache.poi.openxml4j.opc.PackageRelationshipCollection.parseRelationshipsPart(PackageRelationshipCollection.java:307)oggger - Parsing relationship: /xl/_rels/workbook.xml.rels
09:06:36.642 [main] DEBUG org.apache.poi.openxml4j.opc.PackageRelationshipCollection.parseRelationshipsPart(PackageRelationshipCollection.java:307)oggger - Parsing relationship: /xl/worksheets/_rels/sheet1.xml.rels
09:06:36.643 [main] DEBUG org.apache.poi.openxml4j.opc.PackageRelationshipCollection.parseRelationshipsPart(PackageRelationshipCollection.java:307)oggger - Parsing relationship: /xl/worksheets/_rels/sheet2.xml.rels
09:06:36.643 [main] DEBUG org.apache.poi.openxml4j.opc.PackageRelationshipCollection.parseRelationshipsPart(PackageRelationshipCollection.java:307)oggger - Parsing relationship: /xl/worksheets/_rels/sheet3.xml.rels
09:06:36.644 [main] DEBUG org.apache.poi.openxml4j.opc.PackageRelationshipCollection.parseRelationshipsPart(PackageRelationshipCollection.java:307)oggger - Parsing relationship: /_rels/.rels
09:06:36.654 [main] DEBUG org.apache.poi.ooxml.POIXMLFactory.createDocumentPart(POIXMLFactory.java:65)oggger - using default POIXMLDocumentPart for http://schemas.openxmlformats.org/officeDocument/2006/relationships/printerSettings
09:06:36.709 [main] DEBUG org.apache.poi.openxml4j.opc.PackageRelationshipCollection.parseRelationshipsPart(PackageRelationshipCollection.java:307)oggger - Parsing relationship: /xl/_rels/workbook.xml.rels
09:06:36.712 [main] DEBUG org.apache.poi.openxml4j.opc.PackageRelationshipCollection.parseRelationshipsPart(PackageRelationshipCollection.java:307)oggger - Parsing relationship: /xl/worksheets/_rels/sheet1.xml.rels
09:06:36.714 [main] DEBUG org.apache.poi.openxml4j.opc.PackageRelationshipCollection.parseRelationshipsPart(PackageRelationshipCollection.java:307)oggger - Parsing relationship: /xl/worksheets/_rels/sheet2.xml.rels
09:06:36.715 [main] DEBUG org.apache.poi.openxml4j.opc.PackageRelationshipCollection.parseRelationshipsPart(PackageRelationshipCollection.java:307)oggger - Parsing relationship: /xl/worksheets/_rels/sheet3.xml.rels
09:06:36.716 [main] DEBUG org.apache.poi.openxml4j.opc.PackageRelationshipCollection.parseRelationshipsPart(PackageRelationshipCollection.java:307)oggger - Parsing relationship: /_rels/.rels
09:06:36.725 [main] DEBUG org.apache.poi.ooxml.POIXMLFactory.createDocumentPart(POIXMLFactory.java:65)oggger - using default POIXMLDocumentPart for http://schemas.openxmlformats.org/officeDocument/2006/relationships/printerSettings
09:06:36.764 [main] DEBUG org.apache.poi.openxml4j.opc.PackageRelationshipCollection.parseRelationshipsPart(PackageRelationshipCollection.java:307)oggger - Parsing relationship: /xl/_rels/workbook.xml.rels
09:06:36.766 [main] DEBUG org.apache.poi.openxml4j.opc.PackageRelationshipCollection.parseRelationshipsPart(PackageRelationshipCollection.java:307)oggger - Parsing relationship: /xl/worksheets/_rels/sheet1.xml.rels
09:06:36.767 [main] DEBUG org.apache.poi.openxml4j.opc.PackageRelationshipCollection.parseRelationshipsPart(PackageRelationshipCollection.java:307)oggger - Parsing relationship: /xl/worksheets/_rels/sheet2.xml.rels
09:06:36.768 [main] DEBUG org.apache.poi.openxml4j.opc.PackageRelationshipCollection.parseRelationshipsPart(PackageRelationshipCollection.java:307)oggger - Parsing relationship: /xl/worksheets/_rels/sheet3.xml.rels
09:06:36.771 [main] DEBUG org.apache.poi.openxml4j.opc.PackageRelationshipCollection.parseRelationshipsPart(PackageRelationshipCollection.java:307)oggger - Parsing relationship: /_rels/.rels
09:06:36.792 [main] DEBUG org.apache.poi.ooxml.POIXMLFactory.createDocumentPart(POIXMLFactory.java:65)oggger - using default POIXMLDocumentPart for http://schemas.openxmlformats.org/officeDocument/2006/relationships/printerSettings
09:06:36.830 [main] DEBUG org.apache.poi.openxml4j.opc.PackageRelationshipCollection.parseRelationshipsPart(PackageRelationshipCollection.java:307)oggger - Parsing relationship: /xl/_rels/workbook.xml.rels
09:06:36.831 [main] DEBUG org.apache.poi.openxml4j.opc.PackageRelationshipCollection.parseRelationshipsPart(PackageRelationshipCollection.java:307)oggger - Parsing relationship: /xl/worksheets/_rels/sheet1.xml.rels
09:06:36.832 [main] DEBUG org.apache.poi.openxml4j.opc.PackageRelationshipCollection.parseRelationshipsPart(PackageRelationshipCollection.java:307)oggger - Parsing relationship: /xl/worksheets/_rels/sheet2.xml.rels
09:06:36.833 [main] DEBUG org.apache.poi.openxml4j.opc.PackageRelationshipCollection.parseRelationshipsPart(PackageRelationshipCollection.java:307)oggger - Parsing relationship: /xl/worksheets/_rels/sheet3.xml.rels
09:06:36.834 [main] DEBUG org.apache.poi.openxml4j.opc.PackageRelationshipCollection.parseRelationshipsPart(PackageRelationshipCollection.java:307)oggger - Parsing relationship: /_rels/.rels
09:06:36.854 [main] DEBUG org.apache.poi.ooxml.POIXMLFactory.createDocumentPart(POIXMLFactory.java:65)oggger - using default POIXMLDocumentPart for http://schemas.openxmlformats.org/officeDocument/2006/relationships/printerSettings
09:06:36.892 [main] DEBUG org.apache.poi.openxml4j.opc.PackageRelationshipCollection.parseRelationshipsPart(PackageRelationshipCollection.java:307)oggger - Parsing relationship: /xl/_rels/workbook.xml.rels
09:06:36.894 [main] DEBUG org.apache.poi.openxml4j.opc.PackageRelationshipCollection.parseRelationshipsPart(PackageRelationshipCollection.java:307)oggger - Parsing relationship: /xl/worksheets/_rels/sheet1.xml.rels
09:06:36.894 [main] DEBUG org.apache.poi.openxml4j.opc.PackageRelationshipCollection.parseRelationshipsPart(PackageRelationshipCollection.java:307)oggger - Parsing relationship: /xl/worksheets/_rels/sheet2.xml.rels
09:06:36.896 [main] DEBUG org.apache.poi.openxml4j.opc.PackageRelationshipCollection.parseRelationshipsPart(PackageRelationshipCollection.java:307)oggger - Parsing relationship: /xl/worksheets/_rels/sheet3.xml.rels
09:06:36.896 [main] DEBUG org.apache.poi.openxml4j.opc.PackageRelationshipCollection.parseRelationshipsPart(PackageRelationshipCollection.java:307)oggger - Parsing relationship: /_rels/.rels
09:06:36.909 [main] DEBUG org.apache.poi.ooxml.POIXMLFactory.createDocumentPart(POIXMLFactory.java:65)oggger - using default POIXMLDocumentPart for http://schemas.openxmlformats.org/officeDocument/2006/relationships/printerSettings
09:06:36.967 [main] DEBUG org.apache.poi.openxml4j.opc.PackageRelationshipCollection.parseRelationshipsPart(PackageRelationshipCollection.java:307)oggger - Parsing relationship: /xl/_rels/workbook.xml.rels
09:06:36.969 [main] DEBUG org.apache.poi.openxml4j.opc.PackageRelationshipCollection.parseRelationshipsPart(PackageRelationshipCollection.java:307)oggger - Parsing relationship: /xl/worksheets/_rels/sheet1.xml.rels
09:06:36.969 [main] DEBUG org.apache.poi.openxml4j.opc.PackageRelationshipCollection.parseRelationshipsPart(PackageRelationshipCollection.java:307)oggger - Parsing relationship: /xl/worksheets/_rels/sheet2.xml.rels
09:06:36.971 [main] DEBUG org.apache.poi.openxml4j.opc.PackageRelationshipCollection.parseRelationshipsPart(PackageRelationshipCollection.java:307)oggger - Parsing relationship: /xl/worksheets/_rels/sheet3.xml.rels
09:06:36.973 [main] DEBUG org.apache.poi.openxml4j.opc.PackageRelationshipCollection.parseRelationshipsPart(PackageRelationshipCollection.java:307)oggger - Parsing relationship: /_rels/.rels
09:06:36.989 [main] DEBUG org.apache.poi.ooxml.POIXMLFactory.createDocumentPart(POIXMLFactory.java:65)oggger - using default POIXMLDocumentPart for http://schemas.openxmlformats.org/officeDocument/2006/relationships/printerSettings
09:06:37.029 [main] DEBUG org.apache.poi.openxml4j.opc.PackageRelationshipCollection.parseRelationshipsPart(PackageRelationshipCollection.java:307)oggger - Parsing relationship: /xl/_rels/workbook.xml.rels
09:06:37.031 [main] DEBUG org.apache.poi.openxml4j.opc.PackageRelationshipCollection.parseRelationshipsPart(PackageRelationshipCollection.java:307)oggger - Parsing relationship: /xl/worksheets/_rels/sheet1.xml.rels
09:06:37.031 [main] DEBUG org.apache.poi.openxml4j.opc.PackageRelationshipCollection.parseRelationshipsPart(PackageRelationshipCollection.java:307)oggger - Parsing relationship: /xl/worksheets/_rels/sheet2.xml.rels
09:06:37.031 [main] DEBUG org.apache.poi.openxml4j.opc.PackageRelationshipCollection.parseRelationshipsPart(PackageRelationshipCollection.java:307)oggger - Parsing relationship: /xl/worksheets/_rels/sheet3.xml.rels
09:06:37.033 [main] DEBUG org.apache.poi.openxml4j.opc.PackageRelationshipCollection.parseRelationshipsPart(PackageRelationshipCollection.java:307)oggger - Parsing relationship: /_rels/.rels
09:06:37.046 [main] DEBUG org.apache.poi.ooxml.POIXMLFactory.createDocumentPart(POIXMLFactory.java:65)oggger - using default POIXMLDocumentPart for http://schemas.openxmlformats.org/officeDocument/2006/relationships/printerSettings
09:06:37.072 [main] DEBUG org.apache.poi.openxml4j.opc.PackageRelationshipCollection.parseRelationshipsPart(PackageRelationshipCollection.java:307)oggger - Parsing relationship: /xl/_rels/workbook.xml.rels
09:06:37.072 [main] DEBUG org.apache.poi.openxml4j.opc.PackageRelationshipCollection.parseRelationshipsPart(PackageRelationshipCollection.java:307)oggger - Parsing relationship: /xl/worksheets/_rels/sheet1.xml.rels
09:06:37.072 [main] DEBUG org.apache.poi.openxml4j.opc.PackageRelationshipCollection.parseRelationshipsPart(PackageRelationshipCollection.java:307)oggger - Parsing relationship: /xl/worksheets/_rels/sheet2.xml.rels
09:06:37.074 [main] DEBUG org.apache.poi.openxml4j.opc.PackageRelationshipCollection.parseRelationshipsPart(PackageRelationshipCollection.java:307)oggger - Parsing relationship: /xl/worksheets/_rels/sheet3.xml.rels
09:06:37.074 [main] DEBUG org.apache.poi.openxml4j.opc.PackageRelationshipCollection.parseRelationshipsPart(PackageRelationshipCollection.java:307)oggger - Parsing relationship: /_rels/.rels
09:06:37.086 [main] DEBUG org.apache.poi.ooxml.POIXMLFactory.createDocumentPart(POIXMLFactory.java:65)oggger - using default POIXMLDocumentPart for http://schemas.openxmlformats.org/officeDocument/2006/relationships/printerSettings
09:06:37.135 [main] DEBUG org.apache.poi.openxml4j.opc.PackageRelationshipCollection.parseRelationshipsPart(PackageRelationshipCollection.java:307)oggger - Parsing relationship: /xl/_rels/workbook.xml.rels
09:06:37.137 [main] DEBUG org.apache.poi.openxml4j.opc.PackageRelationshipCollection.parseRelationshipsPart(PackageRelationshipCollection.java:307)oggger - Parsing relationship: /xl/worksheets/_rels/sheet1.xml.rels
09:06:37.137 [main] DEBUG org.apache.poi.openxml4j.opc.PackageRelationshipCollection.parseRelationshipsPart(PackageRelationshipCollection.java:307)oggger - Parsing relationship: /xl/worksheets/_rels/sheet2.xml.rels
09:06:37.139 [main] DEBUG org.apache.poi.openxml4j.opc.PackageRelationshipCollection.parseRelationshipsPart(PackageRelationshipCollection.java:307)oggger - Parsing relationship: /xl/worksheets/_rels/sheet3.xml.rels
09:06:37.139 [main] DEBUG org.apache.poi.openxml4j.opc.PackageRelationshipCollection.parseRelationshipsPart(PackageRelationshipCollection.java:307)oggger - Parsing relationship: /_rels/.rels
09:06:37.147 [main] DEBUG org.apache.poi.ooxml.POIXMLFactory.createDocumentPart(POIXMLFactory.java:65)oggger - using default POIXMLDocumentPart for http://schemas.openxmlformats.org/officeDocument/2006/relationships/printerSettings
09:06:37.161 [main] DEBUG org.apache.poi.openxml4j.opc.PackageRelationshipCollection.parseRelationshipsPart(PackageRelationshipCollection.java:307)oggger - Parsing relationship: /xl/_rels/workbook.xml.rels
09:06:37.163 [main] DEBUG org.apache.poi.openxml4j.opc.PackageRelationshipCollection.parseRelationshipsPart(PackageRelationshipCollection.java:307)oggger - Parsing relationship: /xl/worksheets/_rels/sheet1.xml.rels
09:06:37.163 [main] DEBUG org.apache.poi.openxml4j.opc.PackageRelationshipCollection.parseRelationshipsPart(PackageRelationshipCollection.java:307)oggger - Parsing relationship: /xl/worksheets/_rels/sheet2.xml.rels
09:06:37.164 [main] DEBUG org.apache.poi.openxml4j.opc.PackageRelationshipCollection.parseRelationshipsPart(PackageRelationshipCollection.java:307)oggger - Parsing relationship: /xl/worksheets/_rels/sheet3.xml.rels
09:06:37.164 [main] DEBUG org.apache.poi.openxml4j.opc.PackageRelationshipCollection.parseRelationshipsPart(PackageRelationshipCollection.java:307)oggger - Parsing relationship: /_rels/.rels
09:06:37.183 [main] DEBUG org.apache.poi.ooxml.POIXMLFactory.createDocumentPart(POIXMLFactory.java:65)oggger - using default POIXMLDocumentPart for http://schemas.openxmlformats.org/officeDocument/2006/relationships/printerSettings
09:06:37.212 [main] DEBUG org.apache.poi.openxml4j.opc.PackageRelationshipCollection.parseRelationshipsPart(PackageRelationshipCollection.java:307)oggger - Parsing relationship: /xl/_rels/workbook.xml.rels
09:06:37.214 [main] DEBUG org.apache.poi.openxml4j.opc.PackageRelationshipCollection.parseRelationshipsPart(PackageRelationshipCollection.java:307)oggger - Parsing relationship: /xl/worksheets/_rels/sheet1.xml.rels
09:06:37.214 [main] DEBUG org.apache.poi.openxml4j.opc.PackageRelationshipCollection.parseRelationshipsPart(PackageRelationshipCollection.java:307)oggger - Parsing relationship: /xl/worksheets/_rels/sheet2.xml.rels
09:06:37.214 [main] DEBUG org.apache.poi.openxml4j.opc.PackageRelationshipCollection.parseRelationshipsPart(PackageRelationshipCollection.java:307)oggger - Parsing relationship: /xl/worksheets/_rels/sheet3.xml.rels
09:06:37.216 [main] DEBUG org.apache.poi.openxml4j.opc.PackageRelationshipCollection.parseRelationshipsPart(PackageRelationshipCollection.java:307)oggger - Parsing relationship: /_rels/.rels
09:06:37.224 [main] DEBUG org.apache.poi.ooxml.POIXMLFactory.createDocumentPart(POIXMLFactory.java:65)oggger - using default POIXMLDocumentPart for http://schemas.openxmlformats.org/officeDocument/2006/relationships/printerSettings
09:06:37.274 [main] DEBUG org.apache.poi.openxml4j.opc.PackageRelationshipCollection.parseRelationshipsPart(PackageRelationshipCollection.java:307)oggger - Parsing relationship: /xl/_rels/workbook.xml.rels
09:06:37.280 [main] DEBUG org.apache.poi.openxml4j.opc.PackageRelationshipCollection.parseRelationshipsPart(PackageRelationshipCollection.java:307)oggger - Parsing relationship: /xl/worksheets/_rels/sheet1.xml.rels
09:06:37.282 [main] DEBUG org.apache.poi.openxml4j.opc.PackageRelationshipCollection.parseRelationshipsPart(PackageRelationshipCollection.java:307)oggger - Parsing relationship: /xl/worksheets/_rels/sheet2.xml.rels
09:06:37.288 [main] DEBUG org.apache.poi.openxml4j.opc.PackageRelationshipCollection.parseRelationshipsPart(PackageRelationshipCollection.java:307)oggger - Parsing relationship: /xl/worksheets/_rels/sheet3.xml.rels
09:06:37.294 [main] DEBUG org.apache.poi.openxml4j.opc.PackageRelationshipCollection.parseRelationshipsPart(PackageRelationshipCollection.java:307)oggger - Parsing relationship: /_rels/.rels
09:06:37.309 [main] DEBUG org.apache.poi.ooxml.POIXMLFactory.createDocumentPart(POIXMLFactory.java:65)oggger - using default POIXMLDocumentPart for http://schemas.openxmlformats.org/officeDocument/2006/relationships/printerSettings
09:06:37.331 [main] DEBUG org.apache.poi.openxml4j.opc.PackageRelationshipCollection.parseRelationshipsPart(PackageRelationshipCollection.java:307)oggger - Parsing relationship: /xl/_rels/workbook.xml.rels
09:06:37.332 [main] DEBUG org.apache.poi.openxml4j.opc.PackageRelationshipCollection.parseRelationshipsPart(PackageRelationshipCollection.java:307)oggger - Parsing relationship: /xl/worksheets/_rels/sheet1.xml.rels
09:06:37.333 [main] DEBUG org.apache.poi.openxml4j.opc.PackageRelationshipCollection.parseRelationshipsPart(PackageRelationshipCollection.java:307)oggger - Parsing relationship: /xl/worksheets/_rels/sheet2.xml.rels
09:06:37.333 [main] DEBUG org.apache.poi.openxml4j.opc.PackageRelationshipCollection.parseRelationshipsPart(PackageRelationshipCollection.java:307)oggger - Parsing relationship: /xl/worksheets/_rels/sheet3.xml.rels
09:06:37.334 [main] DEBUG org.apache.poi.openxml4j.opc.PackageRelationshipCollection.parseRelationshipsPart(PackageRelationshipCollection.java:307)oggger - Parsing relationship: /_rels/.rels
09:06:37.342 [main] DEBUG org.apache.poi.ooxml.POIXMLFactory.createDocumentPart(POIXMLFactory.java:65)oggger - using default POIXMLDocumentPart for http://schemas.openxmlformats.org/officeDocument/2006/relationships/printerSettings
09:06:37.387 [main] DEBUG org.apache.poi.openxml4j.opc.PackageRelationshipCollection.parseRelationshipsPart(PackageRelationshipCollection.java:307)oggger - Parsing relationship: /xl/_rels/workbook.xml.rels
09:06:37.400 [main] DEBUG org.apache.poi.openxml4j.opc.PackageRelationshipCollection.parseRelationshipsPart(PackageRelationshipCollection.java:307)oggger - Parsing relationship: /xl/worksheets/_rels/sheet1.xml.rels
09:06:37.409 [main] DEBUG org.apache.poi.openxml4j.opc.PackageRelationshipCollection.parseRelationshipsPart(PackageRelationshipCollection.java:307)oggger - Parsing relationship: /xl/worksheets/_rels/sheet2.xml.rels
09:06:37.410 [main] DEBUG org.apache.poi.openxml4j.opc.PackageRelationshipCollection.parseRelationshipsPart(PackageRelationshipCollection.java:307)oggger - Parsing relationship: /xl/worksheets/_rels/sheet3.xml.rels
09:06:37.472 [main] DEBUG org.apache.poi.openxml4j.opc.PackageRelationshipCollection.parseRelationshipsPart(PackageRelationshipCollection.java:307)oggger - Parsing relationship: /_rels/.rels
09:06:37.563 [main] DEBUG org.apache.poi.ooxml.POIXMLFactory.createDocumentPart(POIXMLFactory.java:65)oggger - using default POIXMLDocumentPart for http://schemas.openxmlformats.org/officeDocument/2006/relationships/printerSettings
09:06:37.592 [main] DEBUG org.apache.poi.openxml4j.opc.PackageRelationshipCollection.parseRelationshipsPart(PackageRelationshipCollection.java:307)oggger - Parsing relationship: /xl/_rels/workbook.xml.rels
09:06:37.593 [main] DEBUG org.apache.poi.openxml4j.opc.PackageRelationshipCollection.parseRelationshipsPart(PackageRelationshipCollection.java:307)oggger - Parsing relationship: /xl/worksheets/_rels/sheet1.xml.rels
09:06:37.593 [main] DEBUG org.apache.poi.openxml4j.opc.PackageRelationshipCollection.parseRelationshipsPart(PackageRelationshipCollection.java:307)oggger - Parsing relationship: /xl/worksheets/_rels/sheet2.xml.rels
09:06:37.595 [main] DEBUG org.apache.poi.openxml4j.opc.PackageRelationshipCollection.parseRelationshipsPart(PackageRelationshipCollection.java:307)oggger - Parsing relationship: /xl/worksheets/_rels/sheet3.xml.rels
09:06:37.595 [main] DEBUG org.apache.poi.openxml4j.opc.PackageRelationshipCollection.parseRelationshipsPart(PackageRelationshipCollection.java:307)oggger - Parsing relationship: /_rels/.rels
09:06:37.603 [main] DEBUG org.apache.poi.ooxml.POIXMLFactory.createDocumentPart(POIXMLFactory.java:65)oggger - using default POIXMLDocumentPart for http://schemas.openxmlformats.org/officeDocument/2006/relationships/printerSettings
09:06:37.628 [main] DEBUG org.apache.poi.openxml4j.opc.PackageRelationshipCollection.parseRelationshipsPart(PackageRelationshipCollection.java:307)oggger - Parsing relationship: /xl/_rels/workbook.xml.rels
09:06:37.628 [main] DEBUG org.apache.poi.openxml4j.opc.PackageRelationshipCollection.parseRelationshipsPart(PackageRelationshipCollection.java:307)oggger - Parsing relationship: /xl/worksheets/_rels/sheet1.xml.rels
09:06:37.628 [main] DEBUG org.apache.poi.openxml4j.opc.PackageRelationshipCollection.parseRelationshipsPart(PackageRelationshipCollection.java:307)oggger - Parsing relationship: /xl/worksheets/_rels/sheet2.xml.rels
09:06:37.630 [main] DEBUG org.apache.poi.openxml4j.opc.PackageRelationshipCollection.parseRelationshipsPart(PackageRelationshipCollection.java:307)oggger - Parsing relationship: /xl/worksheets/_rels/sheet3.xml.rels
09:06:37.630 [main] DEBUG org.apache.poi.openxml4j.opc.PackageRelationshipCollection.parseRelationshipsPart(PackageRelationshipCollection.java:307)oggger - Parsing relationship: /_rels/.rels
09:06:37.642 [main] DEBUG org.apache.poi.ooxml.POIXMLFactory.createDocumentPart(POIXMLFactory.java:65)oggger - using default POIXMLDocumentPart for http://schemas.openxmlformats.org/officeDocument/2006/relationships/printerSettings
09:06:37.656 [main] DEBUG org.apache.poi.openxml4j.opc.PackageRelationshipCollection.parseRelationshipsPart(PackageRelationshipCollection.java:307)oggger - Parsing relationship: /xl/_rels/workbook.xml.rels
09:06:37.668 [main] DEBUG org.apache.poi.openxml4j.opc.PackageRelationshipCollection.parseRelationshipsPart(PackageRelationshipCollection.java:307)oggger - Parsing relationship: /xl/worksheets/_rels/sheet1.xml.rels
09:06:37.670 [main] DEBUG org.apache.poi.openxml4j.opc.PackageRelationshipCollection.parseRelationshipsPart(PackageRelationshipCollection.java:307)oggger - Parsing relationship: /xl/worksheets/_rels/sheet2.xml.rels
09:06:37.670 [main] DEBUG org.apache.poi.openxml4j.opc.PackageRelationshipCollection.parseRelationshipsPart(PackageRelationshipCollection.java:307)oggger - Parsing relationship: /xl/worksheets/_rels/sheet3.xml.rels
09:06:37.672 [main] DEBUG org.apache.poi.openxml4j.opc.PackageRelationshipCollection.parseRelationshipsPart(PackageRelationshipCollection.java:307)oggger - Parsing relationship: /_rels/.rels
09:06:37.677 [main] DEBUG org.apache.poi.ooxml.POIXMLFactory.createDocumentPart(POIXMLFactory.java:65)oggger - using default POIXMLDocumentPart for http://schemas.openxmlformats.org/officeDocument/2006/relationships/printerSettings
09:06:37.717 [main] INFO  testClasses.TC003_LoginDDT.testLoginDDT(TC003_LoginDDT.java:26)oggger - ******Tesing TC003_LoginDDT started*******
09:06:38.293 [main] INFO  testClasses.TC003_LoginDDT.testLoginDDT(TC003_LoginDDT.java:32)oggger - ******On login page *******
09:06:40.104 [main] INFO  testClasses.TC003_LoginDDT.testLoginDDT(TC003_LoginDDT.java:38)oggger - ******on my account page*******
09:06:40.854 [main] INFO  testClasses.TC003_LoginDDT.testLoginDDT(TC003_LoginDDT.java:47)oggger - ****Logged in with valid data successufully*******
09:06:40.858 [main] INFO  testClasses.TC003_LoginDDT.testLoginDDT(TC003_LoginDDT.java:74)oggger - ********Testing TC003_LoginDDT completed********
09:06:40.865 [main] INFO  testClasses.TC003_LoginDDT.testLoginDDT(TC003_LoginDDT.java:26)oggger - ******Tesing TC003_LoginDDT started*******
09:06:41.289 [main] INFO  testClasses.TC003_LoginDDT.testLoginDDT(TC003_LoginDDT.java:32)oggger - ******On login page *******
09:06:42.336 [main] INFO  testClasses.TC003_LoginDDT.testLoginDDT(TC003_LoginDDT.java:38)oggger - ******on my account page*******
09:06:52.366 [main] INFO  testClasses.TC003_LoginDDT.testLoginDDT(TC003_LoginDDT.java:62)oggger - ****Not Logged in with Invalid data *******
09:06:52.366 [main] INFO  testClasses.TC003_LoginDDT.testLoginDDT(TC003_LoginDDT.java:74)oggger - ********Testing TC003_LoginDDT completed********
09:06:52.381 [main] INFO  testClasses.TC003_LoginDDT.testLoginDDT(TC003_LoginDDT.java:26)oggger - ******Tesing TC003_LoginDDT started*******
09:06:52.792 [main] INFO  testClasses.TC003_LoginDDT.testLoginDDT(TC003_LoginDDT.java:32)oggger - ******On login page *******
09:06:52.952 [main] INFO  testClasses.TC003_LoginDDT.testLoginDDT(TC003_LoginDDT.java:38)oggger - ******on my account page*******
09:06:54.773 [main] INFO  testClasses.TC003_LoginDDT.testLoginDDT(TC003_LoginDDT.java:47)oggger - ****Logged in with valid data successufully*******
09:06:54.773 [main] INFO  testClasses.TC003_LoginDDT.testLoginDDT(TC003_LoginDDT.java:74)oggger - ********Testing TC003_LoginDDT completed********
09:06:54.787 [main] INFO  testClasses.TC003_LoginDDT.testLoginDDT(TC003_LoginDDT.java:26)oggger - ******Tesing TC003_LoginDDT started*******
09:06:55.200 [main] INFO  testClasses.TC003_LoginDDT.testLoginDDT(TC003_LoginDDT.java:32)oggger - ******On login page *******
09:06:55.391 [main] INFO  testClasses.TC003_LoginDDT.testLoginDDT(TC003_LoginDDT.java:38)oggger - ******on my account page*******
09:06:57.195 [main] INFO  testClasses.TC003_LoginDDT.testLoginDDT(TC003_LoginDDT.java:59)oggger - ****Logged in with Invalid data successufully*******
09:06:57.202 [main] ERROR testClasses.TC003_LoginDDT.testLoginDDT(TC003_LoginDDT.java:69)oggger - ****Error Logs****expected [true] but found [false]
09:06:57.208 [main] ERROR baseTest.BaseTest.captureBrowserConsoleLogs(BaseTest.java:131)oggger - --- CAPTURING CHROME BROWSER CONSOLE LOGS ---
09:06:57.223 [main] INFO  testClasses.TC003_LoginDDT.testLoginDDT(TC003_LoginDDT.java:26)oggger - ******Tesing TC003_LoginDDT started*******
09:06:57.633 [main] INFO  testClasses.TC003_LoginDDT.testLoginDDT(TC003_LoginDDT.java:32)oggger - ******On login page *******
09:06:57.854 [main] INFO  testClasses.TC003_LoginDDT.testLoginDDT(TC003_LoginDDT.java:38)oggger - ******on my account page*******
09:07:07.880 [main] INFO  testClasses.TC003_LoginDDT.testLoginDDT(TC003_LoginDDT.java:50)oggger - ****Not Logged in with valid data *******
09:07:07.880 [main] ERROR testClasses.TC003_LoginDDT.testLoginDDT(TC003_LoginDDT.java:69)oggger - ****Error Logs****expected [true] but found [false]
09:07:07.880 [main] ERROR baseTest.BaseTest.captureBrowserConsoleLogs(BaseTest.java:131)oggger - --- CAPTURING CHROME BROWSER CONSOLE LOGS ---
03:00:21.819 [main] DEBUG org.testng.log4testng.Logger.debug(Logger.java:82)oggger - suiteXmlPath: "C:\Users\VedaB\eclipse-workspace\OpenCartV121\grouping.xml"
03:00:23.033 [main] INFO  org.testng.log4testng.Logger.info(Logger.java:112)oggger - [TestNG] Running:
  C:\Users\VedaB\eclipse-workspace\OpenCartV121\grouping.xml

03:00:30.350 [main] INFO  testClasses.TC001_RegisterTest.testRegisteration(TC001_RegisterTest.java:16)oggger - ******Testing TC001_RegisterTest*******
03:00:30.457 [main] INFO  testClasses.TC001_RegisterTest.testRegisteration(TC001_RegisterTest.java:20)oggger - Clicked on My account link
03:00:31.069 [main] INFO  testClasses.TC001_RegisterTest.testRegisteration(TC001_RegisterTest.java:22)oggger - Clicked on Register link
03:00:31.071 [main] INFO  testClasses.TC001_RegisterTest.testRegisteration(TC001_RegisterTest.java:25)oggger - Providing customer details.....
03:00:34.951 [main] INFO  testClasses.TC001_RegisterTest.testRegisteration(TC001_RegisterTest.java:51)oggger - Validating expected message
03:00:34.968 [main] INFO  testClasses.TC001_RegisterTest.testRegisteration(TC001_RegisterTest.java:71)oggger - *******Finished testing**********
03:00:38.186 [main] INFO  testClasses.TC002_LoginTest.testLogin(TC002_LoginTest.java:16)oggger - *****TC002_LoginTest execution started*******
03:00:47.836 [main] INFO  testClasses.TC002_LoginTest.testLogin(TC002_LoginTest.java:29)oggger - ******Validation*******
03:00:47.852 [main] INFO  testClasses.TC002_LoginTest.testLogin(TC002_LoginTest.java:41)oggger - ****Testing TC002_LoginTest completed *******
03:01:19.903 [main] DEBUG org.testng.log4testng.Logger.debug(Logger.java:82)oggger - suiteXmlPath: "C:\Users\VedaB\eclipse-workspace\OpenCartV121\grouping.xml"
03:01:20.726 [main] INFO  org.testng.log4testng.Logger.info(Logger.java:112)oggger - [TestNG] Running:
  C:\Users\VedaB\eclipse-workspace\OpenCartV121\grouping.xml

03:01:24.963 [main] INFO  testClasses.TC002_LoginTest.testLogin(TC002_LoginTest.java:16)oggger - *****TC002_LoginTest execution started*******
03:01:34.608 [main] INFO  testClasses.TC002_LoginTest.testLogin(TC002_LoginTest.java:29)oggger - ******Validation*******
03:01:34.643 [main] INFO  testClasses.TC002_LoginTest.testLogin(TC002_LoginTest.java:41)oggger - ****Testing TC002_LoginTest completed *******
03:02:14.982 [main] DEBUG org.testng.log4testng.Logger.debug(Logger.java:82)oggger - suiteXmlPath: "C:\Users\VedaB\eclipse-workspace\OpenCartV121\grouping.xml"
03:02:15.746 [main] INFO  org.testng.log4testng.Logger.info(Logger.java:112)oggger - [TestNG] Running:
  C:\Users\VedaB\eclipse-workspace\OpenCartV121\grouping.xml

03:02:19.675 [main] INFO  testClasses.TC001_RegisterTest.testRegisteration(TC001_RegisterTest.java:16)oggger - ******Testing TC001_RegisterTest*******
03:02:19.780 [main] INFO  testClasses.TC001_RegisterTest.testRegisteration(TC001_RegisterTest.java:20)oggger - Clicked on My account link
03:02:20.361 [main] INFO  testClasses.TC001_RegisterTest.testRegisteration(TC001_RegisterTest.java:22)oggger - Clicked on Register link
03:02:20.361 [main] INFO  testClasses.TC001_RegisterTest.testRegisteration(TC001_RegisterTest.java:25)oggger - Providing customer details.....
03:02:21.872 [main] INFO  testClasses.TC001_RegisterTest.testRegisteration(TC001_RegisterTest.java:51)oggger - Validating expected message
03:02:22.491 [main] INFO  testClasses.TC001_RegisterTest.testRegisteration(TC001_RegisterTest.java:71)oggger - *******Finished testing**********
06:39:52.301 [main] DEBUG org.testng.log4testng.Logger.debug(Logger.java:82)oggger - suiteXmlPath: "C:\Users\VedaB\eclipse-workspace\OpenCartV121\grouping.xml"
06:39:53.138 [main] INFO  org.testng.log4testng.Logger.info(Logger.java:112)oggger - [TestNG] Running:
  C:\Users\VedaB\eclipse-workspace\OpenCartV121\grouping.xml

06:39:58.506 [main] INFO  testClasses.TC001_RegisterTest.testRegisteration(TC001_RegisterTest.java:16)oggger - ******Testing TC001_RegisterTest*******
06:39:58.619 [main] INFO  testClasses.TC001_RegisterTest.testRegisteration(TC001_RegisterTest.java:20)oggger - Clicked on My account link
06:39:59.270 [main] INFO  testClasses.TC001_RegisterTest.testRegisteration(TC001_RegisterTest.java:22)oggger - Clicked on Register link
06:39:59.273 [main] INFO  testClasses.TC001_RegisterTest.testRegisteration(TC001_RegisterTest.java:25)oggger - Providing customer details.....
06:40:00.837 [main] INFO  testClasses.TC001_RegisterTest.testRegisteration(TC001_RegisterTest.java:51)oggger - Validating expected message
06:40:01.194 [main] INFO  testClasses.TC001_RegisterTest.testRegisteration(TC001_RegisterTest.java:71)oggger - *******Finished testing**********
06:40:05.365 [main] INFO  testClasses.TC002_LoginTest.testLogin(TC002_LoginTest.java:16)oggger - *****TC002_LoginTest execution started*******
06:40:24.067 [main] INFO  testClasses.TC002_LoginTest.testLogin(TC002_LoginTest.java:29)oggger - ******Validation*******
06:40:24.099 [main] INFO  testClasses.TC002_LoginTest.testLogin(TC002_LoginTest.java:41)oggger - ****Testing TC002_LoginTest completed *******
06:47:50.148 [main] DEBUG org.testng.log4testng.Logger.debug(Logger.java:82)oggger - suiteXmlPath: "C:\Users\VedaB\eclipse-workspace\OpenCartV121\grouping.xml"
06:47:50.899 [main] INFO  org.testng.log4testng.Logger.info(Logger.java:112)oggger - [TestNG] Running:
  C:\Users\VedaB\eclipse-workspace\OpenCartV121\grouping.xml

06:47:55.108 [main] INFO  testClasses.TC001_RegisterTest.testRegisteration(TC001_RegisterTest.java:16)oggger - ******Testing TC001_RegisterTest*******
06:47:55.207 [main] INFO  testClasses.TC001_RegisterTest.testRegisteration(TC001_RegisterTest.java:20)oggger - Clicked on My account link
06:47:55.830 [main] INFO  testClasses.TC001_RegisterTest.testRegisteration(TC001_RegisterTest.java:22)oggger - Clicked on Register link
06:47:55.832 [main] INFO  testClasses.TC001_RegisterTest.testRegisteration(TC001_RegisterTest.java:25)oggger - Providing customer details.....
06:47:58.724 [main] INFO  testClasses.TC001_RegisterTest.testRegisteration(TC001_RegisterTest.java:51)oggger - Validating expected message
06:47:58.740 [main] INFO  testClasses.TC001_RegisterTest.testRegisteration(TC001_RegisterTest.java:71)oggger - *******Finished testing**********
06:48:02.146 [main] INFO  testClasses.TC002_LoginTest.testLogin(TC002_LoginTest.java:16)oggger - *****TC002_LoginTest execution started*******
06:48:11.844 [main] INFO  testClasses.TC002_LoginTest.testLogin(TC002_LoginTest.java:29)oggger - ******Validation*******
06:48:11.874 [main] INFO  testClasses.TC002_LoginTest.testLogin(TC002_LoginTest.java:41)oggger - ****Testing TC002_LoginTest completed *******
06:52:58.775 [main] DEBUG org.testng.log4testng.Logger.debug(Logger.java:82)oggger - suiteXmlPath: "C:\Users\VedaB\eclipse-workspace\OpenCartV121\grouping.xml"
06:52:59.530 [main] INFO  org.testng.log4testng.Logger.info(Logger.java:112)oggger - [TestNG] Running:
  C:\Users\VedaB\eclipse-workspace\OpenCartV121\grouping.xml

06:53:03.684 [main] INFO  testClasses.TC001_RegisterTest.testRegisteration(TC001_RegisterTest.java:16)oggger - ******Testing TC001_RegisterTest*******
06:53:03.787 [main] INFO  testClasses.TC001_RegisterTest.testRegisteration(TC001_RegisterTest.java:20)oggger - Clicked on My account link
06:53:04.385 [main] INFO  testClasses.TC001_RegisterTest.testRegisteration(TC001_RegisterTest.java:22)oggger - Clicked on Register link
06:53:04.388 [main] INFO  testClasses.TC001_RegisterTest.testRegisteration(TC001_RegisterTest.java:25)oggger - Providing customer details.....
06:53:05.893 [main] INFO  testClasses.TC001_RegisterTest.testRegisteration(TC001_RegisterTest.java:51)oggger - Validating expected message
06:53:06.368 [main] INFO  testClasses.TC001_RegisterTest.testRegisteration(TC001_RegisterTest.java:71)oggger - *******Finished testing**********
06:53:09.623 [main] INFO  testClasses.TC002_LoginTest.testLogin(TC002_LoginTest.java:16)oggger - *****TC002_LoginTest execution started*******
06:53:19.276 [main] INFO  testClasses.TC002_LoginTest.testLogin(TC002_LoginTest.java:29)oggger - ******Validation*******
06:53:19.292 [main] INFO  testClasses.TC002_LoginTest.testLogin(TC002_LoginTest.java:41)oggger - ****Testing TC002_LoginTest completed *******
06:55:11.589 [main] DEBUG org.testng.log4testng.Logger.debug(Logger.java:82)oggger - suiteXmlPath: "C:\Users\VedaB\eclipse-workspace\OpenCartV121\grouping.xml"
06:55:12.355 [main] INFO  org.testng.log4testng.Logger.info(Logger.java:112)oggger - [TestNG] Running:
  C:\Users\VedaB\eclipse-workspace\OpenCartV121\grouping.xml

06:55:16.395 [main] INFO  testClasses.TC001_RegisterTest.testRegisteration(TC001_RegisterTest.java:16)oggger - ******Testing TC001_RegisterTest*******
06:55:16.497 [main] INFO  testClasses.TC001_RegisterTest.testRegisteration(TC001_RegisterTest.java:20)oggger - Clicked on My account link
06:55:17.108 [main] INFO  testClasses.TC001_RegisterTest.testRegisteration(TC001_RegisterTest.java:22)oggger - Clicked on Register link
06:55:17.112 [main] INFO  testClasses.TC001_RegisterTest.testRegisteration(TC001_RegisterTest.java:25)oggger - Providing customer details.....
06:55:19.865 [main] INFO  testClasses.TC001_RegisterTest.testRegisteration(TC001_RegisterTest.java:51)oggger - Validating expected message
06:55:19.881 [main] INFO  testClasses.TC001_RegisterTest.testRegisteration(TC001_RegisterTest.java:71)oggger - *******Finished testing**********
06:55:23.077 [main] INFO  testClasses.TC002_LoginTest.testLogin(TC002_LoginTest.java:16)oggger - *****TC002_LoginTest execution started*******
06:55:32.722 [main] INFO  testClasses.TC002_LoginTest.testLogin(TC002_LoginTest.java:29)oggger - ******Validation*******
06:55:32.745 [main] INFO  testClasses.TC002_LoginTest.testLogin(TC002_LoginTest.java:41)oggger - ****Testing TC002_LoginTest completed *******
06:58:29.393 [main] DEBUG org.testng.log4testng.Logger.debug(Logger.java:82)oggger - suiteXmlPath: "C:\Users\VedaB\eclipse-workspace\OpenCartV121\grouping.xml"
06:58:30.245 [main] INFO  org.testng.log4testng.Logger.info(Logger.java:112)oggger - [TestNG] Running:
  C:\Users\VedaB\eclipse-workspace\OpenCartV121\grouping.xml

06:58:34.383 [main] INFO  testClasses.TC001_RegisterTest.testRegisteration(TC001_RegisterTest.java:16)oggger - ******Testing TC001_RegisterTest*******
06:58:34.491 [main] INFO  testClasses.TC001_RegisterTest.testRegisteration(TC001_RegisterTest.java:20)oggger - Clicked on My account link
06:58:35.092 [main] INFO  testClasses.TC001_RegisterTest.testRegisteration(TC001_RegisterTest.java:22)oggger - Clicked on Register link
06:58:35.096 [main] INFO  testClasses.TC001_RegisterTest.testRegisteration(TC001_RegisterTest.java:25)oggger - Providing customer details.....
06:58:38.025 [main] INFO  testClasses.TC001_RegisterTest.testRegisteration(TC001_RegisterTest.java:51)oggger - Validating expected message
06:58:38.041 [main] INFO  testClasses.TC001_RegisterTest.testRegisteration(TC001_RegisterTest.java:71)oggger - *******Finished testing**********
06:58:41.346 [main] INFO  testClasses.TC002_LoginTest.testLogin(TC002_LoginTest.java:16)oggger - *****TC002_LoginTest execution started*******
06:58:51.038 [main] INFO  testClasses.TC002_LoginTest.testLogin(TC002_LoginTest.java:29)oggger - ******Validation*******
06:58:51.065 [main] INFO  testClasses.TC002_LoginTest.testLogin(TC002_LoginTest.java:41)oggger - ****Testing TC002_LoginTest completed *******
07:43:00.729 [main] DEBUG org.testng.log4testng.Logger.debug(Logger.java:82)oggger - suiteXmlPath: "C:\Users\VedaB\eclipse-workspace\OpenCartV121\grouping.xml"
07:43:01.591 [main] INFO  org.testng.log4testng.Logger.info(Logger.java:112)oggger - [TestNG] Running:
  C:\Users\VedaB\eclipse-workspace\OpenCartV121\grouping.xml

07:43:06.243 [main] INFO  testClasses.TC001_RegisterTest.testRegisteration(TC001_RegisterTest.java:16)oggger - ******Testing TC001_RegisterTest*******
07:43:06.371 [main] INFO  testClasses.TC001_RegisterTest.testRegisteration(TC001_RegisterTest.java:20)oggger - Clicked on My account link
07:43:07.043 [main] INFO  testClasses.TC001_RegisterTest.testRegisteration(TC001_RegisterTest.java:22)oggger - Clicked on Register link
07:43:07.048 [main] INFO  testClasses.TC001_RegisterTest.testRegisteration(TC001_RegisterTest.java:25)oggger - Providing customer details.....
07:43:08.576 [main] INFO  testClasses.TC001_RegisterTest.testRegisteration(TC001_RegisterTest.java:51)oggger - Validating expected message
07:43:10.059 [main] INFO  testClasses.TC001_RegisterTest.testRegisteration(TC001_RegisterTest.java:71)oggger - *******Finished testing**********
07:43:13.794 [main] INFO  testClasses.TC002_LoginTest.testLogin(TC002_LoginTest.java:16)oggger - *****TC002_LoginTest execution started*******
07:43:24.851 [main] INFO  testClasses.TC002_LoginTest.testLogin(TC002_LoginTest.java:29)oggger - ******Validation*******
07:43:24.972 [main] INFO  testClasses.TC002_LoginTest.testLogin(TC002_LoginTest.java:41)oggger - ****Testing TC002_LoginTest completed *******
10:37:12.715 [main] DEBUG org.testng.log4testng.Logger.debug(Logger.java:82)oggger - suiteXmlPath: "C:\Users\VedaB\eclipse-workspace\OpenCartV121\grouping.xml"
10:37:13.572 [main] INFO  org.testng.log4testng.Logger.info(Logger.java:112)oggger - [TestNG] Running:
  C:\Users\VedaB\eclipse-workspace\OpenCartV121\grouping.xml

10:37:18.516 [main] INFO  testClasses.TC001_RegisterTest.testRegisteration(TC001_RegisterTest.java:16)oggger - ******Testing TC001_RegisterTest*******
10:37:18.636 [main] INFO  testClasses.TC001_RegisterTest.testRegisteration(TC001_RegisterTest.java:20)oggger - Clicked on My account link
10:37:19.256 [main] INFO  testClasses.TC001_RegisterTest.testRegisteration(TC001_RegisterTest.java:22)oggger - Clicked on Register link
10:37:19.258 [main] INFO  testClasses.TC001_RegisterTest.testRegisteration(TC001_RegisterTest.java:25)oggger - Providing customer details.....
10:37:22.515 [main] INFO  testClasses.TC001_RegisterTest.testRegisteration(TC001_RegisterTest.java:51)oggger - Validating expected message
10:37:22.531 [main] INFO  testClasses.TC001_RegisterTest.testRegisteration(TC001_RegisterTest.java:71)oggger - *******Finished testing**********
10:37:26.258 [main] INFO  testClasses.TC002_LoginTest.testLogin(TC002_LoginTest.java:16)oggger - *****TC002_LoginTest execution started*******
10:37:35.982 [main] INFO  testClasses.TC002_LoginTest.testLogin(TC002_LoginTest.java:29)oggger - ******Validation*******
10:37:36.022 [main] INFO  testClasses.TC002_LoginTest.testLogin(TC002_LoginTest.java:41)oggger - ****Testing TC002_LoginTest completed *******
10:42:37.230 [main] DEBUG org.testng.log4testng.Logger.debug(Logger.java:82)oggger - suiteXmlPath: "C:\Users\VedaB\eclipse-workspace\OpenCartV121\grouping.xml"
10:42:38.003 [main] INFO  org.testng.log4testng.Logger.info(Logger.java:112)oggger - [TestNG] Running:
  C:\Users\VedaB\eclipse-workspace\OpenCartV121\grouping.xml

10:42:42.186 [main] INFO  testClasses.TC001_RegisterTest.testRegisteration(TC001_RegisterTest.java:16)oggger - ******Testing TC001_RegisterTest*******
10:42:42.291 [main] INFO  testClasses.TC001_RegisterTest.testRegisteration(TC001_RegisterTest.java:20)oggger - Clicked on My account link
10:42:42.944 [main] INFO  testClasses.TC001_RegisterTest.testRegisteration(TC001_RegisterTest.java:22)oggger - Clicked on Register link
10:42:42.949 [main] INFO  testClasses.TC001_RegisterTest.testRegisteration(TC001_RegisterTest.java:25)oggger - Providing customer details.....
10:42:44.530 [main] INFO  testClasses.TC001_RegisterTest.testRegisteration(TC001_RegisterTest.java:51)oggger - Validating expected message
10:42:46.077 [main] INFO  testClasses.TC001_RegisterTest.testRegisteration(TC001_RegisterTest.java:71)oggger - *******Finished testing**********
10:42:49.565 [main] INFO  testClasses.TC002_LoginTest.testLogin(TC002_LoginTest.java:16)oggger - *****TC002_LoginTest execution started*******
10:43:00.289 [main] INFO  testClasses.TC002_LoginTest.testLogin(TC002_LoginTest.java:29)oggger - ******Validation*******
10:43:00.372 [main] INFO  testClasses.TC002_LoginTest.testLogin(TC002_LoginTest.java:41)oggger - ****Testing TC002_LoginTest completed *******
10:45:27.173 [main] DEBUG org.testng.log4testng.Logger.debug(Logger.java:82)oggger - suiteXmlPath: "C:\Users\VedaB\eclipse-workspace\OpenCartV121\grouping.xml"
10:45:27.969 [main] INFO  org.testng.log4testng.Logger.info(Logger.java:112)oggger - [TestNG] Running:
  C:\Users\VedaB\eclipse-workspace\OpenCartV121\grouping.xml

10:45:32.301 [main] INFO  testClasses.TC001_RegisterTest.testRegisteration(TC001_RegisterTest.java:16)oggger - ******Testing TC001_RegisterTest*******
10:45:32.426 [main] INFO  testClasses.TC001_RegisterTest.testRegisteration(TC001_RegisterTest.java:20)oggger - Clicked on My account link
10:45:33.096 [main] INFO  testClasses.TC001_RegisterTest.testRegisteration(TC001_RegisterTest.java:22)oggger - Clicked on Register link
10:45:33.101 [main] INFO  testClasses.TC001_RegisterTest.testRegisteration(TC001_RegisterTest.java:25)oggger - Providing customer details.....
10:45:35.983 [main] INFO  testClasses.TC001_RegisterTest.testRegisteration(TC001_RegisterTest.java:51)oggger - Validating expected message
10:45:36.005 [main] INFO  testClasses.TC001_RegisterTest.testRegisteration(TC001_RegisterTest.java:71)oggger - *******Finished testing**********
10:45:39.790 [main] INFO  testClasses.TC002_LoginTest.testLogin(TC002_LoginTest.java:16)oggger - *****TC002_LoginTest execution started*******
10:45:50.639 [main] INFO  testClasses.TC002_LoginTest.testLogin(TC002_LoginTest.java:29)oggger - ******Validation*******
10:45:50.738 [main] INFO  testClasses.TC002_LoginTest.testLogin(TC002_LoginTest.java:41)oggger - ****Testing TC002_LoginTest completed *******
10:48:08.105 [main] DEBUG org.testng.log4testng.Logger.debug(Logger.java:82)oggger - suiteXmlPath: "C:\Users\VedaB\eclipse-workspace\OpenCartV121\grouping.xml"
10:48:08.965 [main] INFO  org.testng.log4testng.Logger.info(Logger.java:112)oggger - [TestNG] Running:
  C:\Users\VedaB\eclipse-workspace\OpenCartV121\grouping.xml

10:48:13.329 [main] INFO  testClasses.TC001_RegisterTest.testRegisteration(TC001_RegisterTest.java:16)oggger - ******Testing TC001_RegisterTest*******
10:48:13.412 [main] INFO  testClasses.TC001_RegisterTest.testRegisteration(TC001_RegisterTest.java:20)oggger - Clicked on My account link
10:48:14.021 [main] INFO  testClasses.TC001_RegisterTest.testRegisteration(TC001_RegisterTest.java:22)oggger - Clicked on Register link
10:48:14.025 [main] INFO  testClasses.TC001_RegisterTest.testRegisteration(TC001_RegisterTest.java:25)oggger - Providing customer details.....
10:48:16.722 [main] INFO  testClasses.TC001_RegisterTest.testRegisteration(TC001_RegisterTest.java:51)oggger - Validating expected message
10:48:16.737 [main] INFO  testClasses.TC001_RegisterTest.testRegisteration(TC001_RegisterTest.java:71)oggger - *******Finished testing**********
10:48:20.231 [main] INFO  testClasses.TC002_LoginTest.testLogin(TC002_LoginTest.java:16)oggger - *****TC002_LoginTest execution started*******
10:48:29.905 [main] INFO  testClasses.TC002_LoginTest.testLogin(TC002_LoginTest.java:29)oggger - ******Validation*******
10:48:29.951 [main] INFO  testClasses.TC002_LoginTest.testLogin(TC002_LoginTest.java:41)oggger - ****Testing TC002_LoginTest completed *******
10:51:15.404 [main] DEBUG org.testng.log4testng.Logger.debug(Logger.java:82)oggger - suiteXmlPath: "C:\Users\VedaB\eclipse-workspace\OpenCartV121\grouping.xml"
10:51:16.224 [main] INFO  org.testng.log4testng.Logger.info(Logger.java:112)oggger - [TestNG] Running:
  C:\Users\VedaB\eclipse-workspace\OpenCartV121\grouping.xml

10:51:20.448 [main] INFO  testClasses.TC001_RegisterTest.testRegisteration(TC001_RegisterTest.java:16)oggger - ******Testing TC001_RegisterTest*******
10:51:20.581 [main] INFO  testClasses.TC001_RegisterTest.testRegisteration(TC001_RegisterTest.java:20)oggger - Clicked on My account link
10:51:21.174 [main] INFO  testClasses.TC001_RegisterTest.testRegisteration(TC001_RegisterTest.java:22)oggger - Clicked on Register link
10:51:21.180 [main] INFO  testClasses.TC001_RegisterTest.testRegisteration(TC001_RegisterTest.java:25)oggger - Providing customer details.....
10:51:22.679 [main] INFO  testClasses.TC001_RegisterTest.testRegisteration(TC001_RegisterTest.java:51)oggger - Validating expected message
10:51:23.541 [main] INFO  testClasses.TC001_RegisterTest.testRegisteration(TC001_RegisterTest.java:71)oggger - *******Finished testing**********
10:51:26.766 [main] INFO  testClasses.TC002_LoginTest.testLogin(TC002_LoginTest.java:16)oggger - *****TC002_LoginTest execution started*******
10:51:37.776 [main] INFO  testClasses.TC002_LoginTest.testLogin(TC002_LoginTest.java:29)oggger - ******Validation*******
10:51:37.855 [main] INFO  testClasses.TC002_LoginTest.testLogin(TC002_LoginTest.java:41)oggger - ****Testing TC002_LoginTest completed *******
10:53:51.449 [main] DEBUG org.testng.log4testng.Logger.debug(Logger.java:82)oggger - suiteXmlPath: "C:\Users\VedaB\eclipse-workspace\OpenCartV121\grouping.xml"
10:53:52.230 [main] INFO  org.testng.log4testng.Logger.info(Logger.java:112)oggger - [TestNG] Running:
  C:\Users\VedaB\eclipse-workspace\OpenCartV121\grouping.xml

10:53:56.248 [main] INFO  testClasses.TC001_RegisterTest.testRegisteration(TC001_RegisterTest.java:16)oggger - ******Testing TC001_RegisterTest*******
10:53:56.349 [main] INFO  testClasses.TC001_RegisterTest.testRegisteration(TC001_RegisterTest.java:20)oggger - Clicked on My account link
10:53:56.938 [main] INFO  testClasses.TC001_RegisterTest.testRegisteration(TC001_RegisterTest.java:22)oggger - Clicked on Register link
10:53:56.943 [main] INFO  testClasses.TC001_RegisterTest.testRegisteration(TC001_RegisterTest.java:25)oggger - Providing customer details.....
10:53:58.444 [main] INFO  testClasses.TC001_RegisterTest.testRegisteration(TC001_RegisterTest.java:51)oggger - Validating expected message
10:53:59.025 [main] INFO  testClasses.TC001_RegisterTest.testRegisteration(TC001_RegisterTest.java:71)oggger - *******Finished testing**********
10:54:02.303 [main] INFO  testClasses.TC002_LoginTest.testLogin(TC002_LoginTest.java:16)oggger - *****TC002_LoginTest execution started*******
10:54:11.973 [main] INFO  testClasses.TC002_LoginTest.testLogin(TC002_LoginTest.java:29)oggger - ******Validation*******
10:54:22.043 [main] ERROR testClasses.TC002_LoginTest.testLogin(TC002_LoginTest.java:35)oggger - ****Error Logs****expected [true] but found [false]
10:54:22.059 [main] ERROR baseTest.BaseTest.captureBrowserConsoleLogs(BaseTest.java:135)oggger - --- CAPTURING CHROME BROWSER CONSOLE LOGS ---
10:54:22.059 [main] INFO  testClasses.TC002_LoginTest.testLogin(TC002_LoginTest.java:41)oggger - ****Testing TC002_LoginTest completed *******
10:55:44.632 [main] DEBUG org.testng.log4testng.Logger.debug(Logger.java:82)oggger - suiteXmlPath: "C:\Users\VedaB\eclipse-workspace\OpenCartV121\crossbrowsertesting.xml"
10:55:45.380 [main] INFO  org.testng.log4testng.Logger.info(Logger.java:112)oggger - [TestNG] Running:
  C:\Users\VedaB\eclipse-workspace\OpenCartV121\crossbrowsertesting.xml

10:55:52.622 [TestNG-tests-1] INFO  testClasses.TC001_RegisterTest.testRegisteration(TC001_RegisterTest.java:16)oggger - ******Testing TC001_RegisterTest*******
10:55:52.624 [TestNG-tests-2] INFO  testClasses.TC001_RegisterTest.testRegisteration(TC001_RegisterTest.java:16)oggger - ******Testing TC001_RegisterTest*******
10:55:52.825 [TestNG-tests-2] INFO  testClasses.TC001_RegisterTest.testRegisteration(TC001_RegisterTest.java:20)oggger - Clicked on My account link
10:55:52.928 [TestNG-tests-1] INFO  testClasses.TC001_RegisterTest.testRegisteration(TC001_RegisterTest.java:20)oggger - Clicked on My account link
10:55:59.568 [TestNG-tests-3] INFO  testClasses.TC001_RegisterTest.testRegisteration(TC001_RegisterTest.java:16)oggger - ******Testing TC001_RegisterTest*******
10:55:59.713 [TestNG-tests-3] INFO  testClasses.TC001_RegisterTest.testRegisteration(TC001_RegisterTest.java:20)oggger - Clicked on My account link
10:56:00.446 [TestNG-tests-3] INFO  testClasses.TC001_RegisterTest.testRegisteration(TC001_RegisterTest.java:22)oggger - Clicked on Register link
10:56:00.465 [TestNG-tests-3] INFO  testClasses.TC001_RegisterTest.testRegisteration(TC001_RegisterTest.java:25)oggger - Providing customer details.....
10:56:03.103 [TestNG-tests-2] ERROR testClasses.TC001_RegisterTest.testRegisteration(TC001_RegisterTest.java:62)oggger - test failed
10:56:03.103 [TestNG-tests-2] DEBUG testClasses.TC001_RegisterTest.testRegisteration(TC001_RegisterTest.java:63)oggger - Debug logs....
10:56:03.663 [TestNG-tests-2] ERROR baseTest.BaseTest.captureBrowserConsoleLogs(BaseTest.java:140)oggger - Could not fetch browser logs: HTTP method not allowed
Command duration or timeout: 557 milliseconds
Build info: version: '4.48.0', revision: '27f5213 27f5213055e28398a5105b7892b7a3bb2012a6ef'
System info: os.name: 'Windows Server 2025', os.arch: 'amd64', os.version: '10.0', java.version: '17.0.20.1'
Driver info: org.openqa.selenium.firefox.FirefoxDriver
Command: [bc5c118f-0468-4b9b-8884-3347759bbf2c, getLog {type=browser}]
Capabilities {acceptInsecureCerts: true, browserName: firefox, browserVersion: 155.0.1, moz:accessibilityChecks: false, moz:buildID: 20260903215306, moz:geckodriverVersion: 0.37.1, moz:headless: false, moz:platformVersion: 10.0, moz:processID: 16696, moz:profile: C:\Users\LOCAL_~1\Temp\rust..., moz:shutdownTimeout: 60000, moz:webdriverClick: true, moz:windowless: false, pageLoadStrategy: normal, platformName: windows, proxy: Proxy(), setWindowRect: true, strictFileInteractability: false, timeouts: {implicit: 0, pageLoad: 300000, script: 30000}, unhandledPromptBehavior: dismiss and notify, userAgent: Mozilla/5.0 (Windows NT 10....}
Session ID: bc5c118f-0468-4b9b-8884-3347759bbf2c
10:56:03.671 [TestNG-tests-2] INFO  testClasses.TC001_RegisterTest.testRegisteration(TC001_RegisterTest.java:71)oggger - *******Finished testing**********
10:56:04.670 [TestNG-tests-3] INFO  testClasses.TC001_RegisterTest.testRegisteration(TC001_RegisterTest.java:51)oggger - Validating expected message
10:56:04.827 [TestNG-tests-3] ERROR testClasses.TC001_RegisterTest.testRegisteration(TC001_RegisterTest.java:62)oggger - test failed
10:56:04.827 [TestNG-tests-3] DEBUG testClasses.TC001_RegisterTest.testRegisteration(TC001_RegisterTest.java:63)oggger - Debug logs....
10:56:04.831 [TestNG-tests-3] ERROR baseTest.BaseTest.captureBrowserConsoleLogs(BaseTest.java:140)oggger - Could not fetch browser logs: Session ID is null. Using WebDriver after calling quit()?
Build info: version: '4.48.0', revision: '27f5213 27f5213055e28398a5105b7892b7a3bb2012a6ef'
System info: os.name: 'Windows Server 2025', os.arch: 'amd64', os.version: '10.0', java.version: '17.0.20.1'
Driver info: org.openqa.selenium.firefox.FirefoxDriver
Command: [null, getLog {type=browser}]
Capabilities {acceptInsecureCerts: true, browserName: firefox, browserVersion: 155.0.1, moz:accessibilityChecks: false, moz:buildID: 20260903215306, moz:geckodriverVersion: 0.37.1, moz:headless: false, moz:platformVersion: 10.0, moz:processID: 16696, moz:profile: C:\Users\LOCAL_~1\Temp\rust..., moz:shutdownTimeout: 60000, moz:webdriverClick: true, moz:windowless: false, pageLoadStrategy: normal, platformName: windows, proxy: Proxy(), setWindowRect: true, strictFileInteractability: false, timeouts: {implicit: 0, pageLoad: 300000, script: 30000}, unhandledPromptBehavior: dismiss and notify, userAgent: Mozilla/5.0 (Windows NT 10....}
10:56:04.831 [TestNG-tests-3] INFO  testClasses.TC001_RegisterTest.testRegisteration(TC001_RegisterTest.java:71)oggger - *******Finished testing**********
10:56:13.166 [TestNG-tests-1] ERROR testClasses.TC001_RegisterTest.testRegisteration(TC001_RegisterTest.java:62)oggger - test failed
10:56:13.166 [TestNG-tests-1] DEBUG testClasses.TC001_RegisterTest.testRegisteration(TC001_RegisterTest.java:63)oggger - Debug logs....
10:56:13.166 [TestNG-tests-1] ERROR baseTest.BaseTest.captureBrowserConsoleLogs(BaseTest.java:140)oggger - Could not fetch browser logs: Session ID is null. Using WebDriver after calling quit()?
Build info: version: '4.48.0', revision: '27f5213 27f5213055e28398a5105b7892b7a3bb2012a6ef'
System info: os.name: 'Windows Server 2025', os.arch: 'amd64', os.version: '10.0', java.version: '17.0.20.1'
Driver info: org.openqa.selenium.firefox.FirefoxDriver
Command: [null, getLog {type=browser}]
Capabilities {acceptInsecureCerts: true, browserName: firefox, browserVersion: 155.0.1, moz:accessibilityChecks: false, moz:buildID: 20260903215306, moz:geckodriverVersion: 0.37.1, moz:headless: false, moz:platformVersion: 10.0, moz:processID: 16696, moz:profile: C:\Users\LOCAL_~1\Temp\rust..., moz:shutdownTimeout: 60000, moz:webdriverClick: true, moz:windowless: false, pageLoadStrategy: normal, platformName: windows, proxy: Proxy(), setWindowRect: true, strictFileInteractability: false, timeouts: {implicit: 0, pageLoad: 300000, script: 30000}, unhandledPromptBehavior: dismiss and notify, userAgent: Mozilla/5.0 (Windows NT 10....}
10:56:13.166 [TestNG-tests-1] INFO  testClasses.TC001_RegisterTest.testRegisteration(TC001_RegisterTest.java:71)oggger - *******Finished testing**********
10:56:37.099 [main] DEBUG org.testng.log4testng.Logger.debug(Logger.java:82)oggger - suiteXmlPath: "C:\Users\VedaB\eclipse-workspace\OpenCartV121\crossbrowsertesting.xml"
10:56:38.242 [main] INFO  org.testng.log4testng.Logger.info(Logger.java:112)oggger - [TestNG] Running:
  C:\Users\VedaB\eclipse-workspace\OpenCartV121\crossbrowsertesting.xml

10:56:49.246 [TestNG-tests-1] INFO  testClasses.TC001_RegisterTest.testRegisteration(TC001_RegisterTest.java:16)oggger - ******Testing TC001_RegisterTest*******
10:56:49.247 [TestNG-tests-2] INFO  testClasses.TC001_RegisterTest.testRegisteration(TC001_RegisterTest.java:16)oggger - ******Testing TC001_RegisterTest*******
10:56:49.254 [TestNG-tests-3] INFO  testClasses.TC001_RegisterTest.testRegisteration(TC001_RegisterTest.java:16)oggger - ******Testing TC001_RegisterTest*******
10:56:49.659 [TestNG-tests-3] INFO  testClasses.TC001_RegisterTest.testRegisteration(TC001_RegisterTest.java:20)oggger - Clicked on My account link
10:56:49.731 [TestNG-tests-1] INFO  testClasses.TC001_RegisterTest.testRegisteration(TC001_RegisterTest.java:20)oggger - Clicked on My account link
10:56:49.852 [TestNG-tests-2] INFO  testClasses.TC001_RegisterTest.testRegisteration(TC001_RegisterTest.java:20)oggger - Clicked on My account link
10:56:50.538 [TestNG-tests-3] INFO  testClasses.TC001_RegisterTest.testRegisteration(TC001_RegisterTest.java:22)oggger - Clicked on Register link
10:56:50.542 [TestNG-tests-3] INFO  testClasses.TC001_RegisterTest.testRegisteration(TC001_RegisterTest.java:25)oggger - Providing customer details.....
10:56:50.582 [TestNG-tests-1] ERROR testClasses.TC001_RegisterTest.testRegisteration(TC001_RegisterTest.java:62)oggger - test failed
10:56:50.582 [TestNG-tests-1] DEBUG testClasses.TC001_RegisterTest.testRegisteration(TC001_RegisterTest.java:63)oggger - Debug logs....
10:56:50.584 [TestNG-tests-2] ERROR testClasses.TC001_RegisterTest.testRegisteration(TC001_RegisterTest.java:62)oggger - test failed
10:56:50.584 [TestNG-tests-2] DEBUG testClasses.TC001_RegisterTest.testRegisteration(TC001_RegisterTest.java:63)oggger - Debug logs....
10:56:50.599 [TestNG-tests-2] ERROR baseTest.BaseTest.captureBrowserConsoleLogs(BaseTest.java:140)oggger - Could not fetch browser logs: HTTP method not allowed
Command duration or timeout: 10 milliseconds
Build info: version: '4.48.0', revision: '27f5213 27f5213055e28398a5105b7892b7a3bb2012a6ef'
System info: os.name: 'Windows Server 2025', os.arch: 'amd64', os.version: '10.0', java.version: '17.0.20.1'
Driver info: org.openqa.selenium.firefox.FirefoxDriver
Command: [b87de2f2-a093-4469-9226-a01f97df4995, getLog {type=browser}]
Capabilities {acceptInsecureCerts: true, browserName: firefox, browserVersion: 155.0.1, moz:accessibilityChecks: false, moz:buildID: 20260903215306, moz:geckodriverVersion: 0.37.1, moz:headless: false, moz:platformVersion: 10.0, moz:processID: 4020, moz:profile: C:\Users\LOCAL_~1\Temp\rust..., moz:shutdownTimeout: 60000, moz:webdriverClick: true, moz:windowless: false, pageLoadStrategy: normal, platformName: windows, proxy: Proxy(), setWindowRect: true, strictFileInteractability: false, timeouts: {implicit: 0, pageLoad: 300000, script: 30000}, unhandledPromptBehavior: dismiss and notify, userAgent: Mozilla/5.0 (Windows NT 10....}
Session ID: b87de2f2-a093-4469-9226-a01f97df4995
10:56:50.599 [TestNG-tests-2] INFO  testClasses.TC001_RegisterTest.testRegisteration(TC001_RegisterTest.java:71)oggger - *******Finished testing**********
10:56:50.601 [TestNG-tests-1] ERROR baseTest.BaseTest.captureBrowserConsoleLogs(BaseTest.java:140)oggger - Could not fetch browser logs: HTTP method not allowed
Command duration or timeout: 17 milliseconds
Build info: version: '4.48.0', revision: '27f5213 27f5213055e28398a5105b7892b7a3bb2012a6ef'
System info: os.name: 'Windows Server 2025', os.arch: 'amd64', os.version: '10.0', java.version: '17.0.20.1'
Driver info: org.openqa.selenium.firefox.FirefoxDriver
Command: [b87de2f2-a093-4469-9226-a01f97df4995, getLog {type=browser}]
Capabilities {acceptInsecureCerts: true, browserName: firefox, browserVersion: 155.0.1, moz:accessibilityChecks: false, moz:buildID: 20260903215306, moz:geckodriverVersion: 0.37.1, moz:headless: false, moz:platformVersion: 10.0, moz:processID: 4020, moz:profile: C:\Users\LOCAL_~1\Temp\rust..., moz:shutdownTimeout: 60000, moz:webdriverClick: true, moz:windowless: false, pageLoadStrategy: normal, platformName: windows, proxy: Proxy(), setWindowRect: true, strictFileInteractability: false, timeouts: {implicit: 0, pageLoad: 300000, script: 30000}, unhandledPromptBehavior: dismiss and notify, userAgent: Mozilla/5.0 (Windows NT 10....}
Session ID: b87de2f2-a093-4469-9226-a01f97df4995
10:56:50.601 [TestNG-tests-1] INFO  testClasses.TC001_RegisterTest.testRegisteration(TC001_RegisterTest.java:71)oggger - *******Finished testing**********
10:56:51.845 [TestNG-tests-3] ERROR testClasses.TC001_RegisterTest.testRegisteration(TC001_RegisterTest.java:62)oggger - test failed
10:56:51.845 [TestNG-tests-3] DEBUG testClasses.TC001_RegisterTest.testRegisteration(TC001_RegisterTest.java:63)oggger - Debug logs....
10:56:51.847 [TestNG-tests-3] ERROR baseTest.BaseTest.captureBrowserConsoleLogs(BaseTest.java:140)oggger - Could not fetch browser logs: Error communicating with the remote browser. It may have died.
Build info: version: '4.48.0', revision: '27f5213 27f5213055e28398a5105b7892b7a3bb2012a6ef'
System info: os.name: 'Windows Server 2025', os.arch: 'amd64', os.version: '10.0', java.version: '17.0.20.1'
Driver info: org.openqa.selenium.firefox.FirefoxDriver
Command: [b87de2f2-a093-4469-9226-a01f97df4995, getLog [type]]
Capabilities {acceptInsecureCerts: true, browserName: firefox, browserVersion: 155.0.1, moz:accessibilityChecks: false, moz:buildID: 20260903215306, moz:geckodriverVersion: 0.37.1, moz:headless: false, moz:platformVersion: 10.0, moz:processID: 4020, moz:profile: C:\Users\LOCAL_~1\Temp\rust..., moz:shutdownTimeout: 60000, moz:webdriverClick: true, moz:windowless: false, pageLoadStrategy: normal, platformName: windows, proxy: Proxy(), setWindowRect: true, strictFileInteractability: false, timeouts: {implicit: 0, pageLoad: 300000, script: 30000}, unhandledPromptBehavior: dismiss and notify, userAgent: Mozilla/5.0 (Windows NT 10....}
Session ID: b87de2f2-a093-4469-9226-a01f97df4995
10:56:51.847 [TestNG-tests-3] INFO  testClasses.TC001_RegisterTest.testRegisteration(TC001_RegisterTest.java:71)oggger - *******Finished testing**********
10:58:52.549 [main] DEBUG org.testng.log4testng.Logger.debug(Logger.java:82)oggger - suiteXmlPath: "C:\Users\VedaB\eclipse-workspace\OpenCartV121\crossbrowsertesting.xml"
10:58:53.366 [main] INFO  org.testng.log4testng.Logger.info(Logger.java:112)oggger - [TestNG] Running:
  C:\Users\VedaB\eclipse-workspace\OpenCartV121\crossbrowsertesting.xml

10:59:05.145 [TestNG-tests-1] INFO  testClasses.TC001_RegisterTest.testRegisteration(TC001_RegisterTest.java:16)oggger - ******Testing TC001_RegisterTest*******
10:59:05.143 [TestNG-tests-2] INFO  testClasses.TC001_RegisterTest.testRegisteration(TC001_RegisterTest.java:16)oggger - ******Testing TC001_RegisterTest*******
10:59:05.155 [TestNG-tests-3] INFO  testClasses.TC001_RegisterTest.testRegisteration(TC001_RegisterTest.java:16)oggger - ******Testing TC001_RegisterTest*******
10:59:05.330 [TestNG-tests-3] INFO  testClasses.TC001_RegisterTest.testRegisteration(TC001_RegisterTest.java:20)oggger - Clicked on My account link
10:59:05.397 [TestNG-tests-1] INFO  testClasses.TC001_RegisterTest.testRegisteration(TC001_RegisterTest.java:20)oggger - Clicked on My account link
10:59:05.462 [TestNG-tests-2] INFO  testClasses.TC001_RegisterTest.testRegisteration(TC001_RegisterTest.java:20)oggger - Clicked on My account link
10:59:06.111 [TestNG-tests-1] INFO  testClasses.TC001_RegisterTest.testRegisteration(TC001_RegisterTest.java:22)oggger - Clicked on Register link
10:59:06.120 [TestNG-tests-1] INFO  testClasses.TC001_RegisterTest.testRegisteration(TC001_RegisterTest.java:25)oggger - Providing customer details.....
10:59:06.127 [TestNG-tests-3] ERROR testClasses.TC001_RegisterTest.testRegisteration(TC001_RegisterTest.java:62)oggger - test failed
10:59:06.127 [TestNG-tests-2] ERROR testClasses.TC001_RegisterTest.testRegisteration(TC001_RegisterTest.java:62)oggger - test failed
10:59:06.127 [TestNG-tests-3] DEBUG testClasses.TC001_RegisterTest.testRegisteration(TC001_RegisterTest.java:63)oggger - Debug logs....
10:59:06.128 [TestNG-tests-2] DEBUG testClasses.TC001_RegisterTest.testRegisteration(TC001_RegisterTest.java:63)oggger - Debug logs....
10:59:06.135 [TestNG-tests-2] ERROR baseTest.BaseTest.captureBrowserConsoleLogs(BaseTest.java:140)oggger - Could not fetch browser logs: Error communicating with the remote browser. It may have died.
Build info: version: '4.48.0', revision: '27f5213 27f5213055e28398a5105b7892b7a3bb2012a6ef'
System info: os.name: 'Windows Server 2025', os.arch: 'amd64', os.version: '10.0', java.version: '17.0.20.1'
Driver info: org.openqa.selenium.firefox.FirefoxDriver
Command: [7e1b2aa3-41a6-44ed-bd43-bb1fa0e99b46, getLog [type]]
Capabilities {acceptInsecureCerts: true, browserName: firefox, browserVersion: 155.0.1, moz:accessibilityChecks: false, moz:buildID: 20260903215306, moz:geckodriverVersion: 0.37.1, moz:headless: false, moz:platformVersion: 10.0, moz:processID: 21060, moz:profile: C:\Users\LOCAL_~1\Temp\rust..., moz:shutdownTimeout: 60000, moz:webdriverClick: true, moz:windowless: false, pageLoadStrategy: normal, platformName: windows, proxy: Proxy(), setWindowRect: true, strictFileInteractability: false, timeouts: {implicit: 0, pageLoad: 300000, script: 30000}, unhandledPromptBehavior: dismiss and notify, userAgent: Mozilla/5.0 (Windows NT 10....}
Session ID: 7e1b2aa3-41a6-44ed-bd43-bb1fa0e99b46
10:59:06.135 [TestNG-tests-3] ERROR baseTest.BaseTest.captureBrowserConsoleLogs(BaseTest.java:140)oggger - Could not fetch browser logs: HTTP method not allowed
Command duration or timeout: 4 milliseconds
Build info: version: '4.48.0', revision: '27f5213 27f5213055e28398a5105b7892b7a3bb2012a6ef'
System info: os.name: 'Windows Server 2025', os.arch: 'amd64', os.version: '10.0', java.version: '17.0.20.1'
Driver info: org.openqa.selenium.firefox.FirefoxDriver
Command: [7e1b2aa3-41a6-44ed-bd43-bb1fa0e99b46, getLog {type=browser}]
Capabilities {acceptInsecureCerts: true, browserName: firefox, browserVersion: 155.0.1, moz:accessibilityChecks: false, moz:buildID: 20260903215306, moz:geckodriverVersion: 0.37.1, moz:headless: false, moz:platformVersion: 10.0, moz:processID: 21060, moz:profile: C:\Users\LOCAL_~1\Temp\rust..., moz:shutdownTimeout: 60000, moz:webdriverClick: true, moz:windowless: false, pageLoadStrategy: normal, platformName: windows, proxy: Proxy(), setWindowRect: true, strictFileInteractability: false, timeouts: {implicit: 0, pageLoad: 300000, script: 30000}, unhandledPromptBehavior: dismiss and notify, userAgent: Mozilla/5.0 (Windows NT 10....}
Session ID: 7e1b2aa3-41a6-44ed-bd43-bb1fa0e99b46
10:59:06.135 [TestNG-tests-2] INFO  testClasses.TC001_RegisterTest.testRegisteration(TC001_RegisterTest.java:71)oggger - *******Finished testing**********
10:59:06.136 [TestNG-tests-3] INFO  testClasses.TC001_RegisterTest.testRegisteration(TC001_RegisterTest.java:71)oggger - *******Finished testing**********
10:59:07.266 [TestNG-tests-1] ERROR testClasses.TC001_RegisterTest.testRegisteration(TC001_RegisterTest.java:62)oggger - test failed
10:59:07.266 [TestNG-tests-1] DEBUG testClasses.TC001_RegisterTest.testRegisteration(TC001_RegisterTest.java:63)oggger - Debug logs....
10:59:07.267 [TestNG-tests-1] ERROR baseTest.BaseTest.captureBrowserConsoleLogs(BaseTest.java:140)oggger - Could not fetch browser logs: Error communicating with the remote browser. It may have died.
Build info: version: '4.48.0', revision: '27f5213 27f5213055e28398a5105b7892b7a3bb2012a6ef'
System info: os.name: 'Windows Server 2025', os.arch: 'amd64', os.version: '10.0', java.version: '17.0.20.1'
Driver info: org.openqa.selenium.firefox.FirefoxDriver
Command: [7e1b2aa3-41a6-44ed-bd43-bb1fa0e99b46, getLog [type]]
Capabilities {acceptInsecureCerts: true, browserName: firefox, browserVersion: 155.0.1, moz:accessibilityChecks: false, moz:buildID: 20260903215306, moz:geckodriverVersion: 0.37.1, moz:headless: false, moz:platformVersion: 10.0, moz:processID: 21060, moz:profile: C:\Users\LOCAL_~1\Temp\rust..., moz:shutdownTimeout: 60000, moz:webdriverClick: true, moz:windowless: false, pageLoadStrategy: normal, platformName: windows, proxy: Proxy(), setWindowRect: true, strictFileInteractability: false, timeouts: {implicit: 0, pageLoad: 300000, script: 30000}, unhandledPromptBehavior: dismiss and notify, userAgent: Mozilla/5.0 (Windows NT 10....}
Session ID: 7e1b2aa3-41a6-44ed-bd43-bb1fa0e99b46
10:59:07.267 [TestNG-tests-1] INFO  testClasses.TC001_RegisterTest.testRegisteration(TC001_RegisterTest.java:71)oggger - *******Finished testing**********
10:59:50.388 [main] DEBUG org.testng.log4testng.Logger.debug(Logger.java:82)oggger - suiteXmlPath: "C:\Users\VedaB\eclipse-workspace\OpenCartV121\crossbrowsertesting.xml"
10:59:51.190 [main] INFO  org.testng.log4testng.Logger.info(Logger.java:112)oggger - [TestNG] Running:
  C:\Users\VedaB\eclipse-workspace\OpenCartV121\crossbrowsertesting.xml

11:00:02.547 [TestNG-tests-3] INFO  testClasses.TC001_RegisterTest.testRegisteration(TC001_RegisterTest.java:16)oggger - ******Testing TC001_RegisterTest*******
11:00:02.547 [TestNG-tests-1] INFO  testClasses.TC001_RegisterTest.testRegisteration(TC001_RegisterTest.java:16)oggger - ******Testing TC001_RegisterTest*******
11:00:02.550 [TestNG-tests-2] INFO  testClasses.TC001_RegisterTest.testRegisteration(TC001_RegisterTest.java:16)oggger - ******Testing TC001_RegisterTest*******
11:00:02.911 [TestNG-tests-3] INFO  testClasses.TC001_RegisterTest.testRegisteration(TC001_RegisterTest.java:20)oggger - Clicked on My account link
11:00:03.082 [TestNG-tests-2] INFO  testClasses.TC001_RegisterTest.testRegisteration(TC001_RegisterTest.java:20)oggger - Clicked on My account link
11:00:03.152 [TestNG-tests-1] INFO  testClasses.TC001_RegisterTest.testRegisteration(TC001_RegisterTest.java:20)oggger - Clicked on My account link
11:00:04.913 [TestNG-tests-3] INFO  testClasses.TC001_RegisterTest.testRegisteration(TC001_RegisterTest.java:22)oggger - Clicked on Register link
11:00:04.920 [TestNG-tests-3] INFO  testClasses.TC001_RegisterTest.testRegisteration(TC001_RegisterTest.java:25)oggger - Providing customer details.....
11:00:04.930 [TestNG-tests-2] ERROR testClasses.TC001_RegisterTest.testRegisteration(TC001_RegisterTest.java:62)oggger - test failed
11:00:04.931 [TestNG-tests-2] DEBUG testClasses.TC001_RegisterTest.testRegisteration(TC001_RegisterTest.java:63)oggger - Debug logs....
11:00:04.931 [TestNG-tests-1] ERROR testClasses.TC001_RegisterTest.testRegisteration(TC001_RegisterTest.java:62)oggger - test failed
11:00:04.933 [TestNG-tests-1] DEBUG testClasses.TC001_RegisterTest.testRegisteration(TC001_RegisterTest.java:63)oggger - Debug logs....
11:00:04.943 [TestNG-tests-2] ERROR baseTest.BaseTest.captureBrowserConsoleLogs(BaseTest.java:140)oggger - Could not fetch browser logs: HTTP method not allowed
Command duration or timeout: 11 milliseconds
Build info: version: '4.48.0', revision: '27f5213 27f5213055e28398a5105b7892b7a3bb2012a6ef'
System info: os.name: 'Windows Server 2025', os.arch: 'amd64', os.version: '10.0', java.version: '17.0.20.1'
Driver info: org.openqa.selenium.firefox.FirefoxDriver
Command: [4545678c-30b1-4b65-8840-297abc34667e, getLog {type=browser}]
Capabilities {acceptInsecureCerts: true, browserName: firefox, browserVersion: 155.0.1, moz:accessibilityChecks: false, moz:buildID: 20260903215306, moz:geckodriverVersion: 0.37.1, moz:headless: false, moz:platformVersion: 10.0, moz:processID: 20296, moz:profile: C:\Users\LOCAL_~1\Temp\rust..., moz:shutdownTimeout: 60000, moz:webdriverClick: true, moz:windowless: false, pageLoadStrategy: normal, platformName: windows, proxy: Proxy(), setWindowRect: true, strictFileInteractability: false, timeouts: {implicit: 0, pageLoad: 300000, script: 30000}, unhandledPromptBehavior: dismiss and notify, userAgent: Mozilla/5.0 (Windows NT 10....}
Session ID: 4545678c-30b1-4b65-8840-297abc34667e
11:00:04.944 [TestNG-tests-2] INFO  testClasses.TC001_RegisterTest.testRegisteration(TC001_RegisterTest.java:71)oggger - *******Finished testing**********
11:00:04.945 [TestNG-tests-1] ERROR baseTest.BaseTest.captureBrowserConsoleLogs(BaseTest.java:140)oggger - Could not fetch browser logs: Error communicating with the remote browser. It may have died.
Build info: version: '4.48.0', revision: '27f5213 27f5213055e28398a5105b7892b7a3bb2012a6ef'
System info: os.name: 'Windows Server 2025', os.arch: 'amd64', os.version: '10.0', java.version: '17.0.20.1'
Driver info: org.openqa.selenium.firefox.FirefoxDriver
Command: [4545678c-30b1-4b65-8840-297abc34667e, getLog [type]]
Capabilities {acceptInsecureCerts: true, browserName: firefox, browserVersion: 155.0.1, moz:accessibilityChecks: false, moz:buildID: 20260903215306, moz:geckodriverVersion: 0.37.1, moz:headless: false, moz:platformVersion: 10.0, moz:processID: 20296, moz:profile: C:\Users\LOCAL_~1\Temp\rust..., moz:shutdownTimeout: 60000, moz:webdriverClick: true, moz:windowless: false, pageLoadStrategy: normal, platformName: windows, proxy: Proxy(), setWindowRect: true, strictFileInteractability: false, timeouts: {implicit: 0, pageLoad: 300000, script: 30000}, unhandledPromptBehavior: dismiss and notify, userAgent: Mozilla/5.0 (Windows NT 10....}
Session ID: 4545678c-30b1-4b65-8840-297abc34667e
11:00:04.945 [TestNG-tests-1] INFO  testClasses.TC001_RegisterTest.testRegisteration(TC001_RegisterTest.java:71)oggger - *******Finished testing**********
11:00:06.613 [TestNG-tests-3] ERROR testClasses.TC001_RegisterTest.testRegisteration(TC001_RegisterTest.java:62)oggger - test failed
11:00:06.613 [TestNG-tests-3] DEBUG testClasses.TC001_RegisterTest.testRegisteration(TC001_RegisterTest.java:63)oggger - Debug logs....
11:00:06.614 [TestNG-tests-3] ERROR baseTest.BaseTest.captureBrowserConsoleLogs(BaseTest.java:140)oggger - Could not fetch browser logs: Error communicating with the remote browser. It may have died.
Build info: version: '4.48.0', revision: '27f5213 27f5213055e28398a5105b7892b7a3bb2012a6ef'
System info: os.name: 'Windows Server 2025', os.arch: 'amd64', os.version: '10.0', java.version: '17.0.20.1'
Driver info: org.openqa.selenium.firefox.FirefoxDriver
Command: [4545678c-30b1-4b65-8840-297abc34667e, getLog [type]]
Capabilities {acceptInsecureCerts: true, browserName: firefox, browserVersion: 155.0.1, moz:accessibilityChecks: false, moz:buildID: 20260903215306, moz:geckodriverVersion: 0.37.1, moz:headless: false, moz:platformVersion: 10.0, moz:processID: 20296, moz:profile: C:\Users\LOCAL_~1\Temp\rust..., moz:shutdownTimeout: 60000, moz:webdriverClick: true, moz:windowless: false, pageLoadStrategy: normal, platformName: windows, proxy: Proxy(), setWindowRect: true, strictFileInteractability: false, timeouts: {implicit: 0, pageLoad: 300000, script: 30000}, unhandledPromptBehavior: dismiss and notify, userAgent: Mozilla/5.0 (Windows NT 10....}
Session ID: 4545678c-30b1-4b65-8840-297abc34667e
11:00:06.614 [TestNG-tests-3] INFO  testClasses.TC001_RegisterTest.testRegisteration(TC001_RegisterTest.java:71)oggger - *******Finished testing**********
11:01:11.174 [main] DEBUG org.testng.log4testng.Logger.debug(Logger.java:82)oggger - suiteXmlPath: "C:\Users\VedaB\eclipse-workspace\OpenCartV121\crossbrowsertesting.xml"
11:01:11.950 [main] INFO  org.testng.log4testng.Logger.info(Logger.java:112)oggger - [TestNG] Running:
  C:\Users\VedaB\eclipse-workspace\OpenCartV121\crossbrowsertesting.xml

11:01:19.458 [TestNG-tests-2] INFO  testClasses.TC001_RegisterTest.testRegisteration(TC001_RegisterTest.java:16)oggger - ******Testing TC001_RegisterTest*******
11:01:19.477 [TestNG-tests-1] INFO  testClasses.TC001_RegisterTest.testRegisteration(TC001_RegisterTest.java:16)oggger - ******Testing TC001_RegisterTest*******
11:01:19.710 [TestNG-tests-2] INFO  testClasses.TC001_RegisterTest.testRegisteration(TC001_RegisterTest.java:20)oggger - Clicked on My account link
11:01:19.765 [TestNG-tests-1] INFO  testClasses.TC001_RegisterTest.testRegisteration(TC001_RegisterTest.java:20)oggger - Clicked on My account link
11:01:23.669 [TestNG-tests-3] INFO  testClasses.TC001_RegisterTest.testRegisteration(TC001_RegisterTest.java:16)oggger - ******Testing TC001_RegisterTest*******
11:01:23.782 [TestNG-tests-3] INFO  testClasses.TC001_RegisterTest.testRegisteration(TC001_RegisterTest.java:20)oggger - Clicked on My account link
11:01:24.384 [TestNG-tests-3] INFO  testClasses.TC001_RegisterTest.testRegisteration(TC001_RegisterTest.java:22)oggger - Clicked on Register link
11:01:24.391 [TestNG-tests-3] INFO  testClasses.TC001_RegisterTest.testRegisteration(TC001_RegisterTest.java:25)oggger - Providing customer details.....
11:01:27.629 [TestNG-tests-3] INFO  testClasses.TC001_RegisterTest.testRegisteration(TC001_RegisterTest.java:51)oggger - Validating expected message
11:01:27.660 [TestNG-tests-3] INFO  testClasses.TC001_RegisterTest.testRegisteration(TC001_RegisterTest.java:71)oggger - *******Finished testing**********
11:01:29.844 [TestNG-tests-2] ERROR testClasses.TC001_RegisterTest.testRegisteration(TC001_RegisterTest.java:62)oggger - test failed
11:01:29.845 [TestNG-tests-2] DEBUG testClasses.TC001_RegisterTest.testRegisteration(TC001_RegisterTest.java:63)oggger - Debug logs....
11:01:29.849 [TestNG-tests-2] ERROR baseTest.BaseTest.captureBrowserConsoleLogs(BaseTest.java:140)oggger - Could not fetch browser logs: Session ID is null. Using WebDriver after calling quit()?
Build info: version: '4.48.0', revision: '27f5213 27f5213055e28398a5105b7892b7a3bb2012a6ef'
System info: os.name: 'Windows Server 2025', os.arch: 'amd64', os.version: '10.0', java.version: '17.0.20.1'
Driver info: org.openqa.selenium.firefox.FirefoxDriver
Command: [null, getLog {type=browser}]
Capabilities {acceptInsecureCerts: true, browserName: firefox, browserVersion: 155.0.1, moz:accessibilityChecks: false, moz:buildID: 20260903215306, moz:geckodriverVersion: 0.37.1, moz:headless: false, moz:platformVersion: 10.0, moz:processID: 12920, moz:profile: C:\Users\LOCAL_~1\Temp\rust..., moz:shutdownTimeout: 60000, moz:webdriverClick: true, moz:windowless: false, pageLoadStrategy: normal, platformName: windows, proxy: Proxy(), setWindowRect: true, strictFileInteractability: false, timeouts: {implicit: 0, pageLoad: 300000, script: 30000}, unhandledPromptBehavior: dismiss and notify, userAgent: Mozilla/5.0 (Windows NT 10....}
11:01:29.849 [TestNG-tests-2] INFO  testClasses.TC001_RegisterTest.testRegisteration(TC001_RegisterTest.java:71)oggger - *******Finished testing**********
11:01:39.855 [TestNG-tests-1] ERROR testClasses.TC001_RegisterTest.testRegisteration(TC001_RegisterTest.java:62)oggger - test failed
11:01:39.855 [TestNG-tests-1] DEBUG testClasses.TC001_RegisterTest.testRegisteration(TC001_RegisterTest.java:63)oggger - Debug logs....
11:01:39.855 [TestNG-tests-1] ERROR baseTest.BaseTest.captureBrowserConsoleLogs(BaseTest.java:140)oggger - Could not fetch browser logs: Session ID is null. Using WebDriver after calling quit()?
Build info: version: '4.48.0', revision: '27f5213 27f5213055e28398a5105b7892b7a3bb2012a6ef'
System info: os.name: 'Windows Server 2025', os.arch: 'amd64', os.version: '10.0', java.version: '17.0.20.1'
Driver info: org.openqa.selenium.firefox.FirefoxDriver
Command: [null, getLog {type=browser}]
Capabilities {acceptInsecureCerts: true, browserName: firefox, browserVersion: 155.0.1, moz:accessibilityChecks: false, moz:buildID: 20260903215306, moz:geckodriverVersion: 0.37.1, moz:headless: false, moz:platformVersion: 10.0, moz:processID: 12920, moz:profile: C:\Users\LOCAL_~1\Temp\rust..., moz:shutdownTimeout: 60000, moz:webdriverClick: true, moz:windowless: false, pageLoadStrategy: normal, platformName: windows, proxy: Proxy(), setWindowRect: true, strictFileInteractability: false, timeouts: {implicit: 0, pageLoad: 300000, script: 30000}, unhandledPromptBehavior: dismiss and notify, userAgent: Mozilla/5.0 (Windows NT 10....}
11:01:39.862 [TestNG-tests-1] INFO  testClasses.TC001_RegisterTest.testRegisteration(TC001_RegisterTest.java:71)oggger - *******Finished testing**********
11:02:05.423 [main] DEBUG org.testng.log4testng.Logger.debug(Logger.java:82)oggger - suiteXmlPath: "C:\Users\VedaB\eclipse-workspace\OpenCartV121\crossbrowsertesting.xml"
11:02:06.210 [main] INFO  org.testng.log4testng.Logger.info(Logger.java:112)oggger - [TestNG] Running:
  C:\Users\VedaB\eclipse-workspace\OpenCartV121\crossbrowsertesting.xml

11:02:13.093 [TestNG-tests-1] INFO  testClasses.TC001_RegisterTest.testRegisteration(TC001_RegisterTest.java:16)oggger - ******Testing TC001_RegisterTest*******
11:02:14.092 [TestNG-tests-2] INFO  testClasses.TC001_RegisterTest.testRegisteration(TC001_RegisterTest.java:16)oggger - ******Testing TC001_RegisterTest*******
11:02:24.327 [TestNG-tests-1] ERROR testClasses.TC001_RegisterTest.testRegisteration(TC001_RegisterTest.java:62)oggger - test failed
11:02:24.327 [TestNG-tests-1] DEBUG testClasses.TC001_RegisterTest.testRegisteration(TC001_RegisterTest.java:63)oggger - Debug logs....
11:02:34.212 [TestNG-tests-2] ERROR testClasses.TC001_RegisterTest.testRegisteration(TC001_RegisterTest.java:62)oggger - test failed
11:02:34.212 [TestNG-tests-2] DEBUG testClasses.TC001_RegisterTest.testRegisteration(TC001_RegisterTest.java:63)oggger - Debug logs....
11:02:36.054 [TestNG-tests-2] ERROR baseTest.BaseTest.captureBrowserConsoleLogs(BaseTest.java:140)oggger - Could not fetch browser logs: HTTP method not allowed
Command duration or timeout: 1.84 seconds
Build info: version: '4.48.0', revision: '27f5213 27f5213055e28398a5105b7892b7a3bb2012a6ef'
System info: os.name: 'Windows Server 2025', os.arch: 'amd64', os.version: '10.0', java.version: '17.0.20.1'
Driver info: org.openqa.selenium.firefox.FirefoxDriver
Command: [caaa5d2f-72ad-4155-bcc4-42e1c2766d66, getLog {type=browser}]
Capabilities {acceptInsecureCerts: true, browserName: firefox, browserVersion: 155.0.1, moz:accessibilityChecks: false, moz:buildID: 20260903215306, moz:geckodriverVersion: 0.37.1, moz:headless: false, moz:platformVersion: 10.0, moz:processID: 9484, moz:profile: C:\Users\LOCAL_~1\Temp\rust..., moz:shutdownTimeout: 60000, moz:webdriverClick: true, moz:windowless: false, pageLoadStrategy: normal, platformName: windows, proxy: Proxy(), setWindowRect: true, strictFileInteractability: false, timeouts: {implicit: 0, pageLoad: 300000, script: 30000}, unhandledPromptBehavior: dismiss and notify, userAgent: Mozilla/5.0 (Windows NT 10....}
Session ID: caaa5d2f-72ad-4155-bcc4-42e1c2766d66
11:02:36.054 [TestNG-tests-2] INFO  testClasses.TC001_RegisterTest.testRegisteration(TC001_RegisterTest.java:71)oggger - *******Finished testing**********
11:02:36.056 [TestNG-tests-1] ERROR baseTest.BaseTest.captureBrowserConsoleLogs(BaseTest.java:140)oggger - Could not fetch browser logs: HTTP method not allowed
Command duration or timeout: 11.72 seconds
Build info: version: '4.48.0', revision: '27f5213 27f5213055e28398a5105b7892b7a3bb2012a6ef'
System info: os.name: 'Windows Server 2025', os.arch: 'amd64', os.version: '10.0', java.version: '17.0.20.1'
Driver info: org.openqa.selenium.firefox.FirefoxDriver
Command: [caaa5d2f-72ad-4155-bcc4-42e1c2766d66, getLog {type=browser}]
Capabilities {acceptInsecureCerts: true, browserName: firefox, browserVersion: 155.0.1, moz:accessibilityChecks: false, moz:buildID: 20260903215306, moz:geckodriverVersion: 0.37.1, moz:headless: false, moz:platformVersion: 10.0, moz:processID: 9484, moz:profile: C:\Users\LOCAL_~1\Temp\rust..., moz:shutdownTimeout: 60000, moz:webdriverClick: true, moz:windowless: false, pageLoadStrategy: normal, platformName: windows, proxy: Proxy(), setWindowRect: true, strictFileInteractability: false, timeouts: {implicit: 0, pageLoad: 300000, script: 30000}, unhandledPromptBehavior: dismiss and notify, userAgent: Mozilla/5.0 (Windows NT 10....}
Session ID: caaa5d2f-72ad-4155-bcc4-42e1c2766d66
11:02:36.057 [TestNG-tests-1] INFO  testClasses.TC001_RegisterTest.testRegisteration(TC001_RegisterTest.java:71)oggger - *******Finished testing**********
11:02:36.068 [TestNG-tests-3] INFO  testClasses.TC001_RegisterTest.testRegisteration(TC001_RegisterTest.java:16)oggger - ******Testing TC001_RegisterTest*******
11:02:37.130 [TestNG-tests-3] ERROR testClasses.TC001_RegisterTest.testRegisteration(TC001_RegisterTest.java:62)oggger - test failed
11:02:37.130 [TestNG-tests-3] DEBUG testClasses.TC001_RegisterTest.testRegisteration(TC001_RegisterTest.java:63)oggger - Debug logs....
11:02:37.132 [TestNG-tests-3] ERROR baseTest.BaseTest.captureBrowserConsoleLogs(BaseTest.java:140)oggger - Could not fetch browser logs: Error communicating with the remote browser. It may have died.
Build info: version: '4.48.0', revision: '27f5213 27f5213055e28398a5105b7892b7a3bb2012a6ef'
System info: os.name: 'Windows Server 2025', os.arch: 'amd64', os.version: '10.0', java.version: '17.0.20.1'
Driver info: org.openqa.selenium.firefox.FirefoxDriver
Command: [caaa5d2f-72ad-4155-bcc4-42e1c2766d66, getLog [type]]
Capabilities {acceptInsecureCerts: true, browserName: firefox, browserVersion: 155.0.1, moz:accessibilityChecks: false, moz:buildID: 20260903215306, moz:geckodriverVersion: 0.37.1, moz:headless: false, moz:platformVersion: 10.0, moz:processID: 9484, moz:profile: C:\Users\LOCAL_~1\Temp\rust..., moz:shutdownTimeout: 60000, moz:webdriverClick: true, moz:windowless: false, pageLoadStrategy: normal, platformName: windows, proxy: Proxy(), setWindowRect: true, strictFileInteractability: false, timeouts: {implicit: 0, pageLoad: 300000, script: 30000}, unhandledPromptBehavior: dismiss and notify, userAgent: Mozilla/5.0 (Windows NT 10....}
Session ID: caaa5d2f-72ad-4155-bcc4-42e1c2766d66
11:02:37.132 [TestNG-tests-3] INFO  testClasses.TC001_RegisterTest.testRegisteration(TC001_RegisterTest.java:71)oggger - *******Finished testing**********
11:02:56.634 [main] DEBUG org.testng.log4testng.Logger.debug(Logger.java:82)oggger - suiteXmlPath: "C:\Users\VedaB\eclipse-workspace\OpenCartV121\master.xml"
11:02:57.429 [main] INFO  org.testng.log4testng.Logger.info(Logger.java:112)oggger - [TestNG] Running:
  C:\Users\VedaB\eclipse-workspace\OpenCartV121\master.xml

11:03:02.273 [main] DEBUG org.apache.poi.openxml4j.opc.PackageRelationshipCollection.parseRelationshipsPart(PackageRelationshipCollection.java:307)oggger - Parsing relationship: /xl/_rels/workbook.xml.rels
11:03:02.273 [main] DEBUG org.apache.poi.openxml4j.opc.PackageRelationshipCollection.parseRelationshipsPart(PackageRelationshipCollection.java:307)oggger - Parsing relationship: /xl/worksheets/_rels/sheet1.xml.rels
11:03:02.273 [main] DEBUG org.apache.poi.openxml4j.opc.PackageRelationshipCollection.parseRelationshipsPart(PackageRelationshipCollection.java:307)oggger - Parsing relationship: /xl/worksheets/_rels/sheet2.xml.rels
11:03:02.273 [main] DEBUG org.apache.poi.openxml4j.opc.PackageRelationshipCollection.parseRelationshipsPart(PackageRelationshipCollection.java:307)oggger - Parsing relationship: /xl/worksheets/_rels/sheet3.xml.rels
11:03:02.273 [main] DEBUG org.apache.poi.openxml4j.opc.PackageRelationshipCollection.parseRelationshipsPart(PackageRelationshipCollection.java:307)oggger - Parsing relationship: /_rels/.rels
11:03:03.724 [main] DEBUG org.apache.poi.ooxml.POIXMLFactory.createDocumentPart(POIXMLFactory.java:65)oggger - using default POIXMLDocumentPart for http://schemas.openxmlformats.org/officeDocument/2006/relationships/printerSettings
11:03:04.025 [main] DEBUG org.apache.poi.openxml4j.opc.PackageRelationshipCollection.parseRelationshipsPart(PackageRelationshipCollection.java:307)oggger - Parsing relationship: /xl/_rels/workbook.xml.rels
11:03:04.025 [main] DEBUG org.apache.poi.openxml4j.opc.PackageRelationshipCollection.parseRelationshipsPart(PackageRelationshipCollection.java:307)oggger - Parsing relationship: /xl/worksheets/_rels/sheet1.xml.rels
11:03:04.027 [main] DEBUG org.apache.poi.openxml4j.opc.PackageRelationshipCollection.parseRelationshipsPart(PackageRelationshipCollection.java:307)oggger - Parsing relationship: /xl/worksheets/_rels/sheet2.xml.rels
11:03:04.029 [main] DEBUG org.apache.poi.openxml4j.opc.PackageRelationshipCollection.parseRelationshipsPart(PackageRelationshipCollection.java:307)oggger - Parsing relationship: /xl/worksheets/_rels/sheet3.xml.rels
11:03:04.029 [main] DEBUG org.apache.poi.openxml4j.opc.PackageRelationshipCollection.parseRelationshipsPart(PackageRelationshipCollection.java:307)oggger - Parsing relationship: /_rels/.rels
11:03:04.046 [main] DEBUG org.apache.poi.ooxml.POIXMLFactory.createDocumentPart(POIXMLFactory.java:65)oggger - using default POIXMLDocumentPart for http://schemas.openxmlformats.org/officeDocument/2006/relationships/printerSettings
11:03:04.092 [main] DEBUG org.apache.poi.openxml4j.opc.PackageRelationshipCollection.parseRelationshipsPart(PackageRelationshipCollection.java:307)oggger - Parsing relationship: /xl/_rels/workbook.xml.rels
11:03:04.099 [main] DEBUG org.apache.poi.openxml4j.opc.PackageRelationshipCollection.parseRelationshipsPart(PackageRelationshipCollection.java:307)oggger - Parsing relationship: /xl/worksheets/_rels/sheet1.xml.rels
11:03:04.100 [main] DEBUG org.apache.poi.openxml4j.opc.PackageRelationshipCollection.parseRelationshipsPart(PackageRelationshipCollection.java:307)oggger - Parsing relationship: /xl/worksheets/_rels/sheet2.xml.rels
11:03:04.102 [main] DEBUG org.apache.poi.openxml4j.opc.PackageRelationshipCollection.parseRelationshipsPart(PackageRelationshipCollection.java:307)oggger - Parsing relationship: /xl/worksheets/_rels/sheet3.xml.rels
11:03:04.102 [main] DEBUG org.apache.poi.openxml4j.opc.PackageRelationshipCollection.parseRelationshipsPart(PackageRelationshipCollection.java:307)oggger - Parsing relationship: /_rels/.rels
11:03:04.116 [main] DEBUG org.apache.poi.ooxml.POIXMLFactory.createDocumentPart(POIXMLFactory.java:65)oggger - using default POIXMLDocumentPart for http://schemas.openxmlformats.org/officeDocument/2006/relationships/printerSettings
11:03:04.212 [main] DEBUG org.apache.poi.openxml4j.opc.PackageRelationshipCollection.parseRelationshipsPart(PackageRelationshipCollection.java:307)oggger - Parsing relationship: /xl/_rels/workbook.xml.rels
11:03:04.217 [main] DEBUG org.apache.poi.openxml4j.opc.PackageRelationshipCollection.parseRelationshipsPart(PackageRelationshipCollection.java:307)oggger - Parsing relationship: /xl/worksheets/_rels/sheet1.xml.rels
11:03:04.224 [main] DEBUG org.apache.poi.openxml4j.opc.PackageRelationshipCollection.parseRelationshipsPart(PackageRelationshipCollection.java:307)oggger - Parsing relationship: /xl/worksheets/_rels/sheet2.xml.rels
11:03:04.227 [main] DEBUG org.apache.poi.openxml4j.opc.PackageRelationshipCollection.parseRelationshipsPart(PackageRelationshipCollection.java:307)oggger - Parsing relationship: /xl/worksheets/_rels/sheet3.xml.rels
11:03:04.230 [main] DEBUG org.apache.poi.openxml4j.opc.PackageRelationshipCollection.parseRelationshipsPart(PackageRelationshipCollection.java:307)oggger - Parsing relationship: /_rels/.rels
11:03:04.254 [main] DEBUG org.apache.poi.ooxml.POIXMLFactory.createDocumentPart(POIXMLFactory.java:65)oggger - using default POIXMLDocumentPart for http://schemas.openxmlformats.org/officeDocument/2006/relationships/printerSettings
11:03:04.348 [main] DEBUG org.apache.poi.openxml4j.opc.PackageRelationshipCollection.parseRelationshipsPart(PackageRelationshipCollection.java:307)oggger - Parsing relationship: /xl/_rels/workbook.xml.rels
11:03:04.356 [main] DEBUG org.apache.poi.openxml4j.opc.PackageRelationshipCollection.parseRelationshipsPart(PackageRelationshipCollection.java:307)oggger - Parsing relationship: /xl/worksheets/_rels/sheet1.xml.rels
11:03:04.357 [main] DEBUG org.apache.poi.openxml4j.opc.PackageRelationshipCollection.parseRelationshipsPart(PackageRelationshipCollection.java:307)oggger - Parsing relationship: /xl/worksheets/_rels/sheet2.xml.rels
11:03:04.371 [main] DEBUG org.apache.poi.openxml4j.opc.PackageRelationshipCollection.parseRelationshipsPart(PackageRelationshipCollection.java:307)oggger - Parsing relationship: /xl/worksheets/_rels/sheet3.xml.rels
11:03:04.379 [main] DEBUG org.apache.poi.openxml4j.opc.PackageRelationshipCollection.parseRelationshipsPart(PackageRelationshipCollection.java:307)oggger - Parsing relationship: /_rels/.rels
11:03:04.417 [main] DEBUG org.apache.poi.ooxml.POIXMLFactory.createDocumentPart(POIXMLFactory.java:65)oggger - using default POIXMLDocumentPart for http://schemas.openxmlformats.org/officeDocument/2006/relationships/printerSettings
11:03:04.458 [main] DEBUG org.apache.poi.openxml4j.opc.PackageRelationshipCollection.parseRelationshipsPart(PackageRelationshipCollection.java:307)oggger - Parsing relationship: /xl/_rels/workbook.xml.rels
11:03:04.462 [main] DEBUG org.apache.poi.openxml4j.opc.PackageRelationshipCollection.parseRelationshipsPart(PackageRelationshipCollection.java:307)oggger - Parsing relationship: /xl/worksheets/_rels/sheet1.xml.rels
11:03:04.464 [main] DEBUG org.apache.poi.openxml4j.opc.PackageRelationshipCollection.parseRelationshipsPart(PackageRelationshipCollection.java:307)oggger - Parsing relationship: /xl/worksheets/_rels/sheet2.xml.rels
11:03:04.465 [main] DEBUG org.apache.poi.openxml4j.opc.PackageRelationshipCollection.parseRelationshipsPart(PackageRelationshipCollection.java:307)oggger - Parsing relationship: /xl/worksheets/_rels/sheet3.xml.rels
11:03:04.466 [main] DEBUG org.apache.poi.openxml4j.opc.PackageRelationshipCollection.parseRelationshipsPart(PackageRelationshipCollection.java:307)oggger - Parsing relationship: /_rels/.rels
11:03:04.479 [main] DEBUG org.apache.poi.ooxml.POIXMLFactory.createDocumentPart(POIXMLFactory.java:65)oggger - using default POIXMLDocumentPart for http://schemas.openxmlformats.org/officeDocument/2006/relationships/printerSettings
11:03:04.520 [main] DEBUG org.apache.poi.openxml4j.opc.PackageRelationshipCollection.parseRelationshipsPart(PackageRelationshipCollection.java:307)oggger - Parsing relationship: /xl/_rels/workbook.xml.rels
11:03:04.520 [main] DEBUG org.apache.poi.openxml4j.opc.PackageRelationshipCollection.parseRelationshipsPart(PackageRelationshipCollection.java:307)oggger - Parsing relationship: /xl/worksheets/_rels/sheet1.xml.rels
11:03:04.520 [main] DEBUG org.apache.poi.openxml4j.opc.PackageRelationshipCollection.parseRelationshipsPart(PackageRelationshipCollection.java:307)oggger - Parsing relationship: /xl/worksheets/_rels/sheet2.xml.rels
11:03:04.522 [main] DEBUG org.apache.poi.openxml4j.opc.PackageRelationshipCollection.parseRelationshipsPart(PackageRelationshipCollection.java:307)oggger - Parsing relationship: /xl/worksheets/_rels/sheet3.xml.rels
11:03:04.523 [main] DEBUG org.apache.poi.openxml4j.opc.PackageRelationshipCollection.parseRelationshipsPart(PackageRelationshipCollection.java:307)oggger - Parsing relationship: /_rels/.rels
11:03:04.529 [main] DEBUG org.apache.poi.ooxml.POIXMLFactory.createDocumentPart(POIXMLFactory.java:65)oggger - using default POIXMLDocumentPart for http://schemas.openxmlformats.org/officeDocument/2006/relationships/printerSettings
11:03:04.545 [main] DEBUG org.apache.poi.openxml4j.opc.PackageRelationshipCollection.parseRelationshipsPart(PackageRelationshipCollection.java:307)oggger - Parsing relationship: /xl/_rels/workbook.xml.rels
11:03:04.545 [main] DEBUG org.apache.poi.openxml4j.opc.PackageRelationshipCollection.parseRelationshipsPart(PackageRelationshipCollection.java:307)oggger - Parsing relationship: /xl/worksheets/_rels/sheet1.xml.rels
11:03:04.545 [main] DEBUG org.apache.poi.openxml4j.opc.PackageRelationshipCollection.parseRelationshipsPart(PackageRelationshipCollection.java:307)oggger - Parsing relationship: /xl/worksheets/_rels/sheet2.xml.rels
11:03:04.547 [main] DEBUG org.apache.poi.openxml4j.opc.PackageRelationshipCollection.parseRelationshipsPart(PackageRelationshipCollection.java:307)oggger - Parsing relationship: /xl/worksheets/_rels/sheet3.xml.rels
11:03:04.547 [main] DEBUG org.apache.poi.openxml4j.opc.PackageRelationshipCollection.parseRelationshipsPart(PackageRelationshipCollection.java:307)oggger - Parsing relationship: /_rels/.rels
11:03:04.557 [main] DEBUG org.apache.poi.ooxml.POIXMLFactory.createDocumentPart(POIXMLFactory.java:65)oggger - using default POIXMLDocumentPart for http://schemas.openxmlformats.org/officeDocument/2006/relationships/printerSettings
11:03:04.571 [main] DEBUG org.apache.poi.openxml4j.opc.PackageRelationshipCollection.parseRelationshipsPart(PackageRelationshipCollection.java:307)oggger - Parsing relationship: /xl/_rels/workbook.xml.rels
11:03:04.573 [main] DEBUG org.apache.poi.openxml4j.opc.PackageRelationshipCollection.parseRelationshipsPart(PackageRelationshipCollection.java:307)oggger - Parsing relationship: /xl/worksheets/_rels/sheet1.xml.rels
11:03:04.573 [main] DEBUG org.apache.poi.openxml4j.opc.PackageRelationshipCollection.parseRelationshipsPart(PackageRelationshipCollection.java:307)oggger - Parsing relationship: /xl/worksheets/_rels/sheet2.xml.rels
11:03:04.574 [main] DEBUG org.apache.poi.openxml4j.opc.PackageRelationshipCollection.parseRelationshipsPart(PackageRelationshipCollection.java:307)oggger - Parsing relationship: /xl/worksheets/_rels/sheet3.xml.rels
11:03:04.574 [main] DEBUG org.apache.poi.openxml4j.opc.PackageRelationshipCollection.parseRelationshipsPart(PackageRelationshipCollection.java:307)oggger - Parsing relationship: /_rels/.rels
11:03:04.582 [main] DEBUG org.apache.poi.ooxml.POIXMLFactory.createDocumentPart(POIXMLFactory.java:65)oggger - using default POIXMLDocumentPart for http://schemas.openxmlformats.org/officeDocument/2006/relationships/printerSettings
11:03:04.598 [main] DEBUG org.apache.poi.openxml4j.opc.PackageRelationshipCollection.parseRelationshipsPart(PackageRelationshipCollection.java:307)oggger - Parsing relationship: /xl/_rels/workbook.xml.rels
11:03:04.598 [main] DEBUG org.apache.poi.openxml4j.opc.PackageRelationshipCollection.parseRelationshipsPart(PackageRelationshipCollection.java:307)oggger - Parsing relationship: /xl/worksheets/_rels/sheet1.xml.rels
11:03:04.598 [main] DEBUG org.apache.poi.openxml4j.opc.PackageRelationshipCollection.parseRelationshipsPart(PackageRelationshipCollection.java:307)oggger - Parsing relationship: /xl/worksheets/_rels/sheet2.xml.rels
11:03:04.600 [main] DEBUG org.apache.poi.openxml4j.opc.PackageRelationshipCollection.parseRelationshipsPart(PackageRelationshipCollection.java:307)oggger - Parsing relationship: /xl/worksheets/_rels/sheet3.xml.rels
11:03:04.600 [main] DEBUG org.apache.poi.openxml4j.opc.PackageRelationshipCollection.parseRelationshipsPart(PackageRelationshipCollection.java:307)oggger - Parsing relationship: /_rels/.rels
11:03:04.608 [main] DEBUG org.apache.poi.ooxml.POIXMLFactory.createDocumentPart(POIXMLFactory.java:65)oggger - using default POIXMLDocumentPart for http://schemas.openxmlformats.org/officeDocument/2006/relationships/printerSettings
11:03:04.627 [main] DEBUG org.apache.poi.openxml4j.opc.PackageRelationshipCollection.parseRelationshipsPart(PackageRelationshipCollection.java:307)oggger - Parsing relationship: /xl/_rels/workbook.xml.rels
11:03:04.627 [main] DEBUG org.apache.poi.openxml4j.opc.PackageRelationshipCollection.parseRelationshipsPart(PackageRelationshipCollection.java:307)oggger - Parsing relationship: /xl/worksheets/_rels/sheet1.xml.rels
11:03:04.628 [main] DEBUG org.apache.poi.openxml4j.opc.PackageRelationshipCollection.parseRelationshipsPart(PackageRelationshipCollection.java:307)oggger - Parsing relationship: /xl/worksheets/_rels/sheet2.xml.rels
11:03:04.628 [main] DEBUG org.apache.poi.openxml4j.opc.PackageRelationshipCollection.parseRelationshipsPart(PackageRelationshipCollection.java:307)oggger - Parsing relationship: /xl/worksheets/_rels/sheet3.xml.rels
11:03:04.630 [main] DEBUG org.apache.poi.openxml4j.opc.PackageRelationshipCollection.parseRelationshipsPart(PackageRelationshipCollection.java:307)oggger - Parsing relationship: /_rels/.rels
11:03:04.640 [main] DEBUG org.apache.poi.ooxml.POIXMLFactory.createDocumentPart(POIXMLFactory.java:65)oggger - using default POIXMLDocumentPart for http://schemas.openxmlformats.org/officeDocument/2006/relationships/printerSettings
11:03:04.657 [main] DEBUG org.apache.poi.openxml4j.opc.PackageRelationshipCollection.parseRelationshipsPart(PackageRelationshipCollection.java:307)oggger - Parsing relationship: /xl/_rels/workbook.xml.rels
11:03:04.657 [main] DEBUG org.apache.poi.openxml4j.opc.PackageRelationshipCollection.parseRelationshipsPart(PackageRelationshipCollection.java:307)oggger - Parsing relationship: /xl/worksheets/_rels/sheet1.xml.rels
11:03:04.657 [main] DEBUG org.apache.poi.openxml4j.opc.PackageRelationshipCollection.parseRelationshipsPart(PackageRelationshipCollection.java:307)oggger - Parsing relationship: /xl/worksheets/_rels/sheet2.xml.rels
11:03:04.659 [main] DEBUG org.apache.poi.openxml4j.opc.PackageRelationshipCollection.parseRelationshipsPart(PackageRelationshipCollection.java:307)oggger - Parsing relationship: /xl/worksheets/_rels/sheet3.xml.rels
11:03:04.659 [main] DEBUG org.apache.poi.openxml4j.opc.PackageRelationshipCollection.parseRelationshipsPart(PackageRelationshipCollection.java:307)oggger - Parsing relationship: /_rels/.rels
11:03:04.667 [main] DEBUG org.apache.poi.ooxml.POIXMLFactory.createDocumentPart(POIXMLFactory.java:65)oggger - using default POIXMLDocumentPart for http://schemas.openxmlformats.org/officeDocument/2006/relationships/printerSettings
11:03:04.686 [main] DEBUG org.apache.poi.openxml4j.opc.PackageRelationshipCollection.parseRelationshipsPart(PackageRelationshipCollection.java:307)oggger - Parsing relationship: /xl/_rels/workbook.xml.rels
11:03:04.686 [main] DEBUG org.apache.poi.openxml4j.opc.PackageRelationshipCollection.parseRelationshipsPart(PackageRelationshipCollection.java:307)oggger - Parsing relationship: /xl/worksheets/_rels/sheet1.xml.rels
11:03:04.686 [main] DEBUG org.apache.poi.openxml4j.opc.PackageRelationshipCollection.parseRelationshipsPart(PackageRelationshipCollection.java:307)oggger - Parsing relationship: /xl/worksheets/_rels/sheet2.xml.rels
11:03:04.688 [main] DEBUG org.apache.poi.openxml4j.opc.PackageRelationshipCollection.parseRelationshipsPart(PackageRelationshipCollection.java:307)oggger - Parsing relationship: /xl/worksheets/_rels/sheet3.xml.rels
11:03:04.688 [main] DEBUG org.apache.poi.openxml4j.opc.PackageRelationshipCollection.parseRelationshipsPart(PackageRelationshipCollection.java:307)oggger - Parsing relationship: /_rels/.rels
11:03:04.696 [main] DEBUG org.apache.poi.ooxml.POIXMLFactory.createDocumentPart(POIXMLFactory.java:65)oggger - using default POIXMLDocumentPart for http://schemas.openxmlformats.org/officeDocument/2006/relationships/printerSettings
11:03:04.710 [main] DEBUG org.apache.poi.openxml4j.opc.PackageRelationshipCollection.parseRelationshipsPart(PackageRelationshipCollection.java:307)oggger - Parsing relationship: /xl/_rels/workbook.xml.rels
11:03:04.710 [main] DEBUG org.apache.poi.openxml4j.opc.PackageRelationshipCollection.parseRelationshipsPart(PackageRelationshipCollection.java:307)oggger - Parsing relationship: /xl/worksheets/_rels/sheet1.xml.rels
11:03:04.713 [main] DEBUG org.apache.poi.openxml4j.opc.PackageRelationshipCollection.parseRelationshipsPart(PackageRelationshipCollection.java:307)oggger - Parsing relationship: /xl/worksheets/_rels/sheet2.xml.rels
11:03:04.714 [main] DEBUG org.apache.poi.openxml4j.opc.PackageRelationshipCollection.parseRelationshipsPart(PackageRelationshipCollection.java:307)oggger - Parsing relationship: /xl/worksheets/_rels/sheet3.xml.rels
11:03:04.715 [main] DEBUG org.apache.poi.openxml4j.opc.PackageRelationshipCollection.parseRelationshipsPart(PackageRelationshipCollection.java:307)oggger - Parsing relationship: /_rels/.rels
11:03:04.723 [main] DEBUG org.apache.poi.ooxml.POIXMLFactory.createDocumentPart(POIXMLFactory.java:65)oggger - using default POIXMLDocumentPart for http://schemas.openxmlformats.org/officeDocument/2006/relationships/printerSettings
11:03:04.741 [main] DEBUG org.apache.poi.openxml4j.opc.PackageRelationshipCollection.parseRelationshipsPart(PackageRelationshipCollection.java:307)oggger - Parsing relationship: /xl/_rels/workbook.xml.rels
11:03:04.741 [main] DEBUG org.apache.poi.openxml4j.opc.PackageRelationshipCollection.parseRelationshipsPart(PackageRelationshipCollection.java:307)oggger - Parsing relationship: /xl/worksheets/_rels/sheet1.xml.rels
11:03:04.744 [main] DEBUG org.apache.poi.openxml4j.opc.PackageRelationshipCollection.parseRelationshipsPart(PackageRelationshipCollection.java:307)oggger - Parsing relationship: /xl/worksheets/_rels/sheet2.xml.rels
11:03:04.744 [main] DEBUG org.apache.poi.openxml4j.opc.PackageRelationshipCollection.parseRelationshipsPart(PackageRelationshipCollection.java:307)oggger - Parsing relationship: /xl/worksheets/_rels/sheet3.xml.rels
11:03:04.745 [main] DEBUG org.apache.poi.openxml4j.opc.PackageRelationshipCollection.parseRelationshipsPart(PackageRelationshipCollection.java:307)oggger - Parsing relationship: /_rels/.rels
11:03:04.753 [main] DEBUG org.apache.poi.ooxml.POIXMLFactory.createDocumentPart(POIXMLFactory.java:65)oggger - using default POIXMLDocumentPart for http://schemas.openxmlformats.org/officeDocument/2006/relationships/printerSettings
11:03:04.767 [main] DEBUG org.apache.poi.openxml4j.opc.PackageRelationshipCollection.parseRelationshipsPart(PackageRelationshipCollection.java:307)oggger - Parsing relationship: /xl/_rels/workbook.xml.rels
11:03:04.767 [main] DEBUG org.apache.poi.openxml4j.opc.PackageRelationshipCollection.parseRelationshipsPart(PackageRelationshipCollection.java:307)oggger - Parsing relationship: /xl/worksheets/_rels/sheet1.xml.rels
11:03:04.769 [main] DEBUG org.apache.poi.openxml4j.opc.PackageRelationshipCollection.parseRelationshipsPart(PackageRelationshipCollection.java:307)oggger - Parsing relationship: /xl/worksheets/_rels/sheet2.xml.rels
11:03:04.769 [main] DEBUG org.apache.poi.openxml4j.opc.PackageRelationshipCollection.parseRelationshipsPart(PackageRelationshipCollection.java:307)oggger - Parsing relationship: /xl/worksheets/_rels/sheet3.xml.rels
11:03:04.769 [main] DEBUG org.apache.poi.openxml4j.opc.PackageRelationshipCollection.parseRelationshipsPart(PackageRelationshipCollection.java:307)oggger - Parsing relationship: /_rels/.rels
11:03:04.781 [main] DEBUG org.apache.poi.ooxml.POIXMLFactory.createDocumentPart(POIXMLFactory.java:65)oggger - using default POIXMLDocumentPart for http://schemas.openxmlformats.org/officeDocument/2006/relationships/printerSettings
11:03:04.794 [main] DEBUG org.apache.poi.openxml4j.opc.PackageRelationshipCollection.parseRelationshipsPart(PackageRelationshipCollection.java:307)oggger - Parsing relationship: /xl/_rels/workbook.xml.rels
11:03:04.796 [main] DEBUG org.apache.poi.openxml4j.opc.PackageRelationshipCollection.parseRelationshipsPart(PackageRelationshipCollection.java:307)oggger - Parsing relationship: /xl/worksheets/_rels/sheet1.xml.rels
11:03:04.796 [main] DEBUG org.apache.poi.openxml4j.opc.PackageRelationshipCollection.parseRelationshipsPart(PackageRelationshipCollection.java:307)oggger - Parsing relationship: /xl/worksheets/_rels/sheet2.xml.rels
11:03:04.796 [main] DEBUG org.apache.poi.openxml4j.opc.PackageRelationshipCollection.parseRelationshipsPart(PackageRelationshipCollection.java:307)oggger - Parsing relationship: /xl/worksheets/_rels/sheet3.xml.rels
11:03:04.798 [main] DEBUG org.apache.poi.openxml4j.opc.PackageRelationshipCollection.parseRelationshipsPart(PackageRelationshipCollection.java:307)oggger - Parsing relationship: /_rels/.rels
11:03:04.802 [main] DEBUG org.apache.poi.ooxml.POIXMLFactory.createDocumentPart(POIXMLFactory.java:65)oggger - using default POIXMLDocumentPart for http://schemas.openxmlformats.org/officeDocument/2006/relationships/printerSettings
11:03:04.816 [main] DEBUG org.apache.poi.openxml4j.opc.PackageRelationshipCollection.parseRelationshipsPart(PackageRelationshipCollection.java:307)oggger - Parsing relationship: /xl/_rels/workbook.xml.rels
11:03:04.818 [main] DEBUG org.apache.poi.openxml4j.opc.PackageRelationshipCollection.parseRelationshipsPart(PackageRelationshipCollection.java:307)oggger - Parsing relationship: /xl/worksheets/_rels/sheet1.xml.rels
11:03:04.818 [main] DEBUG org.apache.poi.openxml4j.opc.PackageRelationshipCollection.parseRelationshipsPart(PackageRelationshipCollection.java:307)oggger - Parsing relationship: /xl/worksheets/_rels/sheet2.xml.rels
11:03:04.818 [main] DEBUG org.apache.poi.openxml4j.opc.PackageRelationshipCollection.parseRelationshipsPart(PackageRelationshipCollection.java:307)oggger - Parsing relationship: /xl/worksheets/_rels/sheet3.xml.rels
11:03:04.820 [main] DEBUG org.apache.poi.openxml4j.opc.PackageRelationshipCollection.parseRelationshipsPart(PackageRelationshipCollection.java:307)oggger - Parsing relationship: /_rels/.rels
11:03:04.826 [main] DEBUG org.apache.poi.ooxml.POIXMLFactory.createDocumentPart(POIXMLFactory.java:65)oggger - using default POIXMLDocumentPart for http://schemas.openxmlformats.org/officeDocument/2006/relationships/printerSettings
11:03:04.840 [main] DEBUG org.apache.poi.openxml4j.opc.PackageRelationshipCollection.parseRelationshipsPart(PackageRelationshipCollection.java:307)oggger - Parsing relationship: /xl/_rels/workbook.xml.rels
11:03:04.840 [main] DEBUG org.apache.poi.openxml4j.opc.PackageRelationshipCollection.parseRelationshipsPart(PackageRelationshipCollection.java:307)oggger - Parsing relationship: /xl/worksheets/_rels/sheet1.xml.rels
11:03:04.840 [main] DEBUG org.apache.poi.openxml4j.opc.PackageRelationshipCollection.parseRelationshipsPart(PackageRelationshipCollection.java:307)oggger - Parsing relationship: /xl/worksheets/_rels/sheet2.xml.rels
11:03:04.842 [main] DEBUG org.apache.poi.openxml4j.opc.PackageRelationshipCollection.parseRelationshipsPart(PackageRelationshipCollection.java:307)oggger - Parsing relationship: /xl/worksheets/_rels/sheet3.xml.rels
11:03:04.844 [main] DEBUG org.apache.poi.openxml4j.opc.PackageRelationshipCollection.parseRelationshipsPart(PackageRelationshipCollection.java:307)oggger - Parsing relationship: /_rels/.rels
11:03:04.850 [main] DEBUG org.apache.poi.ooxml.POIXMLFactory.createDocumentPart(POIXMLFactory.java:65)oggger - using default POIXMLDocumentPart for http://schemas.openxmlformats.org/officeDocument/2006/relationships/printerSettings
11:03:04.861 [main] DEBUG org.apache.poi.openxml4j.opc.PackageRelationshipCollection.parseRelationshipsPart(PackageRelationshipCollection.java:307)oggger - Parsing relationship: /xl/_rels/workbook.xml.rels
11:03:04.861 [main] DEBUG org.apache.poi.openxml4j.opc.PackageRelationshipCollection.parseRelationshipsPart(PackageRelationshipCollection.java:307)oggger - Parsing relationship: /xl/worksheets/_rels/sheet1.xml.rels
11:03:04.863 [main] DEBUG org.apache.poi.openxml4j.opc.PackageRelationshipCollection.parseRelationshipsPart(PackageRelationshipCollection.java:307)oggger - Parsing relationship: /xl/worksheets/_rels/sheet2.xml.rels
11:03:04.863 [main] DEBUG org.apache.poi.openxml4j.opc.PackageRelationshipCollection.parseRelationshipsPart(PackageRelationshipCollection.java:307)oggger - Parsing relationship: /xl/worksheets/_rels/sheet3.xml.rels
11:03:04.863 [main] DEBUG org.apache.poi.openxml4j.opc.PackageRelationshipCollection.parseRelationshipsPart(PackageRelationshipCollection.java:307)oggger - Parsing relationship: /_rels/.rels
11:03:04.869 [main] DEBUG org.apache.poi.ooxml.POIXMLFactory.createDocumentPart(POIXMLFactory.java:65)oggger - using default POIXMLDocumentPart for http://schemas.openxmlformats.org/officeDocument/2006/relationships/printerSettings
11:03:04.895 [main] INFO  testClasses.TC003_LoginDDT.testLoginDDT(TC003_LoginDDT.java:26)oggger - ******Tesing TC003_LoginDDT started*******
11:03:05.421 [main] INFO  testClasses.TC003_LoginDDT.testLoginDDT(TC003_LoginDDT.java:32)oggger - ******On login page *******
11:03:05.611 [main] INFO  testClasses.TC003_LoginDDT.testLoginDDT(TC003_LoginDDT.java:38)oggger - ******on my account page*******
11:03:07.987 [main] INFO  testClasses.TC003_LoginDDT.testLoginDDT(TC003_LoginDDT.java:47)oggger - ****Logged in with valid data successufully*******
11:03:07.993 [main] INFO  testClasses.TC003_LoginDDT.testLoginDDT(TC003_LoginDDT.java:74)oggger - ********Testing TC003_LoginDDT completed********
11:03:08.003 [main] INFO  testClasses.TC003_LoginDDT.testLoginDDT(TC003_LoginDDT.java:26)oggger - ******Tesing TC003_LoginDDT started*******
11:03:08.413 [main] INFO  testClasses.TC003_LoginDDT.testLoginDDT(TC003_LoginDDT.java:32)oggger - ******On login page *******
11:03:09.511 [main] INFO  testClasses.TC003_LoginDDT.testLoginDDT(TC003_LoginDDT.java:38)oggger - ******on my account page*******
11:03:19.528 [main] INFO  testClasses.TC003_LoginDDT.testLoginDDT(TC003_LoginDDT.java:62)oggger - ****Not Logged in with Invalid data *******
11:03:19.528 [main] INFO  testClasses.TC003_LoginDDT.testLoginDDT(TC003_LoginDDT.java:74)oggger - ********Testing TC003_LoginDDT completed********
11:03:19.536 [main] INFO  testClasses.TC003_LoginDDT.testLoginDDT(TC003_LoginDDT.java:26)oggger - ******Tesing TC003_LoginDDT started*******
11:03:19.940 [main] INFO  testClasses.TC003_LoginDDT.testLoginDDT(TC003_LoginDDT.java:32)oggger - ******On login page *******
11:03:21.200 [main] INFO  testClasses.TC003_LoginDDT.testLoginDDT(TC003_LoginDDT.java:38)oggger - ******on my account page*******
11:03:21.851 [main] INFO  testClasses.TC003_LoginDDT.testLoginDDT(TC003_LoginDDT.java:47)oggger - ****Logged in with valid data successufully*******
11:03:21.851 [main] INFO  testClasses.TC003_LoginDDT.testLoginDDT(TC003_LoginDDT.java:74)oggger - ********Testing TC003_LoginDDT completed********
11:03:21.859 [main] INFO  testClasses.TC003_LoginDDT.testLoginDDT(TC003_LoginDDT.java:26)oggger - ******Tesing TC003_LoginDDT started*******
11:03:22.323 [main] INFO  testClasses.TC003_LoginDDT.testLoginDDT(TC003_LoginDDT.java:32)oggger - ******On login page *******
11:03:22.543 [main] INFO  testClasses.TC003_LoginDDT.testLoginDDT(TC003_LoginDDT.java:38)oggger - ******on my account page*******
11:03:24.257 [main] INFO  testClasses.TC003_LoginDDT.testLoginDDT(TC003_LoginDDT.java:59)oggger - ****Logged in with Invalid data successufully*******
11:03:24.266 [main] ERROR testClasses.TC003_LoginDDT.testLoginDDT(TC003_LoginDDT.java:69)oggger - ****Error Logs****expected [true] but found [false]
11:03:24.273 [main] ERROR baseTest.BaseTest.captureBrowserConsoleLogs(BaseTest.java:135)oggger - --- CAPTURING CHROME BROWSER CONSOLE LOGS ---
11:03:24.286 [main] INFO  testClasses.TC003_LoginDDT.testLoginDDT(TC003_LoginDDT.java:26)oggger - ******Tesing TC003_LoginDDT started*******
11:03:24.689 [main] INFO  testClasses.TC003_LoginDDT.testLoginDDT(TC003_LoginDDT.java:32)oggger - ******On login page *******
11:03:24.843 [main] INFO  testClasses.TC003_LoginDDT.testLoginDDT(TC003_LoginDDT.java:38)oggger - ******on my account page*******
11:03:34.872 [main] INFO  testClasses.TC003_LoginDDT.testLoginDDT(TC003_LoginDDT.java:50)oggger - ****Not Logged in with valid data *******
11:03:34.872 [main] ERROR testClasses.TC003_LoginDDT.testLoginDDT(TC003_LoginDDT.java:69)oggger - ****Error Logs****expected [true] but found [false]
11:03:34.872 [main] ERROR baseTest.BaseTest.captureBrowserConsoleLogs(BaseTest.java:135)oggger - --- CAPTURING CHROME BROWSER CONSOLE LOGS ---
11:03:34.872 [main] INFO  testClasses.TC003_LoginDDT.testLoginDDT(TC003_LoginDDT.java:26)oggger - ******Tesing TC003_LoginDDT started*******
11:03:35.291 [main] INFO  testClasses.TC003_LoginDDT.testLoginDDT(TC003_LoginDDT.java:32)oggger - ******On login page *******
11:03:35.433 [main] INFO  testClasses.TC003_LoginDDT.testLoginDDT(TC003_LoginDDT.java:38)oggger - ******on my account page*******
11:03:45.470 [main] INFO  testClasses.TC003_LoginDDT.testLoginDDT(TC003_LoginDDT.java:62)oggger - ****Not Logged in with Invalid data *******
11:03:45.470 [main] INFO  testClasses.TC003_LoginDDT.testLoginDDT(TC003_LoginDDT.java:74)oggger - ********Testing TC003_LoginDDT completed********
11:04:21.748 [main] DEBUG org.testng.log4testng.Logger.debug(Logger.java:82)oggger - suiteXmlPath: "C:\Users\VedaB\eclipse-workspace\OpenCartV121\grouping.xml"
11:04:22.514 [main] INFO  org.testng.log4testng.Logger.info(Logger.java:112)oggger - [TestNG] Running:
  C:\Users\VedaB\eclipse-workspace\OpenCartV121\grouping.xml

11:04:26.363 [main] INFO  testClasses.TC001_RegisterTest.testRegisteration(TC001_RegisterTest.java:16)oggger - ******Testing TC001_RegisterTest*******
11:04:26.452 [main] INFO  testClasses.TC001_RegisterTest.testRegisteration(TC001_RegisterTest.java:20)oggger - Clicked on My account link
11:04:27.042 [main] INFO  testClasses.TC001_RegisterTest.testRegisteration(TC001_RegisterTest.java:22)oggger - Clicked on Register link
11:04:27.045 [main] INFO  testClasses.TC001_RegisterTest.testRegisteration(TC001_RegisterTest.java:25)oggger - Providing customer details.....
11:04:28.555 [main] INFO  testClasses.TC001_RegisterTest.testRegisteration(TC001_RegisterTest.java:51)oggger - Validating expected message
11:04:28.924 [main] INFO  testClasses.TC001_RegisterTest.testRegisteration(TC001_RegisterTest.java:71)oggger - *******Finished testing**********
11:04:32.406 [main] INFO  testClasses.TC002_LoginTest.testLogin(TC002_LoginTest.java:16)oggger - *****TC002_LoginTest execution started*******
11:04:42.047 [main] INFO  testClasses.TC002_LoginTest.testLogin(TC002_LoginTest.java:29)oggger - ******Validation*******
11:04:42.073 [main] INFO  testClasses.TC002_LoginTest.testLogin(TC002_LoginTest.java:41)oggger - ****Testing TC002_LoginTest completed *******
11:08:02.165 [main] DEBUG org.testng.log4testng.Logger.debug(Logger.java:82)oggger - suiteXmlPath: "C:\Users\VedaB\eclipse-workspace\OpenCartV121\crossbrowsertesting.xml"
11:08:02.945 [main] INFO  org.testng.log4testng.Logger.info(Logger.java:112)oggger - [TestNG] Running:
  C:\Users\VedaB\eclipse-workspace\OpenCartV121\crossbrowsertesting.xml

11:08:10.181 [TestNG-tests-1] INFO  testClasses.TC001_RegisterTest.testRegisteration(TC001_RegisterTest.java:16)oggger - ******Testing TC001_RegisterTest*******
11:08:13.421 [TestNG-tests-2] INFO  testClasses.TC001_RegisterTest.testRegisteration(TC001_RegisterTest.java:16)oggger - ******Testing TC001_RegisterTest*******
11:08:13.431 [TestNG-tests-3] INFO  testClasses.TC001_RegisterTest.testRegisteration(TC001_RegisterTest.java:16)oggger - ******Testing TC001_RegisterTest*******
11:08:13.524 [TestNG-tests-1] INFO  testClasses.TC001_RegisterTest.testRegisteration(TC001_RegisterTest.java:20)oggger - Clicked on My account link
11:08:13.614 [TestNG-tests-2] INFO  testClasses.TC001_RegisterTest.testRegisteration(TC001_RegisterTest.java:20)oggger - Clicked on My account link
11:08:13.733 [TestNG-tests-3] INFO  testClasses.TC001_RegisterTest.testRegisteration(TC001_RegisterTest.java:20)oggger - Clicked on My account link
11:08:14.348 [TestNG-tests-1] INFO  testClasses.TC001_RegisterTest.testRegisteration(TC001_RegisterTest.java:22)oggger - Clicked on Register link
11:08:14.354 [TestNG-tests-1] INFO  testClasses.TC001_RegisterTest.testRegisteration(TC001_RegisterTest.java:25)oggger - Providing customer details.....
11:08:14.374 [TestNG-tests-2] ERROR testClasses.TC001_RegisterTest.testRegisteration(TC001_RegisterTest.java:62)oggger - test failed
11:08:14.374 [TestNG-tests-2] DEBUG testClasses.TC001_RegisterTest.testRegisteration(TC001_RegisterTest.java:63)oggger - Debug logs....
11:08:14.376 [TestNG-tests-3] ERROR testClasses.TC001_RegisterTest.testRegisteration(TC001_RegisterTest.java:62)oggger - test failed
11:08:14.376 [TestNG-tests-3] DEBUG testClasses.TC001_RegisterTest.testRegisteration(TC001_RegisterTest.java:63)oggger - Debug logs....
11:08:14.387 [TestNG-tests-3] ERROR baseTest.BaseTest.captureBrowserConsoleLogs(BaseTest.java:140)oggger - Could not fetch browser logs: Error communicating with the remote browser. It may have died.
Build info: version: '4.48.0', revision: '27f5213 27f5213055e28398a5105b7892b7a3bb2012a6ef'
System info: os.name: 'Windows Server 2025', os.arch: 'amd64', os.version: '10.0', java.version: '17.0.20.1'
Driver info: org.openqa.selenium.firefox.FirefoxDriver
Command: [6365fd61-a4f6-424e-a30f-44bfd9ceb5fd, getLog [type]]
Capabilities {acceptInsecureCerts: true, browserName: firefox, browserVersion: 155.0.1, moz:accessibilityChecks: false, moz:buildID: 20260903215306, moz:geckodriverVersion: 0.37.1, moz:headless: false, moz:platformVersion: 10.0, moz:processID: 19856, moz:profile: C:\Users\LOCAL_~1\Temp\rust..., moz:shutdownTimeout: 60000, moz:webdriverClick: true, moz:windowless: false, pageLoadStrategy: normal, platformName: windows, proxy: Proxy(), setWindowRect: true, strictFileInteractability: false, timeouts: {implicit: 0, pageLoad: 300000, script: 30000}, unhandledPromptBehavior: dismiss and notify, userAgent: Mozilla/5.0 (Windows NT 10....}
Session ID: 6365fd61-a4f6-424e-a30f-44bfd9ceb5fd
11:08:14.387 [TestNG-tests-3] INFO  testClasses.TC001_RegisterTest.testRegisteration(TC001_RegisterTest.java:71)oggger - *******Finished testing**********
11:08:14.389 [TestNG-tests-2] ERROR baseTest.BaseTest.captureBrowserConsoleLogs(BaseTest.java:140)oggger - Could not fetch browser logs: HTTP method not allowed
Command duration or timeout: 7 milliseconds
Build info: version: '4.48.0', revision: '27f5213 27f5213055e28398a5105b7892b7a3bb2012a6ef'
System info: os.name: 'Windows Server 2025', os.arch: 'amd64', os.version: '10.0', java.version: '17.0.20.1'
Driver info: org.openqa.selenium.firefox.FirefoxDriver
Command: [6365fd61-a4f6-424e-a30f-44bfd9ceb5fd, getLog {type=browser}]
Capabilities {acceptInsecureCerts: true, browserName: firefox, browserVersion: 155.0.1, moz:accessibilityChecks: false, moz:buildID: 20260903215306, moz:geckodriverVersion: 0.37.1, moz:headless: false, moz:platformVersion: 10.0, moz:processID: 19856, moz:profile: C:\Users\LOCAL_~1\Temp\rust..., moz:shutdownTimeout: 60000, moz:webdriverClick: true, moz:windowless: false, pageLoadStrategy: normal, platformName: windows, proxy: Proxy(), setWindowRect: true, strictFileInteractability: false, timeouts: {implicit: 0, pageLoad: 300000, script: 30000}, unhandledPromptBehavior: dismiss and notify, userAgent: Mozilla/5.0 (Windows NT 10....}
Session ID: 6365fd61-a4f6-424e-a30f-44bfd9ceb5fd
11:08:14.389 [TestNG-tests-2] INFO  testClasses.TC001_RegisterTest.testRegisteration(TC001_RegisterTest.java:71)oggger - *******Finished testing**********
11:08:15.281 [TestNG-tests-1] ERROR testClasses.TC001_RegisterTest.testRegisteration(TC001_RegisterTest.java:62)oggger - test failed
11:08:15.283 [TestNG-tests-1] DEBUG testClasses.TC001_RegisterTest.testRegisteration(TC001_RegisterTest.java:63)oggger - Debug logs....
11:08:15.285 [TestNG-tests-1] ERROR baseTest.BaseTest.captureBrowserConsoleLogs(BaseTest.java:140)oggger - Could not fetch browser logs: Error communicating with the remote browser. It may have died.
Build info: version: '4.48.0', revision: '27f5213 27f5213055e28398a5105b7892b7a3bb2012a6ef'
System info: os.name: 'Windows Server 2025', os.arch: 'amd64', os.version: '10.0', java.version: '17.0.20.1'
Driver info: org.openqa.selenium.firefox.FirefoxDriver
Command: [6365fd61-a4f6-424e-a30f-44bfd9ceb5fd, getLog [type]]
Capabilities {acceptInsecureCerts: true, browserName: firefox, browserVersion: 155.0.1, moz:accessibilityChecks: false, moz:buildID: 20260903215306, moz:geckodriverVersion: 0.37.1, moz:headless: false, moz:platformVersion: 10.0, moz:processID: 19856, moz:profile: C:\Users\LOCAL_~1\Temp\rust..., moz:shutdownTimeout: 60000, moz:webdriverClick: true, moz:windowless: false, pageLoadStrategy: normal, platformName: windows, proxy: Proxy(), setWindowRect: true, strictFileInteractability: false, timeouts: {implicit: 0, pageLoad: 300000, script: 30000}, unhandledPromptBehavior: dismiss and notify, userAgent: Mozilla/5.0 (Windows NT 10....}
Session ID: 6365fd61-a4f6-424e-a30f-44bfd9ceb5fd
11:08:15.285 [TestNG-tests-1] INFO  testClasses.TC001_RegisterTest.testRegisteration(TC001_RegisterTest.java:71)oggger - *******Finished testing**********
11:08:42.505 [main] DEBUG org.testng.log4testng.Logger.debug(Logger.java:82)oggger - suiteXmlPath: "C:\Users\VedaB\eclipse-workspace\OpenCartV121\crossbrowsertesting.xml"
11:08:43.363 [main] INFO  org.testng.log4testng.Logger.info(Logger.java:112)oggger - [TestNG] Running:
  C:\Users\VedaB\eclipse-workspace\OpenCartV121\crossbrowsertesting.xml

11:08:50.240 [TestNG-tests-2] INFO  testClasses.TC001_RegisterTest.testRegisteration(TC001_RegisterTest.java:16)oggger - ******Testing TC001_RegisterTest*******
11:08:50.243 [TestNG-tests-1] INFO  testClasses.TC001_RegisterTest.testRegisteration(TC001_RegisterTest.java:16)oggger - ******Testing TC001_RegisterTest*******
11:08:53.447 [TestNG-tests-3] INFO  testClasses.TC001_RegisterTest.testRegisteration(TC001_RegisterTest.java:16)oggger - ******Testing TC001_RegisterTest*******
11:08:53.728 [TestNG-tests-1] INFO  testClasses.TC001_RegisterTest.testRegisteration(TC001_RegisterTest.java:20)oggger - Clicked on My account link
11:08:53.859 [TestNG-tests-2] INFO  testClasses.TC001_RegisterTest.testRegisteration(TC001_RegisterTest.java:20)oggger - Clicked on My account link
11:08:53.960 [TestNG-tests-3] INFO  testClasses.TC001_RegisterTest.testRegisteration(TC001_RegisterTest.java:20)oggger - Clicked on My account link
11:08:54.838 [TestNG-tests-3] INFO  testClasses.TC001_RegisterTest.testRegisteration(TC001_RegisterTest.java:22)oggger - Clicked on Register link
11:08:54.845 [TestNG-tests-3] INFO  testClasses.TC001_RegisterTest.testRegisteration(TC001_RegisterTest.java:25)oggger - Providing customer details.....
11:08:54.883 [TestNG-tests-1] ERROR testClasses.TC001_RegisterTest.testRegisteration(TC001_RegisterTest.java:62)oggger - test failed
11:08:54.883 [TestNG-tests-1] DEBUG testClasses.TC001_RegisterTest.testRegisteration(TC001_RegisterTest.java:63)oggger - Debug logs....
11:08:54.885 [TestNG-tests-2] ERROR testClasses.TC001_RegisterTest.testRegisteration(TC001_RegisterTest.java:62)oggger - test failed
11:08:54.887 [TestNG-tests-2] DEBUG testClasses.TC001_RegisterTest.testRegisteration(TC001_RegisterTest.java:63)oggger - Debug logs....
11:08:54.899 [TestNG-tests-1] ERROR baseTest.BaseTest.captureBrowserConsoleLogs(BaseTest.java:140)oggger - Could not fetch browser logs: HTTP method not allowed
Command duration or timeout: 12 milliseconds
Build info: version: '4.48.0', revision: '27f5213 27f5213055e28398a5105b7892b7a3bb2012a6ef'
System info: os.name: 'Windows Server 2025', os.arch: 'amd64', os.version: '10.0', java.version: '17.0.20.1'
Driver info: org.openqa.selenium.firefox.FirefoxDriver
Command: [c520b318-1507-438d-bbc7-e4dafa631501, getLog {type=browser}]
Capabilities {acceptInsecureCerts: true, browserName: firefox, browserVersion: 155.0.1, moz:accessibilityChecks: false, moz:buildID: 20260903215306, moz:geckodriverVersion: 0.37.1, moz:headless: false, moz:platformVersion: 10.0, moz:processID: 14628, moz:profile: C:\Users\LOCAL_~1\Temp\rust..., moz:shutdownTimeout: 60000, moz:webdriverClick: true, moz:windowless: false, pageLoadStrategy: normal, platformName: windows, proxy: Proxy(), setWindowRect: true, strictFileInteractability: false, timeouts: {implicit: 0, pageLoad: 300000, script: 30000}, unhandledPromptBehavior: dismiss and notify, userAgent: Mozilla/5.0 (Windows NT 10....}
Session ID: c520b318-1507-438d-bbc7-e4dafa631501
11:08:54.899 [TestNG-tests-2] ERROR baseTest.BaseTest.captureBrowserConsoleLogs(BaseTest.java:140)oggger - Could not fetch browser logs: HTTP method not allowed
Command duration or timeout: 8 milliseconds
Build info: version: '4.48.0', revision: '27f5213 27f5213055e28398a5105b7892b7a3bb2012a6ef'
System info: os.name: 'Windows Server 2025', os.arch: 'amd64', os.version: '10.0', java.version: '17.0.20.1'
Driver info: org.openqa.selenium.firefox.FirefoxDriver
Command: [c520b318-1507-438d-bbc7-e4dafa631501, getLog {type=browser}]
Capabilities {acceptInsecureCerts: true, browserName: firefox, browserVersion: 155.0.1, moz:accessibilityChecks: false, moz:buildID: 20260903215306, moz:geckodriverVersion: 0.37.1, moz:headless: false, moz:platformVersion: 10.0, moz:processID: 14628, moz:profile: C:\Users\LOCAL_~1\Temp\rust..., moz:shutdownTimeout: 60000, moz:webdriverClick: true, moz:windowless: false, pageLoadStrategy: normal, platformName: windows, proxy: Proxy(), setWindowRect: true, strictFileInteractability: false, timeouts: {implicit: 0, pageLoad: 300000, script: 30000}, unhandledPromptBehavior: dismiss and notify, userAgent: Mozilla/5.0 (Windows NT 10....}
Session ID: c520b318-1507-438d-bbc7-e4dafa631501
11:08:54.899 [TestNG-tests-1] INFO  testClasses.TC001_RegisterTest.testRegisteration(TC001_RegisterTest.java:71)oggger - *******Finished testing**********
11:08:54.899 [TestNG-tests-2] INFO  testClasses.TC001_RegisterTest.testRegisteration(TC001_RegisterTest.java:71)oggger - *******Finished testing**********
11:08:55.889 [TestNG-tests-3] ERROR testClasses.TC001_RegisterTest.testRegisteration(TC001_RegisterTest.java:62)oggger - test failed
11:08:55.889 [TestNG-tests-3] DEBUG testClasses.TC001_RegisterTest.testRegisteration(TC001_RegisterTest.java:63)oggger - Debug logs....
11:08:55.891 [TestNG-tests-3] ERROR baseTest.BaseTest.captureBrowserConsoleLogs(BaseTest.java:140)oggger - Could not fetch browser logs: Error communicating with the remote browser. It may have died.
Build info: version: '4.48.0', revision: '27f5213 27f5213055e28398a5105b7892b7a3bb2012a6ef'
System info: os.name: 'Windows Server 2025', os.arch: 'amd64', os.version: '10.0', java.version: '17.0.20.1'
Driver info: org.openqa.selenium.firefox.FirefoxDriver
Command: [c520b318-1507-438d-bbc7-e4dafa631501, getLog [type]]
Capabilities {acceptInsecureCerts: true, browserName: firefox, browserVersion: 155.0.1, moz:accessibilityChecks: false, moz:buildID: 20260903215306, moz:geckodriverVersion: 0.37.1, moz:headless: false, moz:platformVersion: 10.0, moz:processID: 14628, moz:profile: C:\Users\LOCAL_~1\Temp\rust..., moz:shutdownTimeout: 60000, moz:webdriverClick: true, moz:windowless: false, pageLoadStrategy: normal, platformName: windows, proxy: Proxy(), setWindowRect: true, strictFileInteractability: false, timeouts: {implicit: 0, pageLoad: 300000, script: 30000}, unhandledPromptBehavior: dismiss and notify, userAgent: Mozilla/5.0 (Windows NT 10....}
Session ID: c520b318-1507-438d-bbc7-e4dafa631501
11:08:55.891 [TestNG-tests-3] INFO  testClasses.TC001_RegisterTest.testRegisteration(TC001_RegisterTest.java:71)oggger - *******Finished testing**********
11:09:40.512 [main] DEBUG org.testng.log4testng.Logger.debug(Logger.java:82)oggger - suiteXmlPath: "C:\Users\VedaB\eclipse-workspace\OpenCartV121\crossbrowsertesting.xml"
11:09:41.270 [main] INFO  org.testng.log4testng.Logger.info(Logger.java:112)oggger - [TestNG] Running:
  C:\Users\VedaB\eclipse-workspace\OpenCartV121\crossbrowsertesting.xml

11:09:51.370 [TestNG-tests-2] INFO  testClasses.TC001_RegisterTest.testRegisteration(TC001_RegisterTest.java:16)oggger - ******Testing TC001_RegisterTest*******
11:09:51.370 [TestNG-tests-1] INFO  testClasses.TC001_RegisterTest.testRegisteration(TC001_RegisterTest.java:16)oggger - ******Testing TC001_RegisterTest*******
11:09:51.380 [TestNG-tests-3] INFO  testClasses.TC001_RegisterTest.testRegisteration(TC001_RegisterTest.java:16)oggger - ******Testing TC001_RegisterTest*******
11:09:51.669 [TestNG-tests-2] INFO  testClasses.TC001_RegisterTest.testRegisteration(TC001_RegisterTest.java:20)oggger - Clicked on My account link
11:09:51.736 [TestNG-tests-1] INFO  testClasses.TC001_RegisterTest.testRegisteration(TC001_RegisterTest.java:20)oggger - Clicked on My account link
11:09:51.826 [TestNG-tests-3] INFO  testClasses.TC001_RegisterTest.testRegisteration(TC001_RegisterTest.java:20)oggger - Clicked on My account link
11:09:52.524 [TestNG-tests-1] INFO  testClasses.TC001_RegisterTest.testRegisteration(TC001_RegisterTest.java:22)oggger - Clicked on Register link
11:09:52.528 [TestNG-tests-1] INFO  testClasses.TC001_RegisterTest.testRegisteration(TC001_RegisterTest.java:25)oggger - Providing customer details.....
11:09:52.600 [TestNG-tests-2] ERROR testClasses.TC001_RegisterTest.testRegisteration(TC001_RegisterTest.java:62)oggger - test failed
11:09:52.600 [TestNG-tests-3] ERROR testClasses.TC001_RegisterTest.testRegisteration(TC001_RegisterTest.java:62)oggger - test failed
11:09:52.602 [TestNG-tests-3] DEBUG testClasses.TC001_RegisterTest.testRegisteration(TC001_RegisterTest.java:63)oggger - Debug logs....
11:09:52.614 [TestNG-tests-2] DEBUG testClasses.TC001_RegisterTest.testRegisteration(TC001_RegisterTest.java:63)oggger - Debug logs....
11:09:52.643 [TestNG-tests-3] ERROR baseTest.BaseTest.captureBrowserConsoleLogs(BaseTest.java:140)oggger - Could not fetch browser logs: HTTP method not allowed
Command duration or timeout: 39 milliseconds
Build info: version: '4.48.0', revision: '27f5213 27f5213055e28398a5105b7892b7a3bb2012a6ef'
System info: os.name: 'Windows Server 2025', os.arch: 'amd64', os.version: '10.0', java.version: '17.0.20.1'
Driver info: org.openqa.selenium.firefox.FirefoxDriver
Command: [0f4d0bf1-bdf2-4956-bfe8-7810c4e9a741, getLog {type=browser}]
Capabilities {acceptInsecureCerts: true, browserName: firefox, browserVersion: 155.0.1, moz:accessibilityChecks: false, moz:buildID: 20260903215306, moz:geckodriverVersion: 0.37.1, moz:headless: false, moz:platformVersion: 10.0, moz:processID: 9400, moz:profile: C:\Users\LOCAL_~1\Temp\rust..., moz:shutdownTimeout: 60000, moz:webdriverClick: true, moz:windowless: false, pageLoadStrategy: normal, platformName: windows, proxy: Proxy(), setWindowRect: true, strictFileInteractability: false, timeouts: {implicit: 0, pageLoad: 300000, script: 30000}, unhandledPromptBehavior: dismiss and notify, userAgent: Mozilla/5.0 (Windows NT 10....}
Session ID: 0f4d0bf1-bdf2-4956-bfe8-7810c4e9a741
11:09:52.643 [TestNG-tests-2] ERROR baseTest.BaseTest.captureBrowserConsoleLogs(BaseTest.java:140)oggger - Could not fetch browser logs: HTTP method not allowed
Command duration or timeout: 25 milliseconds
Build info: version: '4.48.0', revision: '27f5213 27f5213055e28398a5105b7892b7a3bb2012a6ef'
System info: os.name: 'Windows Server 2025', os.arch: 'amd64', os.version: '10.0', java.version: '17.0.20.1'
Driver info: org.openqa.selenium.firefox.FirefoxDriver
Command: [0f4d0bf1-bdf2-4956-bfe8-7810c4e9a741, getLog {type=browser}]
Capabilities {acceptInsecureCerts: true, browserName: firefox, browserVersion: 155.0.1, moz:accessibilityChecks: false, moz:buildID: 20260903215306, moz:geckodriverVersion: 0.37.1, moz:headless: false, moz:platformVersion: 10.0, moz:processID: 9400, moz:profile: C:\Users\LOCAL_~1\Temp\rust..., moz:shutdownTimeout: 60000, moz:webdriverClick: true, moz:windowless: false, pageLoadStrategy: normal, platformName: windows, proxy: Proxy(), setWindowRect: true, strictFileInteractability: false, timeouts: {implicit: 0, pageLoad: 300000, script: 30000}, unhandledPromptBehavior: dismiss and notify, userAgent: Mozilla/5.0 (Windows NT 10....}
Session ID: 0f4d0bf1-bdf2-4956-bfe8-7810c4e9a741
11:09:52.645 [TestNG-tests-2] INFO  testClasses.TC001_RegisterTest.testRegisteration(TC001_RegisterTest.java:71)oggger - *******Finished testing**********
11:09:52.643 [TestNG-tests-3] INFO  testClasses.TC001_RegisterTest.testRegisteration(TC001_RegisterTest.java:71)oggger - *******Finished testing**********
11:09:53.679 [TestNG-tests-1] ERROR testClasses.TC001_RegisterTest.testRegisteration(TC001_RegisterTest.java:62)oggger - test failed
11:09:53.679 [TestNG-tests-1] DEBUG testClasses.TC001_RegisterTest.testRegisteration(TC001_RegisterTest.java:63)oggger - Debug logs....
11:09:53.680 [TestNG-tests-1] ERROR baseTest.BaseTest.captureBrowserConsoleLogs(BaseTest.java:140)oggger - Could not fetch browser logs: Error communicating with the remote browser. It may have died.
Build info: version: '4.48.0', revision: '27f5213 27f5213055e28398a5105b7892b7a3bb2012a6ef'
System info: os.name: 'Windows Server 2025', os.arch: 'amd64', os.version: '10.0', java.version: '17.0.20.1'
Driver info: org.openqa.selenium.firefox.FirefoxDriver
Command: [0f4d0bf1-bdf2-4956-bfe8-7810c4e9a741, getLog [type]]
Capabilities {acceptInsecureCerts: true, browserName: firefox, browserVersion: 155.0.1, moz:accessibilityChecks: false, moz:buildID: 20260903215306, moz:geckodriverVersion: 0.37.1, moz:headless: false, moz:platformVersion: 10.0, moz:processID: 9400, moz:profile: C:\Users\LOCAL_~1\Temp\rust..., moz:shutdownTimeout: 60000, moz:webdriverClick: true, moz:windowless: false, pageLoadStrategy: normal, platformName: windows, proxy: Proxy(), setWindowRect: true, strictFileInteractability: false, timeouts: {implicit: 0, pageLoad: 300000, script: 30000}, unhandledPromptBehavior: dismiss and notify, userAgent: Mozilla/5.0 (Windows NT 10....}
Session ID: 0f4d0bf1-bdf2-4956-bfe8-7810c4e9a741
11:09:53.680 [TestNG-tests-1] INFO  testClasses.TC001_RegisterTest.testRegisteration(TC001_RegisterTest.java:71)oggger - *******Finished testing**********
11:11:41.871 [main] DEBUG org.testng.log4testng.Logger.debug(Logger.java:82)oggger - suiteXmlPath: "C:\Users\VedaB\eclipse-workspace\OpenCartV121\crossbrowsertesting.xml"
11:11:42.625 [main] INFO  org.testng.log4testng.Logger.info(Logger.java:112)oggger - [TestNG] Running:
  C:\Users\VedaB\eclipse-workspace\OpenCartV121\crossbrowsertesting.xml

11:11:49.337 [TestNG-tests-2] INFO  testClasses.TC001_RegisterTest.testRegisteration(TC001_RegisterTest.java:16)oggger - ******Testing TC001_RegisterTest*******
11:11:49.721 [TestNG-tests-1] INFO  testClasses.TC001_RegisterTest.testRegisteration(TC001_RegisterTest.java:16)oggger - ******Testing TC001_RegisterTest*******
11:11:49.814 [TestNG-tests-2] INFO  testClasses.TC001_RegisterTest.testRegisteration(TC001_RegisterTest.java:20)oggger - Clicked on My account link
11:11:49.896 [TestNG-tests-1] INFO  testClasses.TC001_RegisterTest.testRegisteration(TC001_RegisterTest.java:20)oggger - Clicked on My account link
11:11:53.145 [TestNG-tests-3] INFO  testClasses.TC001_RegisterTest.testRegisteration(TC001_RegisterTest.java:16)oggger - ******Testing TC001_RegisterTest*******
11:11:53.291 [TestNG-tests-3] INFO  testClasses.TC001_RegisterTest.testRegisteration(TC001_RegisterTest.java:20)oggger - Clicked on My account link
11:11:53.888 [TestNG-tests-3] INFO  testClasses.TC001_RegisterTest.testRegisteration(TC001_RegisterTest.java:22)oggger - Clicked on Register link
11:11:53.898 [TestNG-tests-3] INFO  testClasses.TC001_RegisterTest.testRegisteration(TC001_RegisterTest.java:25)oggger - Providing customer details.....
11:11:57.869 [TestNG-tests-3] INFO  testClasses.TC001_RegisterTest.testRegisteration(TC001_RegisterTest.java:51)oggger - Validating expected message
11:11:58.009 [TestNG-tests-3] INFO  testClasses.TC001_RegisterTest.testRegisteration(TC001_RegisterTest.java:71)oggger - *******Finished testing**********
11:11:59.914 [TestNG-tests-2] ERROR testClasses.TC001_RegisterTest.testRegisteration(TC001_RegisterTest.java:62)oggger - test failed
11:11:59.916 [TestNG-tests-2] DEBUG testClasses.TC001_RegisterTest.testRegisteration(TC001_RegisterTest.java:63)oggger - Debug logs....
11:11:59.916 [TestNG-tests-2] ERROR baseTest.BaseTest.captureBrowserConsoleLogs(BaseTest.java:140)oggger - Could not fetch browser logs: Session ID is null. Using WebDriver after calling quit()?
Build info: version: '4.48.0', revision: '27f5213 27f5213055e28398a5105b7892b7a3bb2012a6ef'
System info: os.name: 'Windows Server 2025', os.arch: 'amd64', os.version: '10.0', java.version: '17.0.20.1'
Driver info: org.openqa.selenium.firefox.FirefoxDriver
Command: [null, getLog {type=browser}]
Capabilities {acceptInsecureCerts: true, browserName: firefox, browserVersion: 155.0.1, moz:accessibilityChecks: false, moz:buildID: 20260903215306, moz:geckodriverVersion: 0.37.1, moz:headless: false, moz:platformVersion: 10.0, moz:processID: 20152, moz:profile: C:\Users\LOCAL_~1\Temp\rust..., moz:shutdownTimeout: 60000, moz:webdriverClick: true, moz:windowless: false, pageLoadStrategy: normal, platformName: windows, proxy: Proxy(), setWindowRect: true, strictFileInteractability: false, timeouts: {implicit: 0, pageLoad: 300000, script: 30000}, unhandledPromptBehavior: dismiss and notify, userAgent: Mozilla/5.0 (Windows NT 10....}
11:11:59.916 [TestNG-tests-2] INFO  testClasses.TC001_RegisterTest.testRegisteration(TC001_RegisterTest.java:71)oggger - *******Finished testing**********
11:12:08.458 [TestNG-tests-1] ERROR testClasses.TC001_RegisterTest.testRegisteration(TC001_RegisterTest.java:62)oggger - test failed
11:12:08.459 [TestNG-tests-1] DEBUG testClasses.TC001_RegisterTest.testRegisteration(TC001_RegisterTest.java:63)oggger - Debug logs....
11:12:08.460 [TestNG-tests-1] ERROR baseTest.BaseTest.captureBrowserConsoleLogs(BaseTest.java:140)oggger - Could not fetch browser logs: Session ID is null. Using WebDriver after calling quit()?
Build info: version: '4.48.0', revision: '27f5213 27f5213055e28398a5105b7892b7a3bb2012a6ef'
System info: os.name: 'Windows Server 2025', os.arch: 'amd64', os.version: '10.0', java.version: '17.0.20.1'
Driver info: org.openqa.selenium.firefox.FirefoxDriver
Command: [null, getLog {type=browser}]
Capabilities {acceptInsecureCerts: true, browserName: firefox, browserVersion: 155.0.1, moz:accessibilityChecks: false, moz:buildID: 20260903215306, moz:geckodriverVersion: 0.37.1, moz:headless: false, moz:platformVersion: 10.0, moz:processID: 20152, moz:profile: C:\Users\LOCAL_~1\Temp\rust..., moz:shutdownTimeout: 60000, moz:webdriverClick: true, moz:windowless: false, pageLoadStrategy: normal, platformName: windows, proxy: Proxy(), setWindowRect: true, strictFileInteractability: false, timeouts: {implicit: 0, pageLoad: 300000, script: 30000}, unhandledPromptBehavior: dismiss and notify, userAgent: Mozilla/5.0 (Windows NT 10....}
11:12:08.460 [TestNG-tests-1] INFO  testClasses.TC001_RegisterTest.testRegisteration(TC001_RegisterTest.java:71)oggger - *******Finished testing**********
11:12:27.200 [main] DEBUG org.testng.log4testng.Logger.debug(Logger.java:82)oggger - suiteXmlPath: "C:\Users\VedaB\eclipse-workspace\OpenCartV121\crossbrowsertesting.xml"
11:12:28.179 [main] INFO  org.testng.log4testng.Logger.info(Logger.java:112)oggger - [TestNG] Running:
  C:\Users\VedaB\eclipse-workspace\OpenCartV121\crossbrowsertesting.xml

11:12:34.221 [TestNG-tests-1] INFO  testClasses.TC001_RegisterTest.testRegisteration(TC001_RegisterTest.java:16)oggger - ******Testing TC001_RegisterTest*******
11:12:34.806 [TestNG-tests-2] INFO  testClasses.TC001_RegisterTest.testRegisteration(TC001_RegisterTest.java:16)oggger - ******Testing TC001_RegisterTest*******
11:12:35.331 [TestNG-tests-1] INFO  testClasses.TC001_RegisterTest.testRegisteration(TC001_RegisterTest.java:20)oggger - Clicked on My account link
11:12:35.402 [TestNG-tests-2] INFO  testClasses.TC001_RegisterTest.testRegisteration(TC001_RegisterTest.java:20)oggger - Clicked on My account link
11:12:40.674 [TestNG-tests-3] INFO  testClasses.TC001_RegisterTest.testRegisteration(TC001_RegisterTest.java:16)oggger - ******Testing TC001_RegisterTest*******
11:12:40.789 [TestNG-tests-3] INFO  testClasses.TC001_RegisterTest.testRegisteration(TC001_RegisterTest.java:20)oggger - Clicked on My account link
11:12:41.448 [TestNG-tests-3] INFO  testClasses.TC001_RegisterTest.testRegisteration(TC001_RegisterTest.java:22)oggger - Clicked on Register link
11:12:41.454 [TestNG-tests-3] INFO  testClasses.TC001_RegisterTest.testRegisteration(TC001_RegisterTest.java:25)oggger - Providing customer details.....
11:12:44.912 [TestNG-tests-3] INFO  testClasses.TC001_RegisterTest.testRegisteration(TC001_RegisterTest.java:51)oggger - Validating expected message
11:12:44.937 [TestNG-tests-3] INFO  testClasses.TC001_RegisterTest.testRegisteration(TC001_RegisterTest.java:71)oggger - *******Finished testing**********
11:12:45.490 [TestNG-tests-1] ERROR testClasses.TC001_RegisterTest.testRegisteration(TC001_RegisterTest.java:62)oggger - test failed
11:12:45.490 [TestNG-tests-1] DEBUG testClasses.TC001_RegisterTest.testRegisteration(TC001_RegisterTest.java:63)oggger - Debug logs....
11:12:46.075 [TestNG-tests-1] ERROR baseTest.BaseTest.captureBrowserConsoleLogs(BaseTest.java:140)oggger - Could not fetch browser logs: HTTP method not allowed
Command duration or timeout: 562 milliseconds
Build info: version: '4.48.0', revision: '27f5213 27f5213055e28398a5105b7892b7a3bb2012a6ef'
System info: os.name: 'Windows Server 2025', os.arch: 'amd64', os.version: '10.0', java.version: '17.0.20.1'
Driver info: org.openqa.selenium.firefox.FirefoxDriver
Command: [2723853d-6ad2-4fec-8ce1-d1fbbd3c35c2, getLog {type=browser}]
Capabilities {acceptInsecureCerts: true, browserName: firefox, browserVersion: 155.0.1, moz:accessibilityChecks: false, moz:buildID: 20260903215306, moz:geckodriverVersion: 0.37.1, moz:headless: false, moz:platformVersion: 10.0, moz:processID: 18548, moz:profile: C:\Users\LOCAL_~1\Temp\rust..., moz:shutdownTimeout: 60000, moz:webdriverClick: true, moz:windowless: false, pageLoadStrategy: normal, platformName: windows, proxy: Proxy(), setWindowRect: true, strictFileInteractability: false, timeouts: {implicit: 0, pageLoad: 300000, script: 30000}, unhandledPromptBehavior: dismiss and notify, userAgent: Mozilla/5.0 (Windows NT 10....}
Session ID: 2723853d-6ad2-4fec-8ce1-d1fbbd3c35c2
11:12:46.077 [TestNG-tests-1] INFO  testClasses.TC001_RegisterTest.testRegisteration(TC001_RegisterTest.java:71)oggger - *******Finished testing**********
11:12:55.570 [TestNG-tests-2] ERROR testClasses.TC001_RegisterTest.testRegisteration(TC001_RegisterTest.java:62)oggger - test failed
11:12:55.570 [TestNG-tests-2] DEBUG testClasses.TC001_RegisterTest.testRegisteration(TC001_RegisterTest.java:63)oggger - Debug logs....
11:12:55.570 [TestNG-tests-2] ERROR baseTest.BaseTest.captureBrowserConsoleLogs(BaseTest.java:140)oggger - Could not fetch browser logs: Session ID is null. Using WebDriver after calling quit()?
Build info: version: '4.48.0', revision: '27f5213 27f5213055e28398a5105b7892b7a3bb2012a6ef'
System info: os.name: 'Windows Server 2025', os.arch: 'amd64', os.version: '10.0', java.version: '17.0.20.1'
Driver info: org.openqa.selenium.firefox.FirefoxDriver
Command: [null, getLog {type=browser}]
Capabilities {acceptInsecureCerts: true, browserName: firefox, browserVersion: 155.0.1, moz:accessibilityChecks: false, moz:buildID: 20260903215306, moz:geckodriverVersion: 0.37.1, moz:headless: false, moz:platformVersion: 10.0, moz:processID: 18548, moz:profile: C:\Users\LOCAL_~1\Temp\rust..., moz:shutdownTimeout: 60000, moz:webdriverClick: true, moz:windowless: false, pageLoadStrategy: normal, platformName: windows, proxy: Proxy(), setWindowRect: true, strictFileInteractability: false, timeouts: {implicit: 0, pageLoad: 300000, script: 30000}, unhandledPromptBehavior: dismiss and notify, userAgent: Mozilla/5.0 (Windows NT 10....}
11:12:55.570 [TestNG-tests-2] INFO  testClasses.TC001_RegisterTest.testRegisteration(TC001_RegisterTest.java:71)oggger - *******Finished testing**********
11:16:44.796 [main] DEBUG org.testng.log4testng.Logger.debug(Logger.java:82)oggger - suiteXmlPath: "C:\Users\VedaB\eclipse-workspace\OpenCartV121\grouping.xml"
11:16:45.585 [main] INFO  org.testng.log4testng.Logger.info(Logger.java:112)oggger - [TestNG] Running:
  C:\Users\VedaB\eclipse-workspace\OpenCartV121\grouping.xml

11:16:50.403 [main] INFO  testClasses.TC001_RegisterTest.testRegisteration(TC001_RegisterTest.java:16)oggger - ******Testing TC001_RegisterTest*******
11:16:50.516 [main] INFO  testClasses.TC001_RegisterTest.testRegisteration(TC001_RegisterTest.java:20)oggger - Clicked on My account link
11:16:51.102 [main] INFO  testClasses.TC001_RegisterTest.testRegisteration(TC001_RegisterTest.java:22)oggger - Clicked on Register link
11:16:51.110 [main] INFO  testClasses.TC001_RegisterTest.testRegisteration(TC001_RegisterTest.java:25)oggger - Providing customer details.....
11:16:54.230 [main] INFO  testClasses.TC001_RegisterTest.testRegisteration(TC001_RegisterTest.java:51)oggger - Validating expected message
11:16:54.245 [main] INFO  testClasses.TC001_RegisterTest.testRegisteration(TC001_RegisterTest.java:71)oggger - *******Finished testing**********
11:16:57.408 [main] INFO  testClasses.TC002_LoginTest.testLogin(TC002_LoginTest.java:16)oggger - *****TC002_LoginTest execution started*******
11:17:07.041 [main] INFO  testClasses.TC002_LoginTest.testLogin(TC002_LoginTest.java:29)oggger - ******Validation*******
11:17:07.057 [main] INFO  testClasses.TC002_LoginTest.testLogin(TC002_LoginTest.java:41)oggger - ****Testing TC002_LoginTest completed *******
11:17:26.077 [main] DEBUG org.testng.log4testng.Logger.debug(Logger.java:82)oggger - suiteXmlPath: "C:\Users\VedaB\eclipse-workspace\OpenCartV121\crossbrowsertesting.xml"
11:17:26.834 [main] INFO  org.testng.log4testng.Logger.info(Logger.java:112)oggger - [TestNG] Running:
  C:\Users\VedaB\eclipse-workspace\OpenCartV121\crossbrowsertesting.xml

11:17:33.086 [TestNG-tests-1] INFO  testClasses.TC001_RegisterTest.testRegisteration(TC001_RegisterTest.java:16)oggger - ******Testing TC001_RegisterTest*******
11:17:33.090 [TestNG-tests-2] INFO  testClasses.TC001_RegisterTest.testRegisteration(TC001_RegisterTest.java:16)oggger - ******Testing TC001_RegisterTest*******
11:17:33.953 [TestNG-tests-2] INFO  testClasses.TC001_RegisterTest.testRegisteration(TC001_RegisterTest.java:20)oggger - Clicked on My account link
11:17:34.086 [TestNG-tests-1] INFO  testClasses.TC001_RegisterTest.testRegisteration(TC001_RegisterTest.java:20)oggger - Clicked on My account link
11:17:37.746 [TestNG-tests-3] INFO  testClasses.TC001_RegisterTest.testRegisteration(TC001_RegisterTest.java:16)oggger - ******Testing TC001_RegisterTest*******
11:17:37.871 [TestNG-tests-3] INFO  testClasses.TC001_RegisterTest.testRegisteration(TC001_RegisterTest.java:20)oggger - Clicked on My account link
11:17:38.477 [TestNG-tests-3] INFO  testClasses.TC001_RegisterTest.testRegisteration(TC001_RegisterTest.java:22)oggger - Clicked on Register link
11:17:38.482 [TestNG-tests-3] INFO  testClasses.TC001_RegisterTest.testRegisteration(TC001_RegisterTest.java:25)oggger - Providing customer details.....
11:17:41.095 [TestNG-tests-3] INFO  testClasses.TC001_RegisterTest.testRegisteration(TC001_RegisterTest.java:51)oggger - Validating expected message
11:17:41.112 [TestNG-tests-3] INFO  testClasses.TC001_RegisterTest.testRegisteration(TC001_RegisterTest.java:71)oggger - *******Finished testing**********
11:17:44.174 [TestNG-tests-2] ERROR testClasses.TC001_RegisterTest.testRegisteration(TC001_RegisterTest.java:62)oggger - test failed
11:17:44.177 [TestNG-tests-2] DEBUG testClasses.TC001_RegisterTest.testRegisteration(TC001_RegisterTest.java:63)oggger - Debug logs....
11:17:44.179 [TestNG-tests-2] ERROR baseTest.BaseTest.captureBrowserConsoleLogs(BaseTest.java:140)oggger - Could not fetch browser logs: Session ID is null. Using WebDriver after calling quit()?
Build info: version: '4.48.0', revision: '27f5213 27f5213055e28398a5105b7892b7a3bb2012a6ef'
System info: os.name: 'Windows Server 2025', os.arch: 'amd64', os.version: '10.0', java.version: '17.0.20.1'
Driver info: org.openqa.selenium.firefox.FirefoxDriver
Command: [null, getLog {type=browser}]
Capabilities {acceptInsecureCerts: true, browserName: firefox, browserVersion: 155.0.1, moz:accessibilityChecks: false, moz:buildID: 20260903215306, moz:geckodriverVersion: 0.37.1, moz:headless: false, moz:platformVersion: 10.0, moz:processID: 3252, moz:profile: C:\Users\LOCAL_~1\Temp\rust..., moz:shutdownTimeout: 60000, moz:webdriverClick: true, moz:windowless: false, pageLoadStrategy: normal, platformName: windows, proxy: Proxy(), setWindowRect: true, strictFileInteractability: false, timeouts: {implicit: 0, pageLoad: 300000, script: 30000}, unhandledPromptBehavior: dismiss and notify, userAgent: Mozilla/5.0 (Windows NT 10....}
11:17:44.179 [TestNG-tests-2] INFO  testClasses.TC001_RegisterTest.testRegisteration(TC001_RegisterTest.java:71)oggger - *******Finished testing**********
11:17:54.194 [TestNG-tests-1] ERROR testClasses.TC001_RegisterTest.testRegisteration(TC001_RegisterTest.java:62)oggger - test failed
11:17:54.194 [TestNG-tests-1] DEBUG testClasses.TC001_RegisterTest.testRegisteration(TC001_RegisterTest.java:63)oggger - Debug logs....
11:17:54.195 [TestNG-tests-1] ERROR baseTest.BaseTest.captureBrowserConsoleLogs(BaseTest.java:140)oggger - Could not fetch browser logs: Session ID is null. Using WebDriver after calling quit()?
Build info: version: '4.48.0', revision: '27f5213 27f5213055e28398a5105b7892b7a3bb2012a6ef'
System info: os.name: 'Windows Server 2025', os.arch: 'amd64', os.version: '10.0', java.version: '17.0.20.1'
Driver info: org.openqa.selenium.firefox.FirefoxDriver
Command: [null, getLog {type=browser}]
Capabilities {acceptInsecureCerts: true, browserName: firefox, browserVersion: 155.0.1, moz:accessibilityChecks: false, moz:buildID: 20260903215306, moz:geckodriverVersion: 0.37.1, moz:headless: false, moz:platformVersion: 10.0, moz:processID: 3252, moz:profile: C:\Users\LOCAL_~1\Temp\rust..., moz:shutdownTimeout: 60000, moz:webdriverClick: true, moz:windowless: false, pageLoadStrategy: normal, platformName: windows, proxy: Proxy(), setWindowRect: true, strictFileInteractability: false, timeouts: {implicit: 0, pageLoad: 300000, script: 30000}, unhandledPromptBehavior: dismiss and notify, userAgent: Mozilla/5.0 (Windows NT 10....}
11:17:54.195 [TestNG-tests-1] INFO  testClasses.TC001_RegisterTest.testRegisteration(TC001_RegisterTest.java:71)oggger - *******Finished testing**********
11:21:37.766 [main] DEBUG org.testng.log4testng.Logger.debug(Logger.java:82)oggger - suiteXmlPath: "C:\Users\VedaB\eclipse-workspace\OpenCartV121\crossbrowsertesting.xml"
11:21:38.557 [main] INFO  org.testng.log4testng.Logger.info(Logger.java:112)oggger - [TestNG] Running:
  C:\Users\VedaB\eclipse-workspace\OpenCartV121\crossbrowsertesting.xml

11:21:45.671 [TestNG-tests-1] INFO  testClasses.TC001_RegisterTest.testRegisteration(TC001_RegisterTest.java:16)oggger - ******Testing TC001_RegisterTest*******
11:21:45.701 [TestNG-tests-2] INFO  testClasses.TC001_RegisterTest.testRegisteration(TC001_RegisterTest.java:16)oggger - ******Testing TC001_RegisterTest*******
11:21:45.898 [TestNG-tests-1] INFO  testClasses.TC001_RegisterTest.testRegisteration(TC001_RegisterTest.java:20)oggger - Clicked on My account link
11:21:45.979 [TestNG-tests-2] INFO  testClasses.TC001_RegisterTest.testRegisteration(TC001_RegisterTest.java:20)oggger - Clicked on My account link
11:21:46.919 [TestNG-tests-1] INFO  testClasses.TC001_RegisterTest.testRegisteration(TC001_RegisterTest.java:22)oggger - Clicked on Register link
11:21:46.925 [TestNG-tests-1] INFO  testClasses.TC001_RegisterTest.testRegisteration(TC001_RegisterTest.java:25)oggger - Providing customer details.....
11:21:47.014 [TestNG-tests-2] INFO  testClasses.TC001_RegisterTest.testRegisteration(TC001_RegisterTest.java:22)oggger - Clicked on Register link
11:21:47.015 [TestNG-tests-2] INFO  testClasses.TC001_RegisterTest.testRegisteration(TC001_RegisterTest.java:25)oggger - Providing customer details.....
11:21:51.073 [TestNG-tests-3] INFO  testClasses.TC001_RegisterTest.testRegisteration(TC001_RegisterTest.java:16)oggger - ******Testing TC001_RegisterTest*******
11:21:51.164 [TestNG-tests-3] INFO  testClasses.TC001_RegisterTest.testRegisteration(TC001_RegisterTest.java:20)oggger - Clicked on My account link
11:21:51.323 [TestNG-tests-1] INFO  testClasses.TC001_RegisterTest.testRegisteration(TC001_RegisterTest.java:51)oggger - Validating expected message
11:21:51.348 [TestNG-tests-1] INFO  testClasses.TC001_RegisterTest.testRegisteration(TC001_RegisterTest.java:71)oggger - *******Finished testing**********
11:21:51.386 [TestNG-tests-2] INFO  testClasses.TC001_RegisterTest.testRegisteration(TC001_RegisterTest.java:51)oggger - Validating expected message
11:21:51.418 [TestNG-tests-2] INFO  testClasses.TC001_RegisterTest.testRegisteration(TC001_RegisterTest.java:71)oggger - *******Finished testing**********
11:21:51.795 [TestNG-tests-3] INFO  testClasses.TC001_RegisterTest.testRegisteration(TC001_RegisterTest.java:22)oggger - Clicked on Register link
11:21:51.796 [TestNG-tests-3] INFO  testClasses.TC001_RegisterTest.testRegisteration(TC001_RegisterTest.java:25)oggger - Providing customer details.....
11:21:54.600 [TestNG-tests-3] INFO  testClasses.TC001_RegisterTest.testRegisteration(TC001_RegisterTest.java:51)oggger - Validating expected message
11:21:54.612 [TestNG-tests-3] INFO  testClasses.TC001_RegisterTest.testRegisteration(TC001_RegisterTest.java:71)oggger - *******Finished testing**********
11:40:19.171 [main] DEBUG org.testng.log4testng.Logger.debug(Logger.java:82)oggger - suiteXmlPath: "C:\Users\VedaB\eclipse-workspace\OpenCartV121\crossbrowsertesting.xml"
11:40:19.999 [main] INFO  org.testng.log4testng.Logger.info(Logger.java:112)oggger - [TestNG] Running:
  C:\Users\VedaB\eclipse-workspace\OpenCartV121\crossbrowsertesting.xml

11:40:28.828 [TestNG-tests-1] INFO  testClasses.TC001_RegisterTest.testRegisteration(TC001_RegisterTest.java:16)oggger - ******Testing TC001_RegisterTest*******
11:40:28.828 [TestNG-tests-2] INFO  testClasses.TC001_RegisterTest.testRegisteration(TC001_RegisterTest.java:16)oggger - ******Testing TC001_RegisterTest*******
11:40:29.461 [TestNG-tests-1] INFO  testClasses.TC001_RegisterTest.testRegisteration(TC001_RegisterTest.java:20)oggger - Clicked on My account link
11:40:29.785 [TestNG-tests-2] INFO  testClasses.TC001_RegisterTest.testRegisteration(TC001_RegisterTest.java:20)oggger - Clicked on My account link
11:40:32.763 [TestNG-tests-3] INFO  testClasses.TC001_RegisterTest.testRegisteration(TC001_RegisterTest.java:16)oggger - ******Testing TC001_RegisterTest*******
11:40:32.874 [TestNG-tests-3] INFO  testClasses.TC001_RegisterTest.testRegisteration(TC001_RegisterTest.java:20)oggger - Clicked on My account link
11:40:33.498 [TestNG-tests-3] INFO  testClasses.TC001_RegisterTest.testRegisteration(TC001_RegisterTest.java:22)oggger - Clicked on Register link
11:40:33.508 [TestNG-tests-3] INFO  testClasses.TC001_RegisterTest.testRegisteration(TC001_RegisterTest.java:25)oggger - Providing customer details.....
11:40:37.326 [TestNG-tests-3] INFO  testClasses.TC001_RegisterTest.testRegisteration(TC001_RegisterTest.java:51)oggger - Validating expected message
11:40:37.370 [TestNG-tests-3] INFO  testClasses.TC001_RegisterTest.testRegisteration(TC001_RegisterTest.java:71)oggger - *******Finished testing**********
11:40:40.171 [TestNG-tests-1] ERROR testClasses.TC001_RegisterTest.testRegisteration(TC001_RegisterTest.java:62)oggger - test failed
11:40:40.171 [TestNG-tests-1] DEBUG testClasses.TC001_RegisterTest.testRegisteration(TC001_RegisterTest.java:63)oggger - Debug logs....
11:40:40.195 [TestNG-tests-1] ERROR baseTest.BaseTest.captureBrowserConsoleLogs(BaseTest.java:140)oggger - Could not fetch browser logs: Session ID is null. Using WebDriver after calling quit()?
Build info: version: '4.48.0', revision: '27f5213 27f5213055e28398a5105b7892b7a3bb2012a6ef'
System info: os.name: 'Windows Server 2025', os.arch: 'amd64', os.version: '10.0', java.version: '17.0.20.1'
Driver info: org.openqa.selenium.firefox.FirefoxDriver
Command: [null, getLog {type=browser}]
Capabilities {acceptInsecureCerts: true, browserName: firefox, browserVersion: 155.0.1, moz:accessibilityChecks: false, moz:buildID: 20260903215306, moz:geckodriverVersion: 0.37.1, moz:headless: false, moz:platformVersion: 10.0, moz:processID: 22028, moz:profile: C:\Users\LOCAL_~1\Temp\rust..., moz:shutdownTimeout: 60000, moz:webdriverClick: true, moz:windowless: false, pageLoadStrategy: normal, platformName: windows, proxy: Proxy(), setWindowRect: true, strictFileInteractability: false, timeouts: {implicit: 0, pageLoad: 300000, script: 30000}, unhandledPromptBehavior: dismiss and notify, userAgent: Mozilla/5.0 (Windows NT 10....}
11:40:40.196 [TestNG-tests-1] INFO  testClasses.TC001_RegisterTest.testRegisteration(TC001_RegisterTest.java:71)oggger - *******Finished testing**********
11:40:51.160 [TestNG-tests-2] ERROR testClasses.TC001_RegisterTest.testRegisteration(TC001_RegisterTest.java:62)oggger - test failed
11:40:51.161 [TestNG-tests-2] DEBUG testClasses.TC001_RegisterTest.testRegisteration(TC001_RegisterTest.java:63)oggger - Debug logs....
11:40:51.161 [TestNG-tests-2] ERROR baseTest.BaseTest.captureBrowserConsoleLogs(BaseTest.java:140)oggger - Could not fetch browser logs: Session ID is null. Using WebDriver after calling quit()?
Build info: version: '4.48.0', revision: '27f5213 27f5213055e28398a5105b7892b7a3bb2012a6ef'
System info: os.name: 'Windows Server 2025', os.arch: 'amd64', os.version: '10.0', java.version: '17.0.20.1'
Driver info: org.openqa.selenium.firefox.FirefoxDriver
Command: [null, getLog {type=browser}]
Capabilities {acceptInsecureCerts: true, browserName: firefox, browserVersion: 155.0.1, moz:accessibilityChecks: false, moz:buildID: 20260903215306, moz:geckodriverVersion: 0.37.1, moz:headless: false, moz:platformVersion: 10.0, moz:processID: 22028, moz:profile: C:\Users\LOCAL_~1\Temp\rust..., moz:shutdownTimeout: 60000, moz:webdriverClick: true, moz:windowless: false, pageLoadStrategy: normal, platformName: windows, proxy: Proxy(), setWindowRect: true, strictFileInteractability: false, timeouts: {implicit: 0, pageLoad: 300000, script: 30000}, unhandledPromptBehavior: dismiss and notify, userAgent: Mozilla/5.0 (Windows NT 10....}
11:40:51.162 [TestNG-tests-2] INFO  testClasses.TC001_RegisterTest.testRegisteration(TC001_RegisterTest.java:71)oggger - *******Finished testing**********
11:41:14.723 [main] DEBUG org.testng.log4testng.Logger.debug(Logger.java:82)oggger - suiteXmlPath: "C:\Users\VedaB\eclipse-workspace\OpenCartV121\crossbrowsertesting.xml"
11:41:15.507 [main] INFO  org.testng.log4testng.Logger.info(Logger.java:112)oggger - [TestNG] Running:
  C:\Users\VedaB\eclipse-workspace\OpenCartV121\crossbrowsertesting.xml

11:41:22.374 [TestNG-tests-1] INFO  testClasses.TC001_RegisterTest.testRegisteration(TC001_RegisterTest.java:16)oggger - ******Testing TC001_RegisterTest*******
11:41:22.728 [TestNG-tests-2] INFO  testClasses.TC001_RegisterTest.testRegisteration(TC001_RegisterTest.java:16)oggger - ******Testing TC001_RegisterTest*******
11:41:23.160 [TestNG-tests-1] INFO  testClasses.TC001_RegisterTest.testRegisteration(TC001_RegisterTest.java:20)oggger - Clicked on My account link
11:41:24.185 [TestNG-tests-1] INFO  testClasses.TC001_RegisterTest.testRegisteration(TC001_RegisterTest.java:22)oggger - Clicked on Register link
11:41:24.193 [TestNG-tests-1] INFO  testClasses.TC001_RegisterTest.testRegisteration(TC001_RegisterTest.java:25)oggger - Providing customer details.....
11:41:32.800 [TestNG-tests-2] ERROR testClasses.TC001_RegisterTest.testRegisteration(TC001_RegisterTest.java:62)oggger - test failed
11:41:32.800 [TestNG-tests-2] DEBUG testClasses.TC001_RegisterTest.testRegisteration(TC001_RegisterTest.java:63)oggger - Debug logs....
11:41:34.568 [TestNG-tests-2] ERROR baseTest.BaseTest.captureBrowserConsoleLogs(BaseTest.java:140)oggger - Could not fetch browser logs: HTTP method not allowed
Command duration or timeout: 1.76 seconds
Build info: version: '4.48.0', revision: '27f5213 27f5213055e28398a5105b7892b7a3bb2012a6ef'
System info: os.name: 'Windows Server 2025', os.arch: 'amd64', os.version: '10.0', java.version: '17.0.20.1'
Driver info: org.openqa.selenium.firefox.FirefoxDriver
Command: [07bebddd-edf9-45b1-adbf-6158d9234177, getLog {type=browser}]
Capabilities {acceptInsecureCerts: true, browserName: firefox, browserVersion: 155.0.1, moz:accessibilityChecks: false, moz:buildID: 20260903215306, moz:geckodriverVersion: 0.37.1, moz:headless: false, moz:platformVersion: 10.0, moz:processID: 8500, moz:profile: C:\Users\LOCAL_~1\Temp\rust..., moz:shutdownTimeout: 60000, moz:webdriverClick: true, moz:windowless: false, pageLoadStrategy: normal, platformName: windows, proxy: Proxy(), setWindowRect: true, strictFileInteractability: false, timeouts: {implicit: 0, pageLoad: 300000, script: 30000}, unhandledPromptBehavior: dismiss and notify, userAgent: Mozilla/5.0 (Windows NT 10....}
Session ID: 07bebddd-edf9-45b1-adbf-6158d9234177
11:41:34.568 [TestNG-tests-2] INFO  testClasses.TC001_RegisterTest.testRegisteration(TC001_RegisterTest.java:71)oggger - *******Finished testing**********
11:41:44.583 [TestNG-tests-1] ERROR testClasses.TC001_RegisterTest.testRegisteration(TC001_RegisterTest.java:62)oggger - test failed
11:41:44.584 [TestNG-tests-1] DEBUG testClasses.TC001_RegisterTest.testRegisteration(TC001_RegisterTest.java:63)oggger - Debug logs....
11:41:45.373 [TestNG-tests-1] ERROR baseTest.BaseTest.captureBrowserConsoleLogs(BaseTest.java:140)oggger - Could not fetch browser logs: HTTP method not allowed
Command duration or timeout: 788 milliseconds
Build info: version: '4.48.0', revision: '27f5213 27f5213055e28398a5105b7892b7a3bb2012a6ef'
System info: os.name: 'Windows Server 2025', os.arch: 'amd64', os.version: '10.0', java.version: '17.0.20.1'
Driver info: org.openqa.selenium.firefox.FirefoxDriver
Command: [07bebddd-edf9-45b1-adbf-6158d9234177, getLog {type=browser}]
Capabilities {acceptInsecureCerts: true, browserName: firefox, browserVersion: 155.0.1, moz:accessibilityChecks: false, moz:buildID: 20260903215306, moz:geckodriverVersion: 0.37.1, moz:headless: false, moz:platformVersion: 10.0, moz:processID: 8500, moz:profile: C:\Users\LOCAL_~1\Temp\rust..., moz:shutdownTimeout: 60000, moz:webdriverClick: true, moz:windowless: false, pageLoadStrategy: normal, platformName: windows, proxy: Proxy(), setWindowRect: true, strictFileInteractability: false, timeouts: {implicit: 0, pageLoad: 300000, script: 30000}, unhandledPromptBehavior: dismiss and notify, userAgent: Mozilla/5.0 (Windows NT 10....}
Session ID: 07bebddd-edf9-45b1-adbf-6158d9234177
11:41:45.374 [TestNG-tests-1] INFO  testClasses.TC001_RegisterTest.testRegisteration(TC001_RegisterTest.java:71)oggger - *******Finished testing**********
12:08:46.813 [main] DEBUG org.testng.log4testng.Logger.debug(Logger.java:82)oggger - suiteXmlPath: "C:\Users\VedaB\eclipse-workspace\OpenCartV121\crossbrowsertesting.xml"
12:08:47.572 [main] INFO  org.testng.log4testng.Logger.info(Logger.java:112)oggger - [TestNG] Running:
  C:\Users\VedaB\eclipse-workspace\OpenCartV121\crossbrowsertesting.xml

12:08:53.354 [TestNG-tests-1] INFO  testClasses.TC001_RegisterTest.testRegisteration(TC001_RegisterTest.java:16)oggger - ******Testing TC001_RegisterTest*******
12:08:53.399 [TestNG-tests-2] INFO  testClasses.TC001_RegisterTest.testRegisteration(TC001_RegisterTest.java:16)oggger - ******Testing TC001_RegisterTest*******
12:08:54.781 [TestNG-tests-1] INFO  testClasses.TC001_RegisterTest.testRegisteration(TC001_RegisterTest.java:20)oggger - Clicked on My account link
12:08:55.730 [TestNG-tests-1] INFO  testClasses.TC001_RegisterTest.testRegisteration(TC001_RegisterTest.java:22)oggger - Clicked on Register link
12:08:55.753 [TestNG-tests-1] INFO  testClasses.TC001_RegisterTest.testRegisteration(TC001_RegisterTest.java:25)oggger - Providing customer details.....
12:08:55.831 [TestNG-tests-2] INFO  testClasses.TC001_RegisterTest.testRegisteration(TC001_RegisterTest.java:20)oggger - Clicked on My account link
12:08:57.089 [TestNG-tests-2] INFO  testClasses.TC001_RegisterTest.testRegisteration(TC001_RegisterTest.java:22)oggger - Clicked on Register link
12:08:57.090 [TestNG-tests-2] INFO  testClasses.TC001_RegisterTest.testRegisteration(TC001_RegisterTest.java:25)oggger - Providing customer details.....
12:09:00.032 [TestNG-tests-1] INFO  testClasses.TC001_RegisterTest.testRegisteration(TC001_RegisterTest.java:51)oggger - Validating expected message
12:09:00.086 [TestNG-tests-1] INFO  testClasses.TC001_RegisterTest.testRegisteration(TC001_RegisterTest.java:71)oggger - *******Finished testing**********
12:09:00.592 [TestNG-tests-2] INFO  testClasses.TC001_RegisterTest.testRegisteration(TC001_RegisterTest.java:51)oggger - Validating expected message
12:09:00.633 [TestNG-tests-2] INFO  testClasses.TC001_RegisterTest.testRegisteration(TC001_RegisterTest.java:71)oggger - *******Finished testing**********
12:09:01.103 [TestNG-tests-3] INFO  testClasses.TC001_RegisterTest.testRegisteration(TC001_RegisterTest.java:16)oggger - ******Testing TC001_RegisterTest*******
12:09:01.349 [TestNG-tests-3] INFO  testClasses.TC001_RegisterTest.testRegisteration(TC001_RegisterTest.java:20)oggger - Clicked on My account link
12:09:03.438 [TestNG-tests-3] INFO  testClasses.TC001_RegisterTest.testRegisteration(TC001_RegisterTest.java:22)oggger - Clicked on Register link
12:09:03.438 [TestNG-tests-3] INFO  testClasses.TC001_RegisterTest.testRegisteration(TC001_RegisterTest.java:25)oggger - Providing customer details.....
12:09:09.845 [TestNG-tests-3] INFO  testClasses.TC001_RegisterTest.testRegisteration(TC001_RegisterTest.java:51)oggger - Validating expected message
12:09:09.850 [TestNG-tests-3] INFO  testClasses.TC001_RegisterTest.testRegisteration(TC001_RegisterTest.java:71)oggger - *******Finished testing**********
12:10:00.736 [main] DEBUG org.testng.log4testng.Logger.debug(Logger.java:82)oggger - suiteXmlPath: "C:\Users\VedaB\eclipse-workspace\OpenCartV121\grouping.xml"
12:10:01.499 [main] INFO  org.testng.log4testng.Logger.info(Logger.java:112)oggger - [TestNG] Running:
  C:\Users\VedaB\eclipse-workspace\OpenCartV121\grouping.xml

12:10:06.033 [main] INFO  testClasses.TC001_RegisterTest.testRegisteration(TC001_RegisterTest.java:16)oggger - ******Testing TC001_RegisterTest*******
12:10:06.134 [main] INFO  testClasses.TC001_RegisterTest.testRegisteration(TC001_RegisterTest.java:20)oggger - Clicked on My account link
12:10:06.887 [main] INFO  testClasses.TC001_RegisterTest.testRegisteration(TC001_RegisterTest.java:22)oggger - Clicked on Register link
12:10:06.892 [main] INFO  testClasses.TC001_RegisterTest.testRegisteration(TC001_RegisterTest.java:25)oggger - Providing customer details.....
12:10:08.394 [main] INFO  testClasses.TC001_RegisterTest.testRegisteration(TC001_RegisterTest.java:51)oggger - Validating expected message
12:10:09.783 [main] INFO  testClasses.TC001_RegisterTest.testRegisteration(TC001_RegisterTest.java:71)oggger - *******Finished testing**********
12:10:13.779 [main] INFO  testClasses.TC002_LoginTest.testLogin(TC002_LoginTest.java:16)oggger - *****TC002_LoginTest execution started*******
12:10:23.581 [main] INFO  testClasses.TC002_LoginTest.testLogin(TC002_LoginTest.java:29)oggger - ******Validation*******
12:10:23.633 [main] INFO  testClasses.TC002_LoginTest.testLogin(TC002_LoginTest.java:41)oggger - ****Testing TC002_LoginTest completed *******
06:20:05.984 [main] DEBUG org.testng.log4testng.Logger.debug(Logger.java:82)oggger - suiteXmlPath: "C:\Users\VedaB\eclipse-workspace\OpenCartV121\master.xml"
06:20:08.303 [main] INFO  org.testng.log4testng.Logger.info(Logger.java:112)oggger - [TestNG] Running:
  C:\Users\VedaB\eclipse-workspace\OpenCartV121\master.xml

06:20:15.848 [main] INFO  testClasses.TC001_RegisterTest.testRegisteration(TC001_RegisterTest.java:16)oggger - ******Testing TC001_RegisterTest*******
06:20:16.890 [main] INFO  testClasses.TC001_RegisterTest.testRegisteration(TC001_RegisterTest.java:20)oggger - Clicked on My account link
06:20:17.545 [main] INFO  testClasses.TC001_RegisterTest.testRegisteration(TC001_RegisterTest.java:22)oggger - Clicked on Register link
06:20:17.551 [main] INFO  testClasses.TC001_RegisterTest.testRegisteration(TC001_RegisterTest.java:25)oggger - Providing customer details.....
06:20:21.102 [main] INFO  testClasses.TC001_RegisterTest.testRegisteration(TC001_RegisterTest.java:51)oggger - Validating expected message
06:20:21.139 [main] INFO  testClasses.TC001_RegisterTest.testRegisteration(TC001_RegisterTest.java:71)oggger - *******Finished testing**********
06:20:24.936 [main] INFO  testClasses.TC002_LoginTest.testLogin(TC002_LoginTest.java:16)oggger - *****TC002_LoginTest execution started*******
06:20:34.693 [main] INFO  testClasses.TC002_LoginTest.testLogin(TC002_LoginTest.java:29)oggger - ******Validation*******
06:20:34.781 [main] INFO  testClasses.TC002_LoginTest.testLogin(TC002_LoginTest.java:41)oggger - ****Testing TC002_LoginTest completed *******
06:21:29.320 [main] DEBUG org.testng.log4testng.Logger.debug(Logger.java:82)oggger - suiteXmlPath: "C:\Users\VedaB\eclipse-workspace\OpenCartV121\master.xml"
06:21:30.305 [main] INFO  org.testng.log4testng.Logger.info(Logger.java:112)oggger - [TestNG] Running:
  C:\Users\VedaB\eclipse-workspace\OpenCartV121\master.xml

06:24:20.992 [main] DEBUG org.testng.log4testng.Logger.debug(Logger.java:82)oggger - suiteXmlPath: "C:\Users\VedaB\eclipse-workspace\OpenCartV121\master.xml"
06:24:22.040 [main] INFO  org.testng.log4testng.Logger.info(Logger.java:112)oggger - [TestNG] Running:
  C:\Users\VedaB\eclipse-workspace\OpenCartV121\master.xml

06:24:27.315 [main] INFO  testClasses.TC001_RegisterTest.testRegisteration(TC001_RegisterTest.java:16)oggger - ******Testing TC001_RegisterTest*******
06:24:27.431 [main] INFO  testClasses.TC001_RegisterTest.testRegisteration(TC001_RegisterTest.java:20)oggger - Clicked on My account link
06:24:28.059 [main] INFO  testClasses.TC001_RegisterTest.testRegisteration(TC001_RegisterTest.java:22)oggger - Clicked on Register link
06:24:28.066 [main] INFO  testClasses.TC001_RegisterTest.testRegisteration(TC001_RegisterTest.java:25)oggger - Providing customer details.....
06:24:29.810 [main] INFO  testClasses.TC001_RegisterTest.testRegisteration(TC001_RegisterTest.java:51)oggger - Validating expected message
06:24:30.748 [main] INFO  testClasses.TC001_RegisterTest.testRegisteration(TC001_RegisterTest.java:71)oggger - *******Finished testing**********
06:24:34.971 [main] INFO  testClasses.TC002_LoginTest.testLogin(TC002_LoginTest.java:16)oggger - *****TC002_LoginTest execution started*******
06:24:44.702 [main] INFO  testClasses.TC002_LoginTest.testLogin(TC002_LoginTest.java:29)oggger - ******Validation*******
06:24:44.781 [main] INFO  testClasses.TC002_LoginTest.testLogin(TC002_LoginTest.java:41)oggger - ****Testing TC002_LoginTest completed *******
06:25:23.827 [main] DEBUG org.testng.log4testng.Logger.debug(Logger.java:82)oggger - suiteXmlPath: "C:\Users\VedaB\eclipse-workspace\OpenCartV121\grouping.xml"
06:25:24.734 [main] INFO  org.testng.log4testng.Logger.info(Logger.java:112)oggger - [TestNG] Running:
  C:\Users\VedaB\eclipse-workspace\OpenCartV121\grouping.xml

06:25:29.655 [main] INFO  testClasses.TC001_RegisterTest.testRegisteration(TC001_RegisterTest.java:16)oggger - ******Testing TC001_RegisterTest*******
06:25:29.760 [main] INFO  testClasses.TC001_RegisterTest.testRegisteration(TC001_RegisterTest.java:20)oggger - Clicked on My account link
06:25:30.492 [main] INFO  testClasses.TC001_RegisterTest.testRegisteration(TC001_RegisterTest.java:22)oggger - Clicked on Register link
06:25:30.500 [main] INFO  testClasses.TC001_RegisterTest.testRegisteration(TC001_RegisterTest.java:25)oggger - Providing customer details.....
06:25:34.866 [main] INFO  testClasses.TC001_RegisterTest.testRegisteration(TC001_RegisterTest.java:51)oggger - Validating expected message
06:25:34.894 [main] INFO  testClasses.TC001_RegisterTest.testRegisteration(TC001_RegisterTest.java:71)oggger - *******Finished testing**********
06:25:38.561 [main] INFO  testClasses.TC002_LoginTest.testLogin(TC002_LoginTest.java:16)oggger - *****TC002_LoginTest execution started*******
06:25:48.315 [main] INFO  testClasses.TC002_LoginTest.testLogin(TC002_LoginTest.java:29)oggger - ******Validation*******
06:25:48.382 [main] INFO  testClasses.TC002_LoginTest.testLogin(TC002_LoginTest.java:41)oggger - ****Testing TC002_LoginTest completed *******
06:26:13.172 [main] DEBUG org.testng.log4testng.Logger.debug(Logger.java:82)oggger - suiteXmlPath: "C:\Users\VedaB\eclipse-workspace\OpenCartV121\crossbrowsertesting.xml"
06:26:14.171 [main] INFO  org.testng.log4testng.Logger.info(Logger.java:112)oggger - [TestNG] Running:
  C:\Users\VedaB\eclipse-workspace\OpenCartV121\crossbrowsertesting.xml

06:26:14.762 [TestNG-tests-3] INFO  testClasses.TC001_RegisterTest.testRegisteration(TC001_RegisterTest.java:16)oggger - ******Testing TC001_RegisterTest*******
06:26:14.824 [TestNG-tests-3] ERROR testClasses.TC001_RegisterTest.testRegisteration(TC001_RegisterTest.java:62)oggger - test failed
06:26:14.824 [TestNG-tests-3] DEBUG testClasses.TC001_RegisterTest.testRegisteration(TC001_RegisterTest.java:63)oggger - Debug logs....
06:26:14.825 [TestNG-tests-3] ERROR baseTest.BaseTest.captureBrowserConsoleLogs(BaseTest.java:204)oggger - Could not fetch browser logs: Cannot invoke "org.openqa.selenium.WebDriver.manage()" because the return value of "baseTest.BaseTest.getDriver()" is null
06:26:14.825 [TestNG-tests-3] INFO  testClasses.TC001_RegisterTest.testRegisteration(TC001_RegisterTest.java:71)oggger - *******Finished testing**********
06:26:14.966 [TestNG-tests-3] INFO  testClasses.TC002_LoginTest.testLogin(TC002_LoginTest.java:16)oggger - *****TC002_LoginTest execution started*******
06:26:14.971 [TestNG-tests-3] ERROR testClasses.TC002_LoginTest.testLogin(TC002_LoginTest.java:35)oggger - ****Error Logs****Cannot invoke "org.openqa.selenium.SearchContext.findElement(org.openqa.selenium.By)" because "this.searchContext" is null
06:26:14.973 [TestNG-tests-3] ERROR baseTest.BaseTest.captureBrowserConsoleLogs(BaseTest.java:204)oggger - Could not fetch browser logs: Cannot invoke "org.openqa.selenium.WebDriver.manage()" because the return value of "baseTest.BaseTest.getDriver()" is null
06:26:14.973 [TestNG-tests-3] INFO  testClasses.TC002_LoginTest.testLogin(TC002_LoginTest.java:41)oggger - ****Testing TC002_LoginTest completed *******
06:26:23.449 [TestNG-tests-2] INFO  testClasses.TC001_RegisterTest.testRegisteration(TC001_RegisterTest.java:16)oggger - ******Testing TC001_RegisterTest*******
06:26:23.555 [TestNG-tests-1] INFO  testClasses.TC001_RegisterTest.testRegisteration(TC001_RegisterTest.java:16)oggger - ******Testing TC001_RegisterTest*******
06:26:23.678 [TestNG-tests-1] INFO  testClasses.TC001_RegisterTest.testRegisteration(TC001_RegisterTest.java:20)oggger - Clicked on My account link
06:26:23.698 [TestNG-tests-2] INFO  testClasses.TC001_RegisterTest.testRegisteration(TC001_RegisterTest.java:20)oggger - Clicked on My account link
06:26:24.382 [TestNG-tests-1] INFO  testClasses.TC001_RegisterTest.testRegisteration(TC001_RegisterTest.java:22)oggger - Clicked on Register link
06:26:24.387 [TestNG-tests-1] INFO  testClasses.TC001_RegisterTest.testRegisteration(TC001_RegisterTest.java:25)oggger - Providing customer details.....
06:26:24.512 [TestNG-tests-2] INFO  testClasses.TC001_RegisterTest.testRegisteration(TC001_RegisterTest.java:22)oggger - Clicked on Register link
06:26:24.513 [TestNG-tests-2] INFO  testClasses.TC001_RegisterTest.testRegisteration(TC001_RegisterTest.java:25)oggger - Providing customer details.....
06:26:27.798 [TestNG-tests-1] INFO  testClasses.TC001_RegisterTest.testRegisteration(TC001_RegisterTest.java:51)oggger - Validating expected message
06:26:27.832 [TestNG-tests-1] INFO  testClasses.TC001_RegisterTest.testRegisteration(TC001_RegisterTest.java:71)oggger - *******Finished testing**********
06:26:28.359 [TestNG-tests-2] INFO  testClasses.TC001_RegisterTest.testRegisteration(TC001_RegisterTest.java:51)oggger - Validating expected message
06:26:28.383 [TestNG-tests-2] INFO  testClasses.TC001_RegisterTest.testRegisteration(TC001_RegisterTest.java:71)oggger - *******Finished testing**********
06:26:32.104 [TestNG-tests-1] INFO  testClasses.TC002_LoginTest.testLogin(TC002_LoginTest.java:16)oggger - *****TC002_LoginTest execution started*******
06:26:33.656 [TestNG-tests-2] INFO  testClasses.TC002_LoginTest.testLogin(TC002_LoginTest.java:16)oggger - *****TC002_LoginTest execution started*******
06:26:43.548 [TestNG-tests-1] INFO  testClasses.TC002_LoginTest.testLogin(TC002_LoginTest.java:29)oggger - ******Validation*******
06:26:43.636 [TestNG-tests-1] INFO  testClasses.TC002_LoginTest.testLogin(TC002_LoginTest.java:41)oggger - ****Testing TC002_LoginTest completed *******
06:26:44.562 [TestNG-tests-2] INFO  testClasses.TC002_LoginTest.testLogin(TC002_LoginTest.java:29)oggger - ******Validation*******
06:26:44.589 [TestNG-tests-2] INFO  testClasses.TC002_LoginTest.testLogin(TC002_LoginTest.java:41)oggger - ****Testing TC002_LoginTest completed *******
06:29:21.747 [main] DEBUG org.testng.log4testng.Logger.debug(Logger.java:82)oggger - suiteXmlPath: "C:\Users\VedaB\eclipse-workspace\OpenCartV121\crossbrowsertesting.xml"
06:29:22.718 [main] INFO  org.testng.log4testng.Logger.info(Logger.java:112)oggger - [TestNG] Running:
  C:\Users\VedaB\eclipse-workspace\OpenCartV121\crossbrowsertesting.xml

06:29:29.603 [TestNG-tests-2] INFO  testClasses.TC001_RegisterTest.testRegisteration(TC001_RegisterTest.java:16)oggger - ******Testing TC001_RegisterTest*******
06:29:29.964 [TestNG-tests-1] INFO  testClasses.TC001_RegisterTest.testRegisteration(TC001_RegisterTest.java:16)oggger - ******Testing TC001_RegisterTest*******
06:29:30.051 [TestNG-tests-2] INFO  testClasses.TC001_RegisterTest.testRegisteration(TC001_RegisterTest.java:20)oggger - Clicked on My account link
06:29:30.256 [TestNG-tests-1] INFO  testClasses.TC001_RegisterTest.testRegisteration(TC001_RegisterTest.java:20)oggger - Clicked on My account link
06:29:30.860 [TestNG-tests-2] INFO  testClasses.TC001_RegisterTest.testRegisteration(TC001_RegisterTest.java:22)oggger - Clicked on Register link
06:29:30.878 [TestNG-tests-2] INFO  testClasses.TC001_RegisterTest.testRegisteration(TC001_RegisterTest.java:25)oggger - Providing customer details.....
06:29:31.188 [TestNG-tests-1] INFO  testClasses.TC001_RegisterTest.testRegisteration(TC001_RegisterTest.java:22)oggger - Clicked on Register link
06:29:31.189 [TestNG-tests-1] INFO  testClasses.TC001_RegisterTest.testRegisteration(TC001_RegisterTest.java:25)oggger - Providing customer details.....
06:29:33.495 [TestNG-tests-1] INFO  testClasses.TC001_RegisterTest.testRegisteration(TC001_RegisterTest.java:51)oggger - Validating expected message
06:29:35.021 [TestNG-tests-1] INFO  testClasses.TC001_RegisterTest.testRegisteration(TC001_RegisterTest.java:71)oggger - *******Finished testing**********
06:29:35.987 [TestNG-tests-2] INFO  testClasses.TC001_RegisterTest.testRegisteration(TC001_RegisterTest.java:51)oggger - Validating expected message
06:29:36.030 [TestNG-tests-2] INFO  testClasses.TC001_RegisterTest.testRegisteration(TC001_RegisterTest.java:71)oggger - *******Finished testing**********
06:29:41.633 [TestNG-tests-1] INFO  testClasses.TC002_LoginTest.testLogin(TC002_LoginTest.java:16)oggger - *****TC002_LoginTest execution started*******
06:29:44.536 [TestNG-tests-2] INFO  testClasses.TC002_LoginTest.testLogin(TC002_LoginTest.java:16)oggger - *****TC002_LoginTest execution started*******
06:29:52.207 [TestNG-tests-1] INFO  testClasses.TC002_LoginTest.testLogin(TC002_LoginTest.java:29)oggger - ******Validation*******
06:29:52.842 [TestNG-tests-1] INFO  testClasses.TC002_LoginTest.testLogin(TC002_LoginTest.java:41)oggger - ****Testing TC002_LoginTest completed *******
06:29:57.399 [TestNG-tests-2] INFO  testClasses.TC002_LoginTest.testLogin(TC002_LoginTest.java:29)oggger - ******Validation*******
06:29:57.517 [TestNG-tests-2] INFO  testClasses.TC002_LoginTest.testLogin(TC002_LoginTest.java:41)oggger - ****Testing TC002_LoginTest completed *******
06:30:20.815 [TestNG-tests-3] INFO  testClasses.TC002_LoginTest.testLogin(TC002_LoginTest.java:16)oggger - *****TC002_LoginTest execution started*******
06:30:35.208 [TestNG-tests-3] INFO  testClasses.TC002_LoginTest.testLogin(TC002_LoginTest.java:29)oggger - ******Validation*******
06:30:35.224 [TestNG-tests-3] INFO  testClasses.TC002_LoginTest.testLogin(TC002_LoginTest.java:41)oggger - ****Testing TC002_LoginTest completed *******
07:42:16.652 [main] DEBUG org.testng.log4testng.Logger.debug(Logger.java:82)oggger - suiteXmlPath: "C:\Users\VedaB\eclipse-workspace\OpenCartV121\crossbrowsertesting.xml"
07:42:17.657 [main] INFO  org.testng.log4testng.Logger.info(Logger.java:112)oggger - [TestNG] Running:
  C:\Users\VedaB\eclipse-workspace\OpenCartV121\crossbrowsertesting.xml

07:42:24.975 [TestNG-tests-2] INFO  testClasses.TC001_RegisterTest.testRegisteration(TC001_RegisterTest.java:16)oggger - ******Testing TC001_RegisterTest*******
07:42:26.008 [TestNG-tests-1] INFO  testClasses.TC001_RegisterTest.testRegisteration(TC001_RegisterTest.java:16)oggger - ******Testing TC001_RegisterTest*******
07:42:26.629 [TestNG-tests-1] INFO  testClasses.TC001_RegisterTest.testRegisteration(TC001_RegisterTest.java:20)oggger - Clicked on My account link
07:42:27.153 [TestNG-tests-2] INFO  testClasses.TC001_RegisterTest.testRegisteration(TC001_RegisterTest.java:20)oggger - Clicked on My account link
07:42:27.702 [TestNG-tests-1] INFO  testClasses.TC001_RegisterTest.testRegisteration(TC001_RegisterTest.java:22)oggger - Clicked on Register link
07:42:27.726 [TestNG-tests-1] INFO  testClasses.TC001_RegisterTest.testRegisteration(TC001_RegisterTest.java:25)oggger - Providing customer details.....
07:42:29.676 [TestNG-tests-2] INFO  testClasses.TC001_RegisterTest.testRegisteration(TC001_RegisterTest.java:22)oggger - Clicked on Register link
07:42:29.677 [TestNG-tests-2] INFO  testClasses.TC001_RegisterTest.testRegisteration(TC001_RegisterTest.java:25)oggger - Providing customer details.....
07:42:35.770 [TestNG-tests-3] INFO  testClasses.TC001_RegisterTest.testRegisteration(TC001_RegisterTest.java:16)oggger - ******Testing TC001_RegisterTest*******
07:42:36.145 [TestNG-tests-3] INFO  testClasses.TC001_RegisterTest.testRegisteration(TC001_RegisterTest.java:20)oggger - Clicked on My account link
07:42:36.688 [TestNG-tests-1] INFO  testClasses.TC001_RegisterTest.testRegisteration(TC001_RegisterTest.java:51)oggger - Validating expected message
07:42:36.724 [TestNG-tests-1] INFO  testClasses.TC001_RegisterTest.testRegisteration(TC001_RegisterTest.java:71)oggger - *******Finished testing**********
07:42:36.939 [TestNG-tests-3] INFO  testClasses.TC001_RegisterTest.testRegisteration(TC001_RegisterTest.java:22)oggger - Clicked on Register link
07:42:36.939 [TestNG-tests-3] INFO  testClasses.TC001_RegisterTest.testRegisteration(TC001_RegisterTest.java:25)oggger - Providing customer details.....
07:42:37.042 [TestNG-tests-2] INFO  testClasses.TC001_RegisterTest.testRegisteration(TC001_RegisterTest.java:51)oggger - Validating expected message
07:42:37.164 [TestNG-tests-2] INFO  testClasses.TC001_RegisterTest.testRegisteration(TC001_RegisterTest.java:71)oggger - *******Finished testing**********
07:42:40.597 [TestNG-tests-3] INFO  testClasses.TC001_RegisterTest.testRegisteration(TC001_RegisterTest.java:51)oggger - Validating expected message
07:42:40.657 [TestNG-tests-3] INFO  testClasses.TC001_RegisterTest.testRegisteration(TC001_RegisterTest.java:71)oggger - *******Finished testing**********
07:42:42.098 [TestNG-tests-2] INFO  testClasses.TC002_LoginTest.testLogin(TC002_LoginTest.java:16)oggger - *****TC002_LoginTest execution started*******
07:42:44.902 [TestNG-tests-1] INFO  testClasses.TC002_LoginTest.testLogin(TC002_LoginTest.java:16)oggger - *****TC002_LoginTest execution started*******
07:42:52.108 [TestNG-tests-3] INFO  testClasses.TC002_LoginTest.testLogin(TC002_LoginTest.java:16)oggger - *****TC002_LoginTest execution started*******
07:42:55.561 [TestNG-tests-1] INFO  testClasses.TC002_LoginTest.testLogin(TC002_LoginTest.java:29)oggger - ******Validation*******
07:42:55.604 [TestNG-tests-1] INFO  testClasses.TC002_LoginTest.testLogin(TC002_LoginTest.java:41)oggger - ****Testing TC002_LoginTest completed *******
07:42:57.214 [TestNG-tests-2] INFO  testClasses.TC002_LoginTest.testLogin(TC002_LoginTest.java:29)oggger - ******Validation*******
07:42:57.237 [TestNG-tests-2] INFO  testClasses.TC002_LoginTest.testLogin(TC002_LoginTest.java:41)oggger - ****Testing TC002_LoginTest completed *******
07:43:03.550 [TestNG-tests-3] INFO  testClasses.TC002_LoginTest.testLogin(TC002_LoginTest.java:29)oggger - ******Validation*******
07:43:03.577 [TestNG-tests-3] INFO  testClasses.TC002_LoginTest.testLogin(TC002_LoginTest.java:41)oggger - ****Testing TC002_LoginTest completed *******
10:02:40.087 [main] DEBUG org.testng.log4testng.Logger.debug(Logger.java:82)oggger - suiteXmlPath: "C:\Users\VedaB\eclipse-workspace\OpenCartV121\master.xml"
10:56:36.820 [main] DEBUG org.testng.log4testng.Logger.debug(Logger.java:82)oggger - suiteXmlPath: "C:\Users\VedaB\eclipse-workspace\OpenCartV121\master.xml"
10:56:37.984 [main] INFO  org.testng.log4testng.Logger.info(Logger.java:112)oggger - [TestNG] Running:
  C:\Users\VedaB\eclipse-workspace\OpenCartV121\master.xml

10:56:44.872 [main] INFO  testClasses.TC001_RegisterTest.testRegisteration(TC001_RegisterTest.java:16)oggger - ******Testing TC001_RegisterTest*******
10:56:45.001 [main] INFO  testClasses.TC001_RegisterTest.testRegisteration(TC001_RegisterTest.java:20)oggger - Clicked on My account link
10:56:45.638 [main] INFO  testClasses.TC001_RegisterTest.testRegisteration(TC001_RegisterTest.java:22)oggger - Clicked on Register link
10:56:45.647 [main] INFO  testClasses.TC001_RegisterTest.testRegisteration(TC001_RegisterTest.java:25)oggger - Providing customer details.....
10:56:48.843 [main] INFO  testClasses.TC001_RegisterTest.testRegisteration(TC001_RegisterTest.java:51)oggger - Validating expected message
10:56:48.867 [main] INFO  testClasses.TC001_RegisterTest.testRegisteration(TC001_RegisterTest.java:71)oggger - *******Finished testing**********
10:56:52.515 [main] INFO  testClasses.TC002_LoginTest.testLogin(TC002_LoginTest.java:16)oggger - *****TC002_LoginTest execution started*******
10:57:02.214 [main] INFO  testClasses.TC002_LoginTest.testLogin(TC002_LoginTest.java:29)oggger - ******Validation*******
10:57:02.285 [main] INFO  testClasses.TC002_LoginTest.testLogin(TC002_LoginTest.java:41)oggger - ****Testing TC002_LoginTest completed *******
11:05:45.712 [main] INFO  testClasses.TC002_LoginTest.testLogin(TC002_LoginTest.java:16)oggger - *****TC002_LoginTest execution started*******
11:05:45.761 [main] ERROR testClasses.TC002_LoginTest.testLogin(TC002_LoginTest.java:35)oggger - ****Error Logs****Cannot invoke "org.openqa.selenium.SearchContext.findElement(org.openqa.selenium.By)" because "this.searchContext" is null
11:05:45.762 [main] ERROR baseTest.BaseTest.captureBrowserConsoleLogs(BaseTest.java:206)oggger - Could not fetch browser logs: Cannot invoke "org.openqa.selenium.WebDriver.manage()" because the return value of "baseTest.BaseTest.getDriver()" is null
11:05:45.762 [main] INFO  testClasses.TC002_LoginTest.testLogin(TC002_LoginTest.java:41)oggger - ****Testing TC002_LoginTest completed *******
11:05:45.898 [main] INFO  testClasses.TC001_RegisterTest.testRegisteration(TC001_RegisterTest.java:16)oggger - ******Testing TC001_RegisterTest*******
11:05:45.903 [main] ERROR testClasses.TC001_RegisterTest.testRegisteration(TC001_RegisterTest.java:62)oggger - test failed
11:05:45.903 [main] DEBUG testClasses.TC001_RegisterTest.testRegisteration(TC001_RegisterTest.java:63)oggger - Debug logs....
11:05:45.904 [main] ERROR baseTest.BaseTest.captureBrowserConsoleLogs(BaseTest.java:206)oggger - Could not fetch browser logs: Cannot invoke "org.openqa.selenium.WebDriver.manage()" because the return value of "baseTest.BaseTest.getDriver()" is null
11:05:45.906 [main] INFO  testClasses.TC001_RegisterTest.testRegisteration(TC001_RegisterTest.java:71)oggger - *******Finished testing**********
11:07:41.124 [main] INFO  testClasses.TC002_LoginTest.testLogin(TC002_LoginTest.java:16)oggger - *****TC002_LoginTest execution started*******
11:07:50.851 [main] INFO  testClasses.TC002_LoginTest.testLogin(TC002_LoginTest.java:29)oggger - ******Validation*******
11:07:50.908 [main] INFO  testClasses.TC002_LoginTest.testLogin(TC002_LoginTest.java:41)oggger - ****Testing TC002_LoginTest completed *******
11:07:55.306 [main] INFO  testClasses.TC001_RegisterTest.testRegisteration(TC001_RegisterTest.java:16)oggger - ******Testing TC001_RegisterTest*******
11:07:55.394 [main] INFO  testClasses.TC001_RegisterTest.testRegisteration(TC001_RegisterTest.java:20)oggger - Clicked on My account link
11:07:56.012 [main] INFO  testClasses.TC001_RegisterTest.testRegisteration(TC001_RegisterTest.java:22)oggger - Clicked on Register link
11:07:56.023 [main] INFO  testClasses.TC001_RegisterTest.testRegisteration(TC001_RegisterTest.java:25)oggger - Providing customer details.....
11:07:58.825 [main] INFO  testClasses.TC001_RegisterTest.testRegisteration(TC001_RegisterTest.java:51)oggger - Validating expected message
11:07:58.841 [main] INFO  testClasses.TC001_RegisterTest.testRegisteration(TC001_RegisterTest.java:71)oggger - *******Finished testing**********
13:35:59.913 [main] INFO  testClasses.TC002_LoginTest.testLogin(TC002_LoginTest.java:16)oggger - *****TC002_LoginTest execution started*******
13:36:11.991 [main] INFO  testClasses.TC002_LoginTest.testLogin(TC002_LoginTest.java:29)oggger - ******Validation*******
13:36:12.026 [main] INFO  testClasses.TC002_LoginTest.testLogin(TC002_LoginTest.java:41)oggger - ****Testing TC002_LoginTest completed *******
13:36:15.844 [main] INFO  testClasses.TC001_RegisterTest.testRegisteration(TC001_RegisterTest.java:16)oggger - ******Testing TC001_RegisterTest*******
13:36:15.924 [main] INFO  testClasses.TC001_RegisterTest.testRegisteration(TC001_RegisterTest.java:20)oggger - Clicked on My account link
13:36:16.540 [main] INFO  testClasses.TC001_RegisterTest.testRegisteration(TC001_RegisterTest.java:22)oggger - Clicked on Register link
13:36:16.545 [main] INFO  testClasses.TC001_RegisterTest.testRegisteration(TC001_RegisterTest.java:25)oggger - Providing customer details.....
13:36:19.918 [main] INFO  testClasses.TC001_RegisterTest.testRegisteration(TC001_RegisterTest.java:51)oggger - Validating expected message
13:36:19.983 [main] INFO  testClasses.TC001_RegisterTest.testRegisteration(TC001_RegisterTest.java:71)oggger - *******Finished testing**********
13:40:34.211 [main] INFO  testClasses.TC002_LoginTest.testLogin(TC002_LoginTest.java:16)oggger - *****TC002_LoginTest execution started*******
13:40:43.993 [main] INFO  testClasses.TC002_LoginTest.testLogin(TC002_LoginTest.java:29)oggger - ******Validation*******
13:40:44.113 [main] INFO  testClasses.TC002_LoginTest.testLogin(TC002_LoginTest.java:41)oggger - ****Testing TC002_LoginTest completed *******
13:40:47.584 [main] INFO  testClasses.TC001_RegisterTest.testRegisteration(TC001_RegisterTest.java:16)oggger - ******Testing TC001_RegisterTest*******
13:40:47.678 [main] INFO  testClasses.TC001_RegisterTest.testRegisteration(TC001_RegisterTest.java:20)oggger - Clicked on My account link
13:40:48.311 [main] INFO  testClasses.TC001_RegisterTest.testRegisteration(TC001_RegisterTest.java:22)oggger - Clicked on Register link
13:40:48.341 [main] INFO  testClasses.TC001_RegisterTest.testRegisteration(TC001_RegisterTest.java:25)oggger - Providing customer details.....
13:40:51.381 [main] INFO  testClasses.TC001_RegisterTest.testRegisteration(TC001_RegisterTest.java:51)oggger - Validating expected message
13:40:51.396 [main] INFO  testClasses.TC001_RegisterTest.testRegisteration(TC001_RegisterTest.java:71)oggger - *******Finished testing**********
13:52:55.820 [main] INFO  testClasses.TC001_RegisterTest.testRegisteration(TC001_RegisterTest.java:16)oggger - ******Testing TC001_RegisterTest*******
13:52:55.938 [main] INFO  testClasses.TC001_RegisterTest.testRegisteration(TC001_RegisterTest.java:20)oggger - Clicked on My account link
13:52:56.570 [main] INFO  testClasses.TC001_RegisterTest.testRegisteration(TC001_RegisterTest.java:22)oggger - Clicked on Register link
13:52:56.573 [main] INFO  testClasses.TC001_RegisterTest.testRegisteration(TC001_RegisterTest.java:25)oggger - Providing customer details.....
13:52:59.711 [main] INFO  testClasses.TC001_RegisterTest.testRegisteration(TC001_RegisterTest.java:51)oggger - Validating expected message
13:52:59.734 [main] INFO  testClasses.TC001_RegisterTest.testRegisteration(TC001_RegisterTest.java:71)oggger - *******Finished testing**********
13:53:03.432 [main] INFO  testClasses.TC002_LoginTest.testLogin(TC002_LoginTest.java:16)oggger - *****TC002_LoginTest execution started*******
13:53:13.269 [main] INFO  testClasses.TC002_LoginTest.testLogin(TC002_LoginTest.java:29)oggger - ******Validation*******
13:53:13.391 [main] INFO  testClasses.TC002_LoginTest.testLogin(TC002_LoginTest.java:41)oggger - ****Testing TC002_LoginTest completed *******
13:54:03.289 [main] INFO  testClasses.TC002_LoginTest.testLogin(TC002_LoginTest.java:16)oggger - *****TC002_LoginTest execution started*******
13:54:13.078 [main] INFO  testClasses.TC002_LoginTest.testLogin(TC002_LoginTest.java:29)oggger - ******Validation*******
13:54:13.145 [main] INFO  testClasses.TC002_LoginTest.testLogin(TC002_LoginTest.java:41)oggger - ****Testing TC002_LoginTest completed *******
13:54:18.212 [main] INFO  testClasses.TC001_RegisterTest.testRegisteration(TC001_RegisterTest.java:16)oggger - ******Testing TC001_RegisterTest*******
13:54:18.284 [main] INFO  testClasses.TC001_RegisterTest.testRegisteration(TC001_RegisterTest.java:20)oggger - Clicked on My account link
13:54:18.891 [main] INFO  testClasses.TC001_RegisterTest.testRegisteration(TC001_RegisterTest.java:22)oggger - Clicked on Register link
13:54:18.895 [main] INFO  testClasses.TC001_RegisterTest.testRegisteration(TC001_RegisterTest.java:25)oggger - Providing customer details.....
13:54:21.691 [main] INFO  testClasses.TC001_RegisterTest.testRegisteration(TC001_RegisterTest.java:51)oggger - Validating expected message
13:54:21.711 [main] INFO  testClasses.TC001_RegisterTest.testRegisteration(TC001_RegisterTest.java:71)oggger - *******Finished testing**********
